,Avg Cell Entropy,Avg Stable Cell Entropy,Last Cell Entropy,Stable diag LR,Stable diag RL,Initial,Kind
0,0.0038602488483724983,0.0,0.0,0.0,0.0,00000000000000001100100000000000000100000000000100110000000000000000000000000000000000100000000000001000000000000000001000000100000000100000100000100001000000000000000000000000001000000010000000000000,ensemble
1,0.00431439577171044,0.0,0.0,0.0,0.0,00000000000000100000000000000000110010000000000010100000001000100001000000000100000010101000000000000000100000000000100000000000000000000000000000000000000000000001000000000000000000001000000010000100,ensemble
2,0.0061309834650622045,0.0,0.0,0.0,0.0,00000000000000000000000000000001000001000100000010000000010100010000001000000000000000000000000000010100010000000000000010000000000000000000110000000000000011001001101001001000000000000010001110001000,ensemble
3,0.0061309834650622045,0.0,0.0,0.0,0.0,10000000100000000000000000010000000010000001000000001000110001000000001000010000001010000000000000000010000000000001100000000000000100000011000010001000000000110010000000000000001000000000000010100000,ensemble
4,0.003860248848372499,0.0,0.0,0.0,0.0,00000000000000000000000000001000100100001000000000000000000000000000000000000100100000000010000010000000000000000100000100000000000000100000100000000100000000000000100000000010000000000000001100000000,ensemble
5,0.005875428203319186,0.0,0.0,0.0,0.0,,ergodic
6,0.17293311882004114,0.0,0.0,0.0,0.0,,complexity
