,Avg Cell Entropy,Avg Stable Cell Entropy,Last Cell Entropy,Stable diag LR,Stable diag RL,Initial,Kind
0,0.839997475241598,0.84,0.8750927867718321,0.973134998510342,0.9688811414744285,00000000000001000000001000010000000000001000100000000000000000000000000000001001000000000000001000010000010000000000000100000000000000000000001000000000001000000000001001000010000000000001000000100101,ensemble
1,0.8499992786404565,0.85,0.819107179827683,0.9739861842827096,0.97227172803293,00000000001000100000000000000000000000000010000000000000001000000000010000000110000000100001000000010000000000000000011100000000000000000000000000000000100100000100001000010000000000000000000000000100,ensemble
2,0.8899992786404566,0.89,0.6908938714350409,0.9784954405343173,0.9785838707391553,00000000000000000000100000010000000000000000000000000100000000000000000000001000000000000100100000000000000000000000100000000000000000000000001000000010000000000000000000000010000000000011000000000001,ensemble
3,0.8299985572809132,0.83,0.8812908992306927,0.958034114424997,0.9604155519997747,00010000000000100000000001100000000000100001100001000001010000000000000000000000000000000000000000000000000000010010000001000010000000000000010100000100010001000000000000000000000000100000000100000001,ensemble
4,0.8399989179606848,0.84,0.8341980958607492,0.9738688586824007,0.9740990779841634,00000000001000000000000000100000010000000000001000001000000000000000000001000000000100000010000000001000000000000000000000100100010100000000010000100000000100000000000000000000000000000000010001000000,ensemble
5,0.9639629341573659,0.9639997946316918,0.8267463724926178,0.9797699261043573,0.9771209188531117,,ergodic
6,0.11822470404856833,0.11825707356633508,0.00801915325909408,0.008436681507739685,0.006417470638517608,,complexity
