,Avg Cell Entropy,Avg Stable Cell Entropy,Last Cell Entropy,Stable diag LR,Stable diag RL,Initial,Kind
0,0.5150338311889553,0.5134552279990873,0.5148156530047155,0.49974602661267176,0.0,10000000000000000000001000000010000111010000000000000001000000000000010001100000001000100100000000100000000000100000000000000000010000110000000110000000000000000001010000000000000010010000000100000000,ensemble
1,0.3470759999146113,0.34006599777950725,0.34698128810061335,0.34084817095267117,0.0,10001000000000000000000000010000000000001000000000000100000000000000000000000000000000000000000100000000000000000000000000000000000000010001000000000000000000100000000000000000001000000100010100010000,ensemble
2,0.40235296326263564,0.40080571663983233,0.4021791902022729,0.3754544633219322,0.0,00000000000000010000000000000000000101001000000000000000011000000000000000000000000000000000100000000000001000100000001000000000001010000000010000000000000000000000000010000000010001100000000000000001,ensemble
3,0.40243984979281705,0.3991352412307836,0.4021791902022729,0.4022554351269297,0.0,00001100000100001000000000100001000000000000000000000000000000000000000000100000000000101000000010101000000001000000000000000100000000000000000000010000000001000000000000000000000010000100100000000000,ensemble
4,0.40226607673245424,0.3994090132890794,0.4021791902022729,0.369016536089886,0.0,00000000000000000000000000100000000000000000000010000000000000010001000000000100000000000001010000000000000000100000000000001000001000000000000100010010000010000000100000000000000000000000001100000000,ensemble
5,0.4162907357512513,0.4156781936507345,0.41611895125187054,0.4160744864034053,0.11217776536919645,,ergodic
6,0.005902104855931123,0.01227861923246576,0.005892663388831987,0.04472843346742339,1.0,,complexity
