,Avg Cell Entropy,Avg Stable Cell Entropy,Last Cell Entropy,Stable diag LR,Stable diag RL,Initial,Kind
0,0.0012620782822970527,0.0,0.4364698170641029,0.42502322829848344,0.4250232282984835,00000101000000000000000100000100000000001001000000010100000010000000000000000000000000001000010000000000001000000000000000000000100000000000000100000000000000001001000001001000000010000000000000010000,ensemble
1,0.0008581126028174969,0.0,0.4021791902022729,0.387657877663284,0.387657877663284,00000000100001000001001000000000000000001001100100000000000010000000000000000000000000000001000000000000000000000000000000010000000000000000000100101001000010000010000000000000000000000000000100000000,ensemble
2,0.00459416620585027,0.0,0.4529425481872832,0.46540269442062865,0.46540269442062865,00010000010010000000001110000000100100000000000000000000000000000000000100100001100000000001000000000010001011000000000000000000000000000000001100000000000010010000001000000000100001000000101010110000,ensemble
3,0.0008581126028174969,0.0,0.4529425481872832,0.3864350235755469,0.3864350235755469,00000000000000000000100000000000100011000001000000000000001000000000000000000000010000000010000010000010001000000010001001000000000000000000000000000100100000010000000000100000000100010100000000000000,ensemble
4,0.002170372128972935,0.0,0.41955649623854696,0.4334420928987294,0.4334420928987294,00010100000000000100000100100000000000001100110000000000001100000010000000000000000000000000000001000000010100000000000000000000100000000001000000000000000000010000010000000000010000000000100000001100,ensemble
5,0.2849437975065598,0.28329985758019893,0.43312311020240934,0.4333894133077203,0.43015705711425806,,ergodic
6,0.9931615694687785,1.0,0.0007041652115238328,0.03183564137176875,0.024560503119020916,,complexity
