,Avg Cell Entropy,Avg Stable Cell Entropy,Last Cell Entropy,Stable diag LR,Stable diag RL,Initial,Kind
0,0.9973214313043536,0.9939985466894984,0.9974015885677396,0.9704541165496204,0.9855237739000021,00000001000000000100000000000000000000101100000100000000000001000100000001000000000000000001000000000000000000011000000000000000000101000000000000000000000000000001001100010000000000000000000000000010,ensemble
1,0.9968152396904583,0.9939043223700438,0.9895875212220557,0.9661819343186071,0.9857075538472708,00001000010010000000000000000010100000101000000000000000000000100001000010000100000000000001010010000100000000000000000000000000000000001100000000000010100000010000000010000000000000000010000000000000,ensemble
2,0.9974143188689518,0.9953760917766704,0.9895875212220557,0.968990290286529,0.9833201165674231,00110000010000000000000000000000000000000000000000000000000010000000000000000001100000000000010000000000000000010001000000000000000001000000000000000000000000000000000000000011000000000000000000000000,ensemble
3,0.9959471634219949,0.9891118253043071,0.9988455359952018,0.9699421575942327,0.9868806863595003,00000000000000010001100000100000100000000001000000001000100000000010100010000000000000101010000000000000000000000000000000001001000000000000001000000000000000100000000000100000000000000001000000001000,ensemble
4,0.9969805265684044,0.991991277407162,0.9999278640456615,0.9555179548231838,0.9824988810926437,00100110100000000000000000000000000000010000000000000000000010000100000000000010000000010000010000000000100000001001000000000000000010110000001000010000000000100000000010000000001000000000110000100100,ensemble
5,0.9994060531020645,0.9988221164279804,0.9995123141215678,0.9821218160144749,0.9928451720747978,,ergodic
6,0.002511809012403221,0.0059527153240331865,0.004444475418923677,0.01619404542359315,0.008117045787298882,,complexity
