,Avg Cell Entropy,Avg Stable Cell Entropy,Last Cell Entropy,Stable diag LR,Stable diag RL,Initial,Kind
0,0.9712362856743607,0.9817185875479905,0.9988455359952018,0.9613271285035521,0.9573330087096129,01000000000000000000000001000000100010000000000000100100000000000000000000001001000000000100010100000000000000100000000000000000000000000000000000000001000000000000000100000100000010011000101000000010,ensemble
1,0.9593484290917893,0.9757030612276724,0.9997114417528099,0.9548268147921002,0.9489861475113653,00000000011100100100000000000000000000100000000000000000000000000000000000000000000010010000000000000000000010010001100000000000000000011001000000000000000100100000000000000100000000000000000010000000,ensemble
2,0.976080708543402,0.9822704787801783,0.9953784388202258,0.965803113552302,0.9579801520961503,00000100000000010010000110010000100110010000101100000000000000000010000000001000000000001000000010000000101001000000000000000000010000000000100000000000000000000000010010000000000000100000000010000000,ensemble
3,0.9510807364036137,0.9709565873987781,0.9953784388202258,0.9542249319010233,0.9548982752299701,00000000000001000000000000100000000000000000000000000000000000001000000001001000000000000000000000000010000000010000000000001001000000001000000000000000000000000000000000000100000001100010000000000000,ensemble
4,0.9475401751359359,0.9680047246219365,0.9895875212220557,0.9554455671575055,0.931700664602055,00000000000000000100000000100000001010000000000000000010001000010010000000000000000000000000000010000000000000001000000000000000001000000000000010001000000000000000000000000000000001000000000010000010,ensemble
5,0.9797380790639444,0.9905212395092394,0.9986030202378096,0.9765043148298698,0.9714611923416049,,ergodic
6,0.01906714916293939,0.014932089291953332,0.002826693749667819,0.01861620411963083,0.021906734802732752,,complexity
