,Avg Cell Entropy,Avg Stable Cell Entropy,Last Cell Entropy,Stable diag LR,Stable diag RL,Initial,Kind
0,0.996932176047757,0.9966986798130943,0.9506720926870659,0.9880307878518014,0.9678179400161934,01000000000000000001000100010000001000000001100010001000000000011000000000000000100000001000001000010000000000100100001000000000000000000000000000010001000100000000100000000000000000000000000000100000,ensemble
1,0.9965478399969347,0.9960478368355049,0.9149263727797274,0.9874858347738463,0.9805756797268548,00010000100110000000100001000010000000000000000000000000001000000000000000000000000000011000100000000000100000000000100000010000100000000000000000000001000100000000000000000100000000000100011000000000,ensemble
2,0.9953560543642814,0.9947250875017538,0.8988610370442902,0.9878027233001366,0.9778566618648601,00100000110000000000001000001000000001110100001000001000000010000001000000000000000000000000110000000000000000000000000010000000000000000001000000000000000111000000000100000000001000001000000000000000,ensemble
3,0.996944730988954,0.9966436927727687,0.8554508105601307,0.9806936588008893,0.979444945031304,10100000000000001000000000110000100000000000000000000000000000000000000000000000100100000000000000000000001000000000000000000000010000000001000001100100000000010000000000111010000000100000000000000000,ensemble
4,0.9965898742249192,0.9962710683219299,0.904381457724494,0.9878665492789956,0.9834021119274656,00101010000000000001000100000000000000000000001000000111100010000000000001000010100000000100000001000000000000000000000000000100000000000100000000010110000000001000000000000000010000000000000010000000,ensemble
5,0.9966109436679332,0.9964085637920244,0.9076140601356765,0.9929329749551422,0.9870779423368209,,ergodic
6,0.0001372737719099737,0.00033248484111103593,0.0030362089984842244,0.006603732899800763,0.0093796793813129,,complexity
