,Avg Cell Entropy,Avg Stable Cell Entropy,Last Cell Entropy,Stable diag LR,Stable diag RL,Initial,Kind
0,0.004541469233379411,0.0,0.14144054254182067,0.11607778532958386,0.11607778532958386,00100000000100000000000000000000010100011000000100010000000000000000001000000010000000000000000100010000001000010000000000010000100000001000000000000000000000110000000000010000000100000000010001000000,ensemble
1,0.0056148950905147935,0.0,0.0,0.0,0.0,00000001000000010000001000000000000001000001000000000000000000000000000000000000000000000001000001000100000100001101000000001000000000001000010010000001000000000100000000001000100000000000000000000000,ensemble
2,0.005449763080055292,0.0,0.0,0.0,0.0,00001000101000100010000000000000000001000100100000000000000000000000000000000000010100000000000000000100000000000001001000000000000000010000000101001001000000000010000000010000000000000000000010000000,ensemble
3,0.005626655297865876,0.0,0.0,0.0,0.0,00000000000100000000000000000010000000000000100100000100000001000000000000010001000000000100000001001000000000000000000000000000000000000010001000000010100100100010000000000000000000000000000010101000,ensemble
4,0.007216169529548672,0.0,0.14144054254182067,0.15217357650853783,0.15217357650853783,00000010000100011000000000000000000100000101000100101000000000000001010100000000000001001000010000010000001001000000000000010000000000000001000000000000000000000100010100010000010011000100000000001000,ensemble
5,0.03565398463633349,0.028877123795494494,0.06722154475830686,0.08045454790364563,0.07901828147174375,,ergodic
6,0.8404164217742277,1.0,0.1583618433621774,0.3331604767467311,0.32103974715257244,,complexity
