,Avg Cell Entropy,Avg Stable Cell Entropy,Last Cell Entropy,Stable diag LR,Stable diag RL,Initial,Kind
0,0.9896637681850078,0.9882437793177072,0.9964625048848765,0.9642753808763243,0.9709214610106582,00000001000000000000000000000000000001000010000000000010000000000000000100000000000000010000000000000000000100000000100000000000000000000000001000010000001000000100001000000000000000000000000000000000,ensemble
1,0.9951177190847943,0.9927499692528108,0.99819587904281,0.9683692398040071,0.9635267210398148,00010100000000000000000000000000000000000000000101001001110000000100011000000000111000110000000000000000001000000000000000000000000000000000000000000100000000100001000000000000001000000000001100000000,ensemble
2,0.9953373899862902,0.9919044603783184,0.9988455359952018,0.9700912066953877,0.9646073801626461,00000000000000000000000000000000001000000100000000010001010000000000010000000000101000010010001100000100000000000000000000100010010000001000100010001100000010000000000100000100000000000010000001000000,ensemble
3,0.9920945160666506,0.9901971476305996,0.9927744539878084,0.964846487121331,0.962112008516065,01000000000000000100000000010000000000000000100001000000000001000000000000000000010000000000100000000001010000000000100000101000000101000000000000010000000000000000000000011000000000000000100000000100,ensemble
4,0.994361659910752,0.991234297416392,0.9895875212220557,0.9777403173548329,0.9756357439108593,00000000000000000000100001000000001000000000000000000000100000000000000001000010000000100000000000000000000000000010000000011000000000000000000000000000000000001000000100000000010000000010000000011110,ensemble
5,0.9979900633264349,0.997883581576871,1.0,0.986678482943725,0.9851397040632897,,ergodic
6,0.004684468164095179,0.007032534563416792,0.004826820973449442,0.017851769221517655,0.018047228288485262,,complexity
