,Avg Cell Entropy,Avg Stable Cell Entropy,Last Cell Entropy,Stable diag LR,Stable diag RL,Initial,Kind
0,0.4782304601929047,0.484546738767105,0.499915958164528,0.4525989428595182,0.04758161210839644,00000000000101000000100010110000000000000000000000000000000000000000000000000000000000000010000100000000000000000000000000000000100100100000000000000000000000010001000100000000000100000000000000010000,ensemble
1,0.5077320798908136,0.512136835151315,0.5709929600768897,0.5041872436213192,0.13495287085599017,00000000010000000000000000000000000000100000000000000000000000100000100000010000000000000000000000000000000000000000000000010000100000000000000000001000000000000000000000000000000000110000000010011011,ensemble
2,0.4999159581645279,0.4954474911693758,0.499915958164528,0.47222263689826455,0.0,00000000000000000000000000000000000000010100001000100100000000001001000001000000000001000000000000001000000001000000001010000100100000100000100010000000000000000000000000000000000100100000010000100000,ensemble
3,0.4999159581645279,0.4971115334565581,0.499915958164528,0.4653265538160567,0.0,00000000001000000000000000100000000001000010000000000000010000010000000100001000000000000000000000000000000000000010100000010100000000100000000000000000000100010000001000000000001001000001000100000101,ensemble
4,0.7227231263389434,0.7569743396971524,0.8112781244591328,0.7069339729298518,0.3568693200356821,01000100000100011001000000000000000010000000000000000000001000000100001000001001000000000000000000000000000000110100000001000010100000000000000001000101000000000100000100001000010000000000000000000000,ensemble
5,0.5514582307823851,0.5756367061909566,0.5920419387483651,0.5528230398550172,0.2913983061959374,,ergodic
6,0.017688944851184774,0.04585065243198694,0.02641391752669464,0.05891427723156539,0.6297824719424612,,complexity
