,Avg Cell Entropy,Avg Stable Cell Entropy,Last Cell Entropy,Stable diag LR,Stable diag RL,Initial,Kind
0,0.9542104833018173,0.952312048216505,0.9384543826025638,0.8497549636850258,0.9256860207404914,00010100100000000000000000000000000000000000000100000010001000011000000000000011001100000000000100000000100100000001000000000000000010000000000000110000000001000000000100000000000000010000000000100100,ensemble
1,0.9577125856429052,0.9537073947901853,0.9295231861792264,0.8513983543452357,0.93727356532334,00000001000000001000000010000000000000000000001000000000000000000010000010010100000000100000000000000000001000000000000000000000100000000000000001000000000000000000001000000100001010000000000010000000,ensemble
2,0.9521828852229823,0.943547800465812,0.99819587904281,0.8568719694699765,0.9290516417306294,00010000000110000000001010000000000000000000000001000000000000100000000000000000000000000001000010000000000000001000000000000000000000000011000000100001000000000010011000010000000000001101010000010000,ensemble
3,0.9536291116677876,0.9514910650154004,0.9912540071703689,0.85146632012424,0.9341858675409364,00000000000000000000010000011000000000000000000000000001000010000101000110000000000000000000001110000001000100100000000010000000000000000000011100000000010000001000010000001000000100000100000010000101,ensemble
4,0.9487325229683016,0.9416633351222903,0.92481870497303,0.8694491198566344,0.9294349286209543,00000000010000000000000001000100000000010000000010010000010000100000000000100001000000000100000000000011000000010000000000000100101000000000000000000000010000000000000000000000001000001100000000000000,ensemble
5,0.9556744754089255,0.9523548999723093,0.9660780975952254,0.9012845200989152,0.9415142626551232,,ergodic
6,0.002491389808384037,0.00400120926597991,0.009966963981063115,0.0504794807722867,0.01103313914178905,,complexity
