,Avg Cell Entropy,Avg Stable Cell Entropy,Last Cell Entropy,Stable diag LR,Stable diag RL,Initial,Kind
0,0.01,0.01,0.5148156530047155,0.47584818176064314,0.47573726258097343,00000010001100101000001100000001000000000010010000000000000000010100000001000000000000000000000000000001000000000000100100000000000010000010000000000000000100000000000100000000000000000000000100000000,ensemble
1,0.01,0.01,0.4529425481872832,0.4684426045146029,0.46794628919435033,01010000000000010000100000000010000000000000000000000100000000000000100000000000000000001000000100000101000000000100000010000000000010000000000000000000000000000000000000000001000000000000000001000100,ensemble
2,0.005,0.005,0.499915958164528,0.5063793033562155,0.5063691129051466,00001000010000100000000000100000000000000100000100000100000000000000000101000010000000100100000000000000100000000000000000000001000000000001000000000000000010000000100001000000000000001000000000100100,ensemble
3,0.020631039141148527,0.02,0.5709929600768897,0.5606824637106531,0.5614961879890409,00100000010000000000001000100000000000100000000010000000000000000011000000000000110000000000000000000000000000000000000010000010011011100001000000100000000000000010000000001010000101000000000010100000,ensemble
4,0.01,0.01,0.48464773973144537,0.5037243738862092,0.5042893362459809,00000000100000000100100001001000010000000000000000000010000000000000000100000000000000000000010000000000001000010011000000000000000000000000000000000000000110000000000000001000000000000000010011101000,ensemble
5,0.3414268798015723,0.34126577065620756,0.5059192440727414,0.46243662638299415,0.5266016599100444,,ergodic
6,0.9674126189634046,0.9677670573909346,0.0024831477641685806,-0.08774988127575978,0.044500471439738676,,complexity
