,Avg Cell Entropy,Avg Stable Cell Entropy,Last Cell Entropy,Stable diag LR,Stable diag RL,Initial,Kind
0,0.7665599347187211,0.7422535101843307,0.9679505356936394,0.9465335576392071,0.9447567065749966,00000000000000010000000000000100000000000001000000000000000000000000001000100000100000010000000000010100000010000000000000000000000000000010000000000000000000000000000100000001000000000100000100000101,ensemble
1,0.6994147782670052,0.6618221496204927,0.9295231861792264,0.9553797758238999,0.9600760959794242,10000000010000000000010000000000000001000000100010000000000101000000000010000100000000000000000000001000000000001000000000000000000000000000000011100000000000100000000010110000010001000010000000000000,ensemble
2,0.6113238371963763,0.5666363376900031,0.9506720926870659,0.9666569450492186,0.9675523902712886,00100001001000100100100000100000000000000100000000000000000000000001000000000000000000000000000000000000010000100000000000000000000000010110010010000000000000000000010000000000010000000010010000000000,ensemble
3,0.7104587560159321,0.6364955706757099,0.9974015885677396,0.9660840556054372,0.967177770380403,00000001100000000100011000001000000000000000000100000010000110000100000100000000000000000000000000000000000100000000000000000000001000010000000000000000100000000000000000000000000000010000100000000000,ensemble
4,0.7152479159969402,0.676102608389916,0.9149263727797274,0.9522417205523637,0.9485673359435262,00100000000000000000000000010000000000001000000000000000000000000001000000001001000100000000000000000000000110000000000000000000000100000000000001000000000000000001000000000000000000000000000000000101,ensemble
5,0.9295390220550669,0.9223451981170574,0.9594423211075276,0.965500282970296,0.9615754354050045,,ergodic
6,0.24629194921793118,0.28805176559421775,0.007658163252133976,0.008411258059176308,0.004107192664934534,,complexity
