,Avg Cell Entropy,Avg Stable Cell Entropy,Last Cell Entropy,Stable diag LR,Stable diag RL,Initial,Kind
0,0.9999960325225112,0.9999711441752811,0.5293608652873644,0.9921952426870889,0.9734064206913288,01100000000000000000000000000000000000000000000000000000000000000001000010010000000000000000101000000110000000000000001000000001000000000000000000000100000000000000100000001000000000000000000000000000,ensemble
1,0.9999945898034247,0.9999509450979777,0.7014714598838974,0.9921952426870889,0.9812980332661032,00000000001000000000011000000000000000001000000000100000000001010100010011001100000000010000000000000000000001000000000000001000001000000000000001100000001000000000010000010000000000000000000100000000,ensemble
2,0.9999235352390585,0.9998210869562609,0.6908938714350409,0.9921952426870889,0.9829824343901589,00000010001000000001001000000000000100000000100000000001000000000000000000000000000000000100000000000000000101010001010010000100000000000000011001000000000000001000100000000000000000000000000000000000,ensemble
3,0.9999935077641094,0.9998614851108676,0.6800770457282799,0.9921952426870889,0.972879683297207,00000000000000000000000000000000000001010000000000000000000010000000000101000101100000000000000000000001110000000010000000000000000001100000100000000000100000000000000100001010000000000000100010000001,ensemble
4,0.9999931470843378,0.9999538306804496,0.6800770457282799,0.9921952426870889,0.9730665148928319,00000010000000000000000110000000000001001010000000000000000000000000000000000000000000000000000000000001000000000000100110000000000100000000100000000000000001000001010000000000001001000000100100000001,ensemble
5,0.9999959171635028,0.9999870733533274,0.6599872509666215,0.9966524031972449,0.9848344694460873,,ergodic
6,1.5754745138596427e-05,7.537592351791744e-05,0.005471610775450442,0.004472131402941892,0.008232705485137548,,complexity
