,Avg Cell Entropy,Avg Stable Cell Entropy,Last Cell Entropy,Stable diag LR,Stable diag RL,Initial,Kind
0,0.9582876991395451,0.9317775715572242,0.9790514648094594,0.970506040663624,0.9577541364122767,00000000000000010000100001100000000000000000010000000001000000010000001000010001000100000101000000000000010000011000001000000000001000000000010000000000001000100101000000001000000000001001010010000000,ensemble
1,0.9692041460894885,0.9437041747702153,0.9679505356936394,0.9685996219559374,0.9601143395749546,00000010000000000000001001000000101000000000000000000000000000000010001000000000000010000100000000000000000000000000000000010010000100000000000001010000000010100001000000000101010000100000000001000000,ensemble
2,0.964087863207003,0.9493242457841233,0.9709505944546686,0.9672528909622049,0.9521853409325338,00100000000000100000000011001001000010010001000001000000000000000010001100000000010000000000000000000000001100000000000000000000000000000000000000000100000000000000000001000001000000000001100000001000,ensemble
3,0.9660669274279664,0.9398272349347675,0.9765004687578241,0.9737882679748723,0.9646404611288608,00000000000000000001000000001000001000001100000000010010000000000000000000000010000000001000000101000000000010001000000100000010000001000001000000000101010000000000000000000000100110000000100000100100,ensemble
4,0.969460236675396,0.9469855390582933,0.9912540071703689,0.9672433403796069,0.959222365705094,00000000000001000000000000000001000000000010000000000000000000000001000000000000000000000100000000100000000000000000000000000010001000000000001000001000000000000000001000000000000000000000000010000000,ensemble
5,0.9864605684748353,0.9749518277425102,0.9780489236102555,0.9789814382550871,0.9730307988304664,,ergodic
6,0.02132796245417501,0.03346634530357806,0.0009278773394214568,0.009707442344133232,0.014642362910657236,,complexity
