,Avg Cell Entropy,Avg Stable Cell Entropy,Last Cell Entropy,Stable diag LR,Stable diag RL,Initial,Kind
0,0.9911769662956506,0.9751300932401966,0.7601675029619657,0.8819603172039823,0.982232211050601,00011001001000001000000000010110000000001000000000000000000000000000000000001000000000001000000000000000000000000000000000000000001100000100000000000100010000000000000100000000000000000000000000000000,ensemble
1,0.9930166496564833,0.9904429770049635,0.7219280948873623,0.9019337239960695,0.978238463067581,00000001000000000000100000000000000000000000000001000000000000000000000000000000000000000000100000000000000000010000000000010000000000000000000000000000000000000000010000000000100000000000001000100000,ensemble
2,0.9776709343966117,0.9722473394554418,0.862174529941225,0.8654019911032782,0.9759422394499373,00000000000000000000000000100000000000000000000000000100010010000000100000100000000000100000000000001000101010000000000000001000000000000100000000001000000000000000000010000001001000000100100100000000,ensemble
3,0.971695745443445,0.9679168834591905,0.8812908992306927,0.8754561705158838,0.9801622024494641,00000000000000000000000000100101000000000000000000000001000000000000000100010010100000010000100000000001000000000000000001000000000100000000010000000000001000000000000000000001100000010000010000000000,ensemble
4,0.9885359886808394,0.9830711937707355,0.7950402793845223,0.8752116267354343,0.9757946054721601,00010000000011000000000000000000000000000000100000000000110000000000000000000000000100000000010000000000000010000000000000000000000000000001000000001000000010000000000000000000000000000001000001000000,ensemble
5,0.9904658750963565,0.9896793559175988,0.8096893113439169,0.9290724800652514,0.9845358651286409,,ergodic
6,0.00610482234045906,0.012041939098995869,0.006878008619775167,0.052826571884762696,0.006157135606126518,,complexity
