,Avg Cell Entropy,Avg Stable Cell Entropy,Last Cell Entropy,Stable diag LR,Stable diag RL,Initial,Kind
0,0.4999159581645279,0.4976214392730439,0.499915958164528,0.0,0.4872472801337696,00000000100000000010100010001000000000000000010000000100000000000000000000000100000010000000010001000000000010100000001000000000000000000000000000000000000000011000100000000001000011010000000001000000,ensemble
1,0.38431154412649704,0.3834008045367858,0.38431154412649704,0.0,0.3832339362978154,00010000100000000100000000000000000000000100000000000000000100000000000000000000000000100001000100000000000010000000000000000010001000001000000000000000000010000000000000000000000001001000000000000000,ensemble
2,0.4529425481872832,0.4496115798964641,0.4529425481872832,0.0,0.4447476798159639,00000001100000101000000000000000000000000000000000000000000000000000101000000000010000000000000000010000000011000101000000000100000000000001100001000000000000000000010000000010000000000001000000000000,ensemble
3,0.4529425481872832,0.45059265895708805,0.4529425481872832,0.0,0.43977597165865945,00100000000000000000000000000000000000101000001000000000000000000000100000000000100000000000000000001000100010000100000000000100010000000000000000000000010010000000010000101000000000000000000001001000,ensemble
4,0.38431154412649704,0.38350696691633884,0.38431154412649704,0.0,0.33668981287240163,00000000000000000101000000000000000001000000011000000000001000000010000000000001000000000000000000000000000001000000000000010010000000000001000000000000000010010000000000000000000010000000000000000000,ensemble
5,0.43646981706410304,0.4360699566222007,0.4364698170641029,0.11147533400985997,0.4216331390839771,,ergodic
6,0.0036313816986170977,0.007162306549273523,0.0036313816986168757,1.0,0.007812960184799378,,complexity
