,Avg Cell Entropy,Avg Stable Cell Entropy,Last Cell Entropy,Stable diag LR,Stable diag RL,Initial,Kind
0,0.9999917043652511,0.9999451739330338,0.7414827399312737,0.9514188605097579,0.9921952426870889,00000000000000010000011010100000000000001010010100000000000000000000000100000000000000011000000000010010100000000000000000000100000100000000000000000000010000000010000000000000100000001000000100010000,ensemble
1,0.9999935077641094,0.9999538306804496,0.6800770457282799,0.9691747568638783,0.9921952426870889,00100000000000001000010000000000000000000000000000010000000000000000010000000000000010010000001000010000000000000010000000000000000000001000000001000000000000100000000011001000000100000000100000000100,ensemble
2,0.9999938684438813,0.9999567162629215,0.6098403047164004,0.9790721365414732,0.9921952426870889,00001000000100000100100001000000000000000000000000000000000000100000000000000000100100000000000000000001000000001000000000010000000000000000001000000000000000000000010000000000000000000000001000001000,ensemble
3,0.9999935077641094,0.9999538306804496,0.6800770457282799,0.9765754070514028,0.9921952426870889,10000000000000000000100000101000000000000000000000000000000000000000010000000000001000001000000010000001000000100000000000010000001000000010000000000101000000000000000000000000000000010000010000010000,ensemble
4,0.9999942291236529,0.9999538306804496,0.6343095546405662,0.9812626179260926,0.9921952426870889,00000000000000000000001000000000000000000000010000001000000000000000000000010000100001000000000100000000000000100000000001000010000000000000001000000010000010000000000000000010001010000000000000000000,ensemble
5,0.9999981822007282,0.9999896125126037,0.6712478853829508,0.9798888570288734,0.9966513712093431,,ergodic
6,4.818717286969587e-06,3.693644881974656e-05,0.0031144190983902753,0.008560257819224537,0.004471100578376741,,complexity
