,Avg Cell Entropy,Avg Stable Cell Entropy,Last Cell Entropy,Stable diag LR,Stable diag RL,Initial,Kind
0,0.9997157567018319,0.9992322733067948,0.9993506898146105,0.0,0.643478479406042,00010000000000000000000000010000000000000000000000010000000000001000000001010000000000000000000010000001000000000000010000010000000000000000000001001000001000000000000000000000000001010000010001000000,ensemble
1,0.9979854954835116,0.9963668129458836,0.9964625048848765,0.0,0.8594212116688363,00001000000000100000100100000010000000000000000000000100000001100001010000000000000000001000100100000000000000000000001100000000000000000000000000001000001000000001000000000000100000000000000000010000,ensemble
2,0.9977501259834805,0.9958099283376286,0.9964625048848765,0.0,0.9080614164606479,00000110000000000000010100000000000010001000001000000000000000000000000000010001000000000001000000000000010000000000000000000010010010000000100000000000000100000010100000010110001001000010110000000000,ensemble
3,0.9981988358217925,0.996332011823735,0.9964625048848765,0.0,0.9189479482073443,00010000100100000000000010000000000001000000000000000000001000010000100000000000000000000000000000000001001000000000010000000000001000000000000000000000000010000000000000010000001000000000000000000000,ensemble
4,0.9995779335732263,0.9986490018274514,0.9988455359952018,0.0,0.9059337133965081,00000100000000000000000010100100001000000000000000000000000001000000000000000010000000000000000000000000000000100001000001000000000000000000010000000000000000000100000000000000001100000000000000000000,ensemble
5,0.9990908881024747,0.9977069147705038,0.9977366703420346,0.4261191624670507,0.9495243131111146,,ergodic
6,0.0004456637479216541,0.00042989490786859985,0.00022042113483788928,1.0,0.10779688089067507,,complexity
