,Avg Cell Entropy,Avg Stable Cell Entropy,Last Cell Entropy,Stable diag LR,Stable diag RL,Initial,Kind
0,0.9954477399524359,0.9949079163182369,0.4021791902022729,0.9788831702967932,0.9845744590037646,00100000000000000000001000010000000000000000000000000000000000001000000100000000000000101010000000000110000000000000000011000000000001000000000000000000000000100000010000000000000010000000110000001000,ensemble
1,0.9927413400822741,0.9919711935062362,0.4689955935892812,0.972159421982109,0.9824818565878176,10000000000000000100010010000010000000000000000001001000000000000100000100010100000000000000000000000000000010000000000000000000000000000000001000010100000001011000001000000000001000000001000000000000,ensemble
2,0.9903371334570295,0.9897357910050966,0.5435644431995964,0.9609568953246134,0.9827459491698061,00111101000000000000000011000010001000000000000101000000000000000001010000001000000000000000000000000000000000000000010001010000000001000000110000100000000001000000100000000100000001001010000000000001,ensemble
3,0.9955854386124227,0.9946526447094632,0.38431154412649704,0.9786772596326133,0.9869394135679895,00100000000011000000000000000000000000000000000000000000000000000000000001000000000000001000000001000000000000001001000000000000000000000000000011000000000010000110000100000001001100000000100010000000,ensemble
4,0.9981191640817977,0.9979470631197241,0.28639695711595625,0.9888116610441028,0.9896945814174828,00000000000100101000000000000000000000000000000000000000000001000001000000000000000000000000000000000000000000000000000000010000000100000000000000000100000000000000000000000110100000000000000000000000,ensemble
5,0.9949121402636439,0.9946757605917677,0.4229754912346309,0.9901799873702433,0.9913699210570159,,ergodic
6,0.0004683599763176671,0.0008372968287884142,0.013915571256219894,0.014423949076297071,0.0061356199925436394,,complexity
