,Avg Cell Entropy,Avg Stable Cell Entropy,Last Cell Entropy,Stable diag LR,Stable diag RL,Initial,Kind
0,0.6335797465966868,0.6237980928939884,0.6343095546405662,0.0,0.6163105876871922,00010000000000000000000010000000000000100000100001100000000000010100001000100010000001000000000000000000000001000000000000000000000000000000000000001000000000000000000000000000100000010000000100000010,ensemble
1,0.43595591311370663,0.43380137448380574,0.4364698170641029,0.0,0.43781972661630675,01000000000000000000000000000000000000010000010000100000000000000000000000000000000000000000000000000001000000000000000000000010000000000000000000101000000000000000000000010000000000000000010000000000,ensemble
2,0.5567444979365694,0.5372138004309006,0.5574381850279891,0.0,0.5631800974306049,11000000000000000000000000000011000100000000000110000100000000100000000001000001000010000000010000001000000000000000000000000000000100000000000000000000000000000000000000000000000000000000000100000000,ensemble
3,0.6573991101638993,0.6556266859022256,0.6577047787442195,0.0,0.6580235320399102,00000000100000000000001000000000000000000101000000001000000000000100100000000000000000000000010100000000100000010001000000010000001000000000000100000000000000000000001010100001000000000000100000000010,ensemble
4,0.6794613990694569,0.6706658944064494,0.6800770457282799,0.0,0.6487302384422688,00100000000000010000000000000100101001000000000000000001000000100000000000000000010000000001000000000000000000000000000000000000000001000100000001010000000000010000000000000001100001000100001000000100,ensemble
5,0.5991755969412169,0.5974304171296507,0.5997391093497058,0.20171448849808138,0.6096864200696638,,ergodic
6,0.010927453652281316,0.02211010207622255,0.010903462866986513,1.0,0.040797339103542773,,complexity
