,Avg Cell Entropy,Avg Stable Cell Entropy,Last Cell Entropy,Stable diag LR,Stable diag RL,Initial,Kind
0,0.9999906223259358,0.999968258592809,0.5574381850279891,0.9808352915526616,0.9921952426870889,00000000100100000000000000000000000000000000000000100000000000000010000000000100000000000000000000000000000000100000000000000000001000100000000100000010000000100000000010100000000000000000010000000000,ensemble
1,0.9999909830057077,0.9999653730103373,0.584238811642856,0.9702752755867708,0.9921952426870889,00100001000100010000001010000000010000000000000000000000000000100000000000000000000000010000000000000001000000000000000000100000000000110011000000000010000010000000000000000000000000000000000000000000,ensemble
2,0.9999931470843378,0.9999711441752811,0.5293608652873644,0.9825933143437372,0.9921952426870889,01100000000000000010000000000000000000001000000010001100000000000000000000000000000000001000000000000100000000000000000000000100110000000000000100000000000000000000000000000010000000000000000100000000,ensemble
3,0.9999848514495889,0.9999451739330338,0.7414827399312737,0.966385845605094,0.9921952426870889,00001000001000001000000000100100000000000000100000000000000000000000000100000100000000001000100000000000000010000000000000100000000000000000000000010000000010000001000100010000000010000001010001000001,ensemble
4,0.9999862941686756,0.9999422883505621,0.7601675029619657,0.9783017285055069,0.9921952426870889,00000110000100000000000001000010000000000000000000001000000000101000000000001000110110010000000100000100100000000000000001000001100000000101001000000100000010010000000000000000000001000000000100000000,ensemble
5,0.9999976339754394,0.9999900741614735,0.6437935214851034,0.9908218875361112,0.9966527127936154,,ergodic
6,8.454388593426287e-06,3.162686299196249e-05,0.01437712590437723,0.015283873527476177,0.00447244064989516,,complexity
