,Avg Cell Entropy,Avg Stable Cell Entropy,Last Cell Entropy,Stable diag LR,Stable diag RL,Initial,Kind
0,0.9312017309728238,0.9181908424035172,0.9837082626231857,0.7403438985283711,0.9504731178258123,00000000000000010000000000000000000001000000000001000000000000000000000100001000000100000101000000000111000000000000000000000000100000010000000100000001001000100000100000101000000000010000000000010000,ensemble
1,0.938210739411575,0.9183392273864169,0.9679505356936394,0.7633808714432752,0.9437599981845222,00100001000000000000000000000010000000000000000000000000000000000000100110001011000000000000000000000000000000000000000001000001000001000000000000000000001000000001000000000000000000000000000000000000,ensemble
2,0.9344813198100195,0.9209536564211137,0.9614969508235551,0.7869344047441424,0.9418229993232894,00000000000000010000010000000000000000001000001000000000100100000000000010000101000010000000000000010000000010010100010000010000000000000000100010000000000000000000000000000010000000000000000010000000,ensemble
3,0.9309254120758541,0.9181413807425507,0.9837082626231857,0.8391265100441937,0.9456764221062337,00000000001000000000010000011000010000000000000000000001000000000100000000000000000001001000100100000000001000100000000000000010000001000000010000000000000000000000010100000000000000000000001000000000,ensemble
4,0.9381834517387446,0.9199569368615108,0.9426831892554922,0.5725285923432486,0.9254094065857771,00001000000100000001001000000110001000000000000000000000000000001010000001000000101000000000000000000000000000010000000100000000000010000000000000000000000000000100000001000000000000010000000000000000,ensemble
5,0.9580243149442782,0.9456160745635473,0.9697686402763742,0.793312503933086,0.9464050214028079,,ergodic
6,0.02445009356974126,0.028023704877010003,0.0019171583771081524,0.06661895312430055,0.005258459628948664,,complexity
