,Avg Cell Entropy,Avg Stable Cell Entropy,Last Cell Entropy,Stable diag LR,Stable diag RL,Initial,Kind
0,0.9999487827509277,0.9999278604382025,0.0454146923337941,0.9920139477272858,0.9921469887995992,01000000000000000000100100101000000001000010000000001001001000000000010000010000010000000001000000000000000100010100000000100000000000000000000010000000001000110000000000000000000000010000001000000000,ensemble
1,0.999955275347564,0.9999278604382025,0.0454146923337941,0.9917128966773495,0.9921058415893312,00000000000000000000000010000000011000000000010100100000000100000000000000000000000100000001000000000000000000001000000000010000100000001000000000000000000000100000000000000000000100000000000000000010,ensemble
2,0.9999931470843378,1.0,0.0,0.9921952426870889,0.9921952426870889,00000000000000000100000000000000000000000000010000010000001000000000000000100000010000000000000000010100001000000001000000000001000010000000010000001000000000000001000001000010010000000000000100000000,ensemble
3,0.9997850214349375,0.9996969791880449,0.11236071009937676,0.9914530757288443,0.9916777238150238,00000100000000000000000000000000000000000000000001000100000000000000100000110000000101000000000000001010000000000000000001001010000000010001000000010001000000000000100000100000110010101000000000001100,ensemble
4,0.9999927864045661,1.0,0.0,0.9921952426870889,0.9921952426870889,00000000000000000100000000000000000001000000000000000000000000010000010000000000001000000100000000000010000000000000000000000000000000000100000010000000010000010010010000101001000000100000101010000000,ensemble
5,0.9999708716968169,0.9999744928398886,0.0454146923337941,0.9965642532059261,0.9966164440502125,,ergodic
6,3.587013718642229e-05,6.395445829521229e-05,0.10517903204744772,0.004666203999827423,0.00456769117323208,,complexity
