,Avg Cell Entropy,Avg Stable Cell Entropy,Last Cell Entropy,Stable diag LR,Stable diag RL,Initial,Kind
0,0.00045414692333794104,0.0,0.3072683598607598,0.28280904521449096,0.28280904521449096,00000000000000000000110000000000000000000000000000000000010000000000010110000000000000000000000000001000000001000010000000000001000000000000000000000010000000000000000100000000000000000000000000000001,ensemble
1,0.00022707346166897052,0.0,0.4689955935892812,0.4366801830465776,0.4366801830465776,00000000000100000000001000000000000000000000001000010001000000000010000000000101101010000000000000000000010000100000000000000000000100000000001000101000000001000000000000000100000000000010000000000100,ensemble
2,0.00045414692333794104,0.0,0.36592365090022316,0.3287986160203275,0.3287986160203275,00000000000000000001100000000000000000010000000000000100000000000000000000000010000000000000000000000000100011000000100000010000000000000001000100000000000000001000000000000001000000010000000100000000,ensemble
3,0.00045414692333794104,0.0,0.36592365090022316,0.3217240376108877,0.3217240376108877,00000000000000000001000000000001000000000000000000000000110000000000000000001000000110000000000100000000000010000000000000101000000000001000000000000010010000000000000000000001000000000000000010000000,ensemble
4,0.00045414692333794104,0.0,0.41955649623854696,0.43999283648371695,0.43999283648371695,00010000001000100000010000000000000010000001000000000000000010000000000000010000010000000000000000100000011000000000000000100110000000000000000000000010000000100000000000000000000000000000010000000010,ensemble
5,0.25681391030786604,0.25653586772315917,0.3879256793719374,0.39466402837889014,0.3629241382247295,,ergodic
6,0.9984084497973098,1.0,0.00616646229247686,0.08276174760049926,0.002543767284384213,,complexity
