,Avg Cell Entropy,Avg Stable Cell Entropy,Last Cell Entropy,Stable diag LR,Stable diag RL,Initial,Kind
0,0.7244287293836262,0.7295691248751106,0.8687212463394045,0.2630490002721407,0.7430496830850485,00010000000011000000000000000000001000000000000000000000000000000000000000000010000100000000000000000000001000000001000000000010000000000000000000000100000011000001000000001100000100000000100000100000,ensemble
1,0.4686292022306351,0.4795848791369256,0.48464773973144537,0.15791218085389525,0.4855391901864809,00000000000000000000000010110000000000000001000000000010100000000000000000000000000000100000001100000100000000000000000000000000000000000000000000001000000000000000000000000001000000000000000000000000,ensemble
2,0.5394163883473334,0.5460728530101696,0.5574381850279891,0.14630250486289265,0.5330228336239876,00000100000000010000000010000111000000000000000000000000100000000001000000000000000110000000010000000000000000000000000000000000000000000001000000000000000000000000000000100000000000001010010000000001,ensemble
3,0.5589197704648444,0.5622839028930225,0.6690158350565576,0.17904035964434983,0.5563629201916501,00100000000000000000000000100000000000000010000000000000010010000000000000000000000010000011000010000000000000110000000000100000000000000010000000100000000000100000000000000000100000010000000000000000,ensemble
4,0.6888626933535096,0.7008291390871844,0.7950402793845223,0.2170655141435555,0.6895469170221575,01001001000000000000000100000000100000000010100000000100000010000000000000000100000010001100000000000100010000000010000010100100000000001010100100000100000000000010000000000000000000000100000100000000,ensemble
5,0.6072930673343748,0.6458021189603542,0.6972688157923281,0.34696933520030054,0.6289136869620863,,ergodic
6,0.01851117884109721,0.0652431107344481,0.031976417386468836,0.4446946965957702,0.04358209832039117,,complexity
