,Avg Cell Entropy,Avg Stable Cell Entropy,Last Cell Entropy,Stable diag LR,Stable diag RL,Initial,Kind
0,0.9584607706739519,0.9476589470897457,0.9974015885677396,0.9340520139714977,0.8500861599154714,10000000000000000000000110000000000000000000010000000000010100000000000000100010001000000000011000000000100000000000000000010010100000000000100000001011000000001001000000000001000000000000000001000001,ensemble
1,0.9505653210976598,0.9420814544822288,0.9912540071703689,0.9235230096071959,0.8798086440115352,00010000001000010000000000000000000000000000000000000100100000010001000000000000100000000000000001010010000000000000000000000001000001000000101010000000101000000000000000000000000000001000010000100000,ensemble
2,0.9628043759329646,0.9575194780109695,0.7219280948873623,0.9369046320865178,0.8432385980048147,10000000000011000000000000010000000100000000001000000000000000000000000000000000000000000100000000000000100001000000000000000010000000000010000000010000000000000010000000000000000010000010000000000000,ensemble
3,0.9663339314495363,0.9583167615656198,0.8873172562752067,0.9463339301041455,0.8584083124494715,00000000000000000000000000000001000000000000000000000000000000000000000000000001010001100001000000000001000010000000000101000110000000001000000000100010000010001100000100000000000001000000000000000000,ensemble
4,0.9536140389323882,0.9419625632616366,0.9580420222262995,0.9237856395296729,0.8610285251316857,00000000000000000000100000001000100100001001000000000000000100000000100000000001000000000000000000100000000000001000000000000000000000000000000000000100000000000000010000001100000000000000000000000100,ensemble
5,0.9610212805448711,0.9557952756803809,0.9426831892554922,0.9464901241859514,0.900710622364701,,ergodic
6,0.002773708534383079,0.006578223347949774,0.03340952272095821,0.014337475668662503,0.046848092399891406,,complexity
