,Avg Cell Entropy,Avg Stable Cell Entropy,Last Cell Entropy,Stable diag LR,Stable diag RL,Initial,Kind
0,0.996557056544335,0.993411643803216,0.99819587904281,0.9752810107855914,0.9639292905259729,00000000000010000000000001000000000000001010000001000000000000000000000000100010100010000000000000000010000000000000000000000001011011010000100000000000001000010100000000000000100000000010001000000000,ensemble
1,0.9959121766359534,0.9945249110813996,0.9988455359952018,0.9664478027185989,0.9629210892148036,00000000010100000000000000000000000000001000001010000000100000000000100000100000010100011000000000100000000001000000000000010000010000000000000010000000000001000000000000001000100001001000000000000000,ensemble
2,0.9969022044407942,0.9937306099806207,0.9997114417528099,0.9620302007190593,0.9620579374746225,00000000011000000000000001000000000000001100010000000110000000000100000000000000000000001000100000000000000010000001000000000000000000000000010000000001001000000100000000100000000000010000011001000000,ensemble
3,0.996656744336029,0.9932721469736188,0.9974015885677396,0.9628235550852107,0.9702518500818197,00101000010000010000100000000000000000000000000000000010000000000000000001000000000110001000100000000000000101100000000000001000101011100000000001000000000000000000000100000000000000000000000010000000,ensemble
4,0.9961541875403879,0.993074528494891,0.9877746553159469,0.9663796312936526,0.9690824340571812,00000000000000010000000000000000010001000000000101000000001000000100000000000001000001000100000000100000000100000000000000001000000100000000000000000010000110000100000000010000000000000110000100000000,ensemble
5,0.999188915778833,0.9986645868198625,0.9990649315776107,0.9833509592542087,0.9837123542231361,,ergodic
6,0.0027546761536957343,0.005068587411547365,0.0026816189399004875,0.017042256354227847,0.018362922733161646,,complexity
