,Avg Cell Entropy,Avg Stable Cell Entropy,Last Cell Entropy,Stable diag LR,Stable diag RL,Initial,Kind
0,0.8759003032056764,0.87,0.4021791902022729,0.9768861122518465,0.9767450307840693,00000000101000000010000000000000000000110000000011000000000000000010000010000000100000000001001000000001000000000000001000001000000000000000000000000010000010000000000010000000010000000001100000000001,ensemble
1,0.885445434922795,0.88,0.38431154412649704,0.9810718316041311,0.9817826569943026,00000001010000100001000000000010000010000000100000000000000010010000000000000000000010000000000000001000000000000000000000000000010000000100110010000000000010001010000110000000000000000000000000000000,ensemble
2,0.8662526449222108,0.86,0.4689955935892812,0.9744607702195741,0.9745398176832378,00000100000000000111000100100000000000000000000000000000101000001000001000001001000000000000000000000000101010000000000110100000000000000100000101000000000100000000001000000000000000100010000100000000,ensemble
3,0.8372634653352335,0.83,0.4689955935892812,0.9728492242641542,0.9721148874432466,00000000000000000100000000000000100000000001000000000000010000000000000000001000000100010010000100001000000100000000101000000000000000100000100000000000000001110010000100001010000010000000000000010000,ensemble
4,0.8949934520780873,0.89,0.48464773973144537,0.9841914448287928,0.9838034757690024,00000000000000010010100000000000000000000000000000001000000000000001001010000000000000000010000000100000000000000000001001000000001000000000001101000000000000100000000000000010010000000000100000000000,ensemble
5,0.9715996617789568,0.9710987014076367,0.44311055824469103,0.9849160910964718,0.9843432139748952,,ergodic
6,0.10254079494402102,0.10822659041279015,0.002899109427733526,0.007131789729369009,0.006650160378197656,,complexity
