,Avg Cell Entropy,Avg Stable Cell Entropy,Last Cell Entropy,Stable diag LR,Stable diag RL,Initial,Kind
0,0.9604574566286114,0.934227968044163,0.9927744539878084,0.9547846663932048,0.9655258766633942,00100000000010000000000000000001000000000100010001100100000000001100010000010000001000000000010000000000100100000000001000000000000000100000000000101001000010100000000000000000000010000001000001000010,ensemble
1,0.9757690994297742,0.9557209953454125,0.9709505944546686,0.9581871929429248,0.9755068137429744,00000000000000001000010000011000001000000000000000000000101001000010000000000000000000000000000100000000000001000000000010000000000010010000000000000000000000000000000000000000000000000000010000000000,ensemble
2,0.9682353428480397,0.9485526641659965,0.994149171480893,0.9563397923192029,0.9703400546851438,01000000000000000000000000000101000000001000100000000001000000000000000000000000000100010000000000000000000000001100000000000000000000000000000010000000000000000000000000000100000000000000100000010000,ensemble
3,0.9511485474357566,0.9219585426308611,0.9858150371789198,0.9640265244194404,0.9711881968385205,00001000000100000001110000000000000000000000000010001000000000000000000000000001000000010000010001000000000000000000001000000000100000000000000010000000010000001001000000010000000000000000000000000000,ensemble
4,0.9688422090734309,0.9473575474520765,0.9858150371789198,0.9612468688930585,0.9666453814595568,00001000000000000001000010010000000000100100000000000010000010000000000000000000010010010000000000010010000000001000000000001000000000000010010000000000000000000000000000000000000000000000000000010000,ensemble
5,0.9854067619229403,0.9688533684755513,0.9870084402431716,0.9716658578725743,0.9776688635689517,,ergodic
6,0.02082006297560013,0.028167136365318757,0.001122159995568861,0.013120610110682551,0.008006390693940268,,complexity
