,Avg Cell Entropy,Avg Stable Cell Entropy,Last Cell Entropy,Stable diag LR,Stable diag RL,Initial,Kind
0,0.9669983787158769,0.952276835567817,0.9506720926870659,0.9693071791116306,0.8184624215776648,10000000000000001000010100000000001000000010010000000010000000000010000000000110000010000000000000000000010000000100000000000000100000001000100010000000001000000000010000000010000000000100010110000000,ensemble
1,0.9749143831756379,0.9393446209152002,0.9426831892554922,0.9618424883349211,0.8120040020907361,00010010000000000000000000000100000010000000001000001000000000000000000100010000000000001000100010010000010000000001001000000001000000000010000000110000000010000000101000000011000010000010000000000000,ensemble
2,0.9684090649838197,0.9593956651146712,0.934068055375491,0.9772137113041159,0.8484213372408697,00000000000100001000100100000000001100000001100100010000000000000000100000000000000000000100000100000010000000010010010001000000000010000000010000000001000000010000000000000000001010000000000000000000,ensemble
3,0.9778111170494512,0.9736861427276656,0.819107179827683,0.9739749666144749,0.8587187368982594,00101000000000000000000000000000010101000000000000000010000000000000000000011000000001000000000000011000000000000000000000000000000100010100000000000100000000000000100000000100000000000100000001001000,ensemble
4,0.9924060855092398,0.9888872020750624,0.731816079376955,0.9809287926451413,0.8952240177760389,00000000000000000000000001000000000000000000000000000000101000000001000000000001000000001001000001000000000000001000001001000000010000000000000000000000000000000000000000000000010000000000000000000000,ensemble
5,0.9840367429615139,0.9789810451529104,0.890851296603444,0.981527855680712,0.9100104554814284,,ergodic
6,0.008057562008148333,0.01661212130035361,0.017042100468160126,0.009041442917073983,0.06971826750182808,,complexity
