,Avg Cell Entropy,Avg Stable Cell Entropy,Last Cell Entropy,Stable diag LR,Stable diag RL,Initial,Kind
0,0.9966231604546693,0.9929448169689041,0.9988455359952018,0.9767666486665281,0.9760151868348076,00000000000001010000000001000110100000100000000001000000010000000101000000000100000100000100000100000000000100000000000100010000000010000000000000010000000000010000010000000000100000000000000000000100,ensemble
1,0.9938929925511121,0.9923661723466972,0.9993506898146105,0.9751902401725868,0.9670999358987091,00000000100000000000000010000000000000000000100000100000000000000000000000000010000000001000000000000000000000000000001000000000001100000000000000000000000000000000000000000000000000000000000000000001,ensemble
2,0.9967197982966401,0.9942871872527023,0.99819587904281,0.9684244248960807,0.969810971787583,00010000010000000000100000100000000000000000110000000101000100000000001000000000000001100000100000001000000000000000001000000010001000000101000000100000010000000000000000100000000000000000000100000011,ensemble
3,0.995885334597775,0.9927182144099129,0.9953784388202258,0.9699844716480147,0.960524518785438,10010100000001000000010000000000001000000000000000000000000000110000000000001001000001000001000000100000000000010000000000000000101000000100000000010001001100000000010000100000110000000000010000000000,ensemble
4,0.9955539957505297,0.9917899233587764,1.0,0.9784689180450987,0.9705155119234582,00001000000000000000000000101000000000000000000000100000000000000000000010000100000000100000000000000000000000000000000000000000000000010000000000000000000001011000010000000000001000000000000000000100,ensemble
5,0.9993823501496789,0.9985967404418981,0.9997114417528099,0.9886861633133804,0.9869640967416088,,ergodic
6,0.003649547962286226,0.005783593457298619,0.0013577248009291054,0.015089947833112016,0.018410874068873873,,complexity
