,Avg Cell Entropy,Avg Stable Cell Entropy,Last Cell Entropy,Stable diag LR,Stable diag RL,Initial,Kind
0,0.9999917043652511,1.0,0.0,0.9921952426870889,0.9921952426870889,00000011000000000000000001000000000000000000000000100000100000000100000000100001000100001000000000000010000000100000101000010000100000000000000000000000000000000000000000001000000010100010000110100000,ensemble
1,0.9899931470843378,0.99,0.0454146923337941,0.9921001561011124,0.9920127043812361,10000000000000001000001000000010000000000001010000000100000000100000001000000000000000000000000000000000000000100000000000000000001001000000001000011100001000000010000000000000010010100000000001000000,ensemble
2,0.9999949504831963,1.0,0.0,0.9921952426870889,0.9921952426870889,00000000000000000000000000000000011000000000000000001010000000000000000000000000000000000000000000000000000000000000000010100000001000010000010001000000000100000000100000000100000000000000000000010000,ensemble
3,0.9999924257247944,1.0,0.0,0.9921952426870889,0.9921952426870889,01000000000000000010000000000000001000000001000000000100000000000000000011000000000000000010000000000011000100000000100101100000010000000000000010000000000000001000000011000100000000000000000000000000,ensemble
4,0.9999917043652511,1.0,0.0,0.9921952426870889,0.9921952426870889,00010000010010000000000000000001000000000100000000000000000001010001000100110000000000011000011000000000000000001000000001001000000000000001000000000110000000000000000000000000000000000000001100000000,ensemble
5,0.9997047050202085,0.9997095059445468,0.011407757737461138,0.9966477647292017,0.9966460048722536,,ergodic
6,0.0017124242859373195,0.0017100026901630816,0.20379283328116315,0.004486579429115567,0.004502370775981146,,complexity
