,Avg Cell Entropy,Avg Stable Cell Entropy,Last Cell Entropy,Stable diag LR,Stable diag RL,Initial,Kind
0,0.004541469233379411,0.0,0.0,0.0,0.0,00000000000000000000000101000100000000000010000000000011000000000000000000000010010000110000000010000100000000000010000000000000000000000000000001000010010000000000000000000000000001101000000000000010,ensemble
1,0.004541469233379411,0.0,0.0,0.0,0.0,00001010000000000010010000100100000000000000000000000001000100000000000000000000101000000000000000000000000000000000000010001000001000010000000010000010000000100000001000000000000000010000000100000000,ensemble
2,0.004718361451189996,0.0,0.0,0.0,0.0,00100000100000010000000000000000010000000000000000000000100000000001000100000000000010000000100010001000000000000000000000000001000000000000000000000000100000000111000100100000000000010000000000010000,ensemble
3,0.0022707346166897053,0.0,0.0,0.0,0.0,00000000000000100000000000000000000000000000000100000000000001000000000000000000000001000100000100000000000000000000000000000000000000000000000000000010001000000000000000000000000000000000010000100000,ensemble
4,0.004995616156717352,0.0,0.0,0.0,0.0,00001100000000000000100000001000100000100001000000101011000000000000100000100000100000000000001000000000000000000000000000000000010000000000000000000000000010000010000000000001000000000100010100000000,ensemble
5,0.005153161261830662,0.0,0.0,0.0,0.0,,ergodic
6,0.18234071782680494,0.0,0.0,0.0,0.0,,complexity
