,Avg Cell Entropy,Avg Stable Cell Entropy,Last Cell Entropy,Stable diag LR,Stable diag RL,Initial,Kind
0,0.9968352655878929,0.9929678900229354,0.9912540071703689,0.9629065783931939,0.9650875175158884,00000100000000100000000000000000000000000000000000000000000100000000100000010001001100100000000000100000000001000000000000000000000010000000010000000000010000001000000000100000000010010001000000000000,ensemble
1,0.9962470127543611,0.9939948128865896,0.9997114417528099,0.9635670204191465,0.974844107920706,00010010001010001010010000000000011010000000000000000001000000000000001100000000000000001010000000000010000000000000001000011000000000000010000000000000000000001000000000000000010010000000000000000000,ensemble
2,0.9959310963886466,0.992357738988608,1.0,0.9721513222817879,0.965326717006007,10000010000010010000000000000100000001000000000100001000000000001000000000100000000001000000000100000010000000000000000000010000100000001000000100000000000110001000000000000001000000110000000000010010,ensemble
3,0.9963063452514218,0.9938010102492935,0.9953784388202258,0.9702565989697824,0.9665119092466449,00000001101001000000001000000000100100100000000000000000001000000000000001000000000000000000000010010000001000001000000000000000001000000000000100110000000000000001000000110000000100000010010000000001,ensemble
4,0.9964674133614924,0.9931025096852645,0.9988455359952018,0.9780334355759672,0.9696787012161778,00110000000000000000011010000010100000000000000000010000000000000000000000000000100000000010000000000000100000010010000000000010000010000000000000000000000000001001000111000010001000100000100000000000,ensemble
5,0.9992703072921685,0.9986327303196305,0.9999740313334508,0.9830967943507001,0.9810147931495931,,ergodic
6,0.002915007683255255,0.005395314803439244,0.002936222835521085,0.013949596114573692,0.012971264712180464,,complexity
