,Avg Cell Entropy,Avg Stable Cell Entropy,Last Cell Entropy,Stable diag LR,Stable diag RL,Initial,Kind
0,0.13213256885131813,0.0,0.9988455359952018,0.9910234664514721,0.9910234664514719,00001000000001000000000100000000000000100000010000000001000000000000000000000000000000000000000000010100001110000100010000000000000000010100000010000000000000000000000000000001001000101010000000000000,ensemble
1,0.16110422431242097,0.0,0.99819587904281,0.9906780664145154,0.9906780664145154,00000000000000000000000000000000100001000000000000000000000010000000001100000000000000000000000000100000000110000000000010010000000000000000000000010000000100100000000000000000000000000000010000000000,ensemble
2,0.13795497239236582,0.0,0.99819587904281,0.9905211174968042,0.9905211174968042,00000000000100000000000000000000000010000001010000100000010100000000000001000100001010000000010000000000000010000000000000000000000010000100000000000000000000000000000000000000000000001100000000000100,ensemble
3,0.09829375829460896,0.0,0.9988455359952018,0.9822492215534909,0.9822492215534909,00000000100000000101100000000000000000001000000000000000000010000000000001000100000000000000010001000010000000001000000000000000000000001000000000001000000000000000010000000000010000000000000000100110,ensemble
4,0.10917188602659399,0.0,0.9988455359952018,0.9903196228694173,0.9903196228694173,00010000000000010000100000100000000000100110000010000001000000000000000000000100000001000000000000000000000000000001000100000000000000000000000100000000000000000000000001100000000001001000000001000100,ensemble
5,0.8531178342725921,0.8323897315233779,0.9986030202378096,0.9951087272891636,0.9950945587972823,,ergodic
6,0.8502768587830878,1.0,1.7371290906176284e-05,0.006180659623776341,0.006166509288884958,,complexity
