,Avg Cell Entropy,Avg Stable Cell Entropy,Last Cell Entropy,Stable diag LR,Stable diag RL,Initial,Kind
0,0.5151792833117819,0.5112647195725739,0.5148156530047155,0.5155653313084513,0.0,10001010000011000100000000000000010010001000010000000100100000100000010000000100000000000000100000100100000000000001000001000000000100000000000000010110000000000000000100000000101000000000000001000000,ensemble
1,0.5002884505355325,0.49901416236437185,0.499915958164528,0.49521601311382507,0.0,10000010000010000001000000000001000100100000000010000100000000000000000000000001000000101100100001000000000000010010001100000000100000000000000001010000000000000010000001010000000000000100001000000000,ensemble
2,0.42006389586331383,0.4185785510778136,0.41955649623854696,0.40430494137383954,0.0,00000000000000001101000000010000100000000000000000100000000000000000000001000000001010100100000000000010000000000101000000010100001000000100000010000001000000000000000000000000010000000100000000000001,ensemble
3,0.34754955898460155,0.34533094187619945,0.34698128810061335,0.3097678444148075,0.0,10110000000000010100000000010000010000000000000000000000000100000000000000000100000000101000000000000000000000000000000000000000001010000000100000001001000000100000000000000001000000000000000000000001,ensemble
4,0.34717071172860936,0.3462769290947497,0.34698128810061335,0.33826333397816116,0.0,00000000010100000000000000000000000000000000100000000000000000010000000000000001000000100001000000000000000100000000000000000000000000000000000010000101000000001000001000000000000000000000000010010000,ensemble
5,0.43016217147122887,0.429626194981052,0.4297586093037605,0.4268129436185866,0.12136677975019469,,ergodic
6,0.009558700553323973,0.012878949767376913,0.009559954106825419,0.033245127620707415,1.0,,complexity
