,Avg Cell Entropy,Avg Stable Cell Entropy,Last Cell Entropy,Stable diag LR,Stable diag RL,Initial,Kind
0,0.9328288431108228,0.9182897657254503,0.9467554496831931,0.9335181401867363,0.5935481192011427,01000001100000000000000000000000001000000010000000100000000000101100000000000100000000101000000000000000010000100000000000000000000010011000000000000010000000100000000000000000000000000000010001000000,ensemble
1,0.9345598375981181,0.9207247390122416,0.9426831892554922,0.9353396471167309,0.6920639648371452,00000000000100000001000000000000000000000000000000000010000000000000000000100010000000000010000000010000000001000000000001000000000001000000001000000000000110100000000000000000100000000000000000000000,ensemble
2,0.9321120647889221,0.9190529670017884,0.9580420222262995,0.9333457948212621,0.5136291392450945,00000001000000000100000100000000010010000000000000100010010000000000000000001000101010000000000000000000000100000000000000000110000100100000000000000010000000010000000000000000000000000001100000001000,ensemble
3,0.9327495258179074,0.9182403040644838,0.9506720926870659,0.9375478441813329,0.5423334183765052,00000000000000000010000000000000000010000000000010010001000001000000000000100000000000000000000000000010000001000000000000000000000000000000000011000000000000000001000000110000000000100000001000000000,ensemble
4,0.9314975160515189,0.9191788264064471,0.9506720926870659,0.9326670256673553,0.6608147069319388,00010000000000000000000000100000000000001001010010001011000000000000100000000000000101000000000000000000001000000000000000000000100010010000000000000000000000000000000001000010010000000000010000010000,ensemble
5,0.9520409446942166,0.9411366727420731,0.9499011703918125,0.9389117828391933,0.796949031473118,,ergodic
6,0.02026319070442406,0.02341780204545385,0.00014338447854844727,0.004716196479204515,0.2465291430138089,,complexity
