,Avg Cell Entropy,Avg Stable Cell Entropy,Last Cell Entropy,Stable diag LR,Stable diag RL,Initial,Kind
0,0.001362440770013823,0.0,0.4021791902022729,0.34031960458640853,0.3403196045864086,01100000000010000100000000000000000000010100100000000000010000010000000000010101001000000000001000000000000000000000000000001100010000100001000000000000000000000000011000000000000000001000000000000000,ensemble
1,0.001362440770013823,0.0,0.4021791902022729,0.38724954090190034,0.3872495409019004,00000100000100000000000001010010000000010000001000000000110000001000001011000000000000000000000000111000000000100000000001000000000000000000001000000000000000001000000000000100000000000001000000000000,ensemble
2,0.00045414692333794104,0.0,0.41955649623854696,0.37218840146579557,0.3721884014657955,00000000001000000000000010000010001000000000010000000100000010000000000000000000000000001000100000000100000000000000010000000000000111000001010000010000000000000000000001000000000000000100000000000000,ensemble
3,0.0018165876933517642,0.0,0.4689955935892812,0.4540683892461814,0.45406838924618137,00000000100000000000011000000100000010000000010100001000001000001010000000000001100000000100001001000000000010000000000110000000100000011000001000000000010000000000000000000100000010000000000001000100,ensemble
4,0.00045414692333794104,0.0,0.41955649623854696,0.42749842818741224,0.42749842818741224,00000100000000100010000100000000001000000000000000010100001000000000000000000000000000000000000000000000101000000100000000100000000000000001010000000000000010000000000000000000000000001000011000000010,ensemble
5,0.2749908569778288,0.27371604865472504,0.4229754912346309,0.3983670300842526,0.4168368581512893,,ergodic
6,0.9960364041627067,1.0,0.0011397774822355933,0.005276935709936592,0.04935260611306869,,complexity
