,Avg Cell Entropy,Avg Stable Cell Entropy,Last Cell Entropy,Stable diag LR,Stable diag RL,Initial,Kind
0,0.16515248176878872,0.07679490155505514,0.9858150371789198,0.9819756551694818,0.9813863572202521,00000000000010000000100000000000000110000000000000000010000000001000010100000100000000000000100000000000000000000010000000010010010000000000000010100000000011000000000000100000100000000010001100010000,ensemble
1,0.2049495075755292,0.12188833056570485,0.9964625048848765,0.9778546872619421,0.9777757922909177,00000000001000000000000001001000001000000000000000001000000001010000000000100000000000000100000001000000000000000000000000010000000000000000000000000100010000100000010010000001000000001000000000000000,ensemble
2,0.14917233212974254,0.05679490155505515,0.99819587904281,0.9821116377115156,0.9820935995675523,00010000010000000000000000000000010000000000110000010000000000000100001000000000000000000000011000100000000000000000100000000000000000010000000100000000000000000010100000000010000010000000001000000000,ensemble
3,0.1854213317736724,0.08679490155505515,0.99819587904281,0.9834193700456709,0.9834295383499849,00001000010001100000010001000010100000000010001000000000000001000010010000000000000000000000000011010000100000000000000000000001100000000010101100000010000000000000000000101001000000100000000110000000,ensemble
4,0.21616292264005815,0.1302857813432324,0.9993506898146105,0.9859749448961117,0.9853422438859295,00000000100000000000000000000000000000000001000000000100000000100000010000000000000000000000000010000000101110000000100000000000000010000000100000000010000000000000000001000000100001000000000000000000,ensemble
5,0.8832041368612411,0.8725017624049723,0.9966619137320385,0.9889318083590782,0.9879592909346772,,ergodic
6,0.7914732195072438,0.8916772809096598,0.0010614589808811692,0.00673913942882709,0.006026346152499085,,complexity
