,Avg Cell Entropy,Avg Stable Cell Entropy,Last Cell Entropy,Stable diag LR,Stable diag RL,Initial,Kind
0,0.43649671769966886,0.4305022937971525,0.5293608652873644,0.41898493394269626,0.06352623948042026,10000000001000000000000000000000000000000001000000000000000000000000000000000001000000001001000000000000000000000000000010001000000000100000000000010000001000000100000000000000000000000100000000000000,ensemble
1,0.5879206131836215,0.5842007228238808,0.6908938714350409,0.57371760340572,0.10017132157393423,00000000100001000000000000000000000001010000000000000000000001000000000100000000000000000000110000100001000000010010000100000000001000001000000000010000000010000000000100000101000000000000010110000000,ensemble
2,0.5697844195975197,0.5611531994636063,0.6461380758647463,0.566220022814034,0.10029796684781538,00000000100000000000000010000000000000000000000000000000000000110000000000000100000000000000100000100000100010000000011100000000000000000001000010000000100000001000010000000001001001010000000000001000,ensemble
3,0.43624952221291524,0.4312607482081762,0.5293608652873644,0.4255295891700456,0.05684894228390655,00000100000000000000000010000100000000000010000000000000000000000000000000000000000000100001000000000000000000000000000000000000000100000000000001000000000000000001000000000010001000000000000000000001,ensemble
4,0.6102395649018706,0.6055569709418738,0.6908938714350409,0.5986978803422116,0.1066799432803905,01100001010000100000001100000000000001001000000000100100000001010000000000000000000000000000000000000101010000000000100010000010000000000010001001100000001000000000000000000000000000100000001100000000,ensemble
5,0.5338660762847539,0.5309733995291309,0.6222126380063133,0.5188099159833017,0.2288730958298719,,ergodic
6,0.01072911170062718,0.015892721725186965,0.007848005402218194,0.004201750932668058,0.6264092012070668,,complexity
