,Avg Cell Entropy,Avg Stable Cell Entropy,Last Cell Entropy,Stable diag LR,Stable diag RL,Initial,Kind
0,0.9962702329203438,0.9927343229141331,0.9974015885677396,0.9852011321844131,0.9696302790652135,00000000100000000000000000000001000000000000000000010000010000000000001001100000101000000000000000100000000000000010100000100000000010001000000000000000001000000010000001000000000000000100000000000000,ensemble
1,0.9955746805892016,0.9917988427021244,0.9999278640456615,0.9851074658904474,0.975783340699679,10000000000000011010000000010000001000000010000000000000000010000010001001010000000100000000000000000000000010000001000000000010000000001000000000000000000010000000010000010001000100000000000001010001,ensemble
2,0.9961400404831423,0.993221998848499,0.9974015885677396,0.9886261027851587,0.9759197722740148,00000010000000000100000000000000000010000100000000000000000101001000000000000001000001001000000010000000000000000000000000000000000001000000000000001000000000000010010010000000000000000000000010000000,ensemble
3,0.9963615200804793,0.9930929147859342,0.9997114417528099,0.9852872064716378,0.9721623378130578,00001000001000000000100010001000000010110000000100100010000000000001000000000001000000001100000100000011000111010000000000000000101000000000000001000000000000000000000000000100000001000000000000000000,ensemble
4,0.9961293311837229,0.9927602056098607,0.9927744539878084,0.9849120215362626,0.9683000239337353,00000000001001000000010000100001000000000000000000010000000100000100000000001000000010000000100000010000000100000010000100010010001000010000000000000010000000000000100000000000000000000000000000000000,ensemble
5,0.9991694978834729,0.998695792333817,0.9999971146079947,0.9928010410291921,0.9838604849199107,,ergodic
6,0.003076892197577341,0.005981937049865826,0.002553734592168233,0.0070248266947607885,0.011690005177621199,,complexity
