,Avg Cell Entropy,Avg Stable Cell Entropy,Last Cell Entropy,Stable diag LR,Stable diag RL,Initial,Kind
0,0.002951955001696617,0.0,0.0,0.0,0.0,10000000000100010000000000000000000000000000000100000100000000000000000000000000000100000000000000000000000010000001000000000000000000001000000001000000000000000000000000000000001000000000010000010000,ensemble
1,0.0050790738677201006,0.0,0.0,0.0,0.0,00010000001000100000010001000001000000000000010000001001000000000000011110000000000001000000001000000000000000000000100000000000000000000000000000000000000000000100000000000000000000000000010000000000,ensemble
2,0.005457057219497466,0.0,0.0,0.0,0.0,00000000000000000000000000000000010000000000000110001000000010001000111000001000000000000000010000000000000000000000010001000000000000000101001000000000000000000100100001000000000000000001000000000100,ensemble
3,0.00596138538669379,0.0,0.0,0.0,0.0,10000000000000000011100000000000100001001000000010000000000000000001000000000010000000100100100000000000000000000001000000001000000000001000000001000000001010001000000100000000000000000000010100100000,ensemble
4,0.003355920681176172,0.0,0.0,0.0,0.0,00000000000000001000000000000100000000100000000000000000010000100010000000000001000000100000000001000000010000000000000000000000110100000000000000000000000000000000000010000000000000000000000000000000,ensemble
5,0.005609069484924973,0.0,0.0,0.0,0.0,,ergodic
6,0.18683866484177825,0.0,0.0,0.0,0.0,,complexity
