,Avg Cell Entropy,Avg Stable Cell Entropy,Last Cell Entropy,Stable diag LR,Stable diag RL,Initial,Kind
0,0.9721865687361709,0.9540149541174011,0.9765004687578241,0.9761017927604275,0.9585381494864839,01000000000000000000000000000100000000000001000000100000000000000001000000000000001000000000000100010001000001000000001000000010000000000000000000000000000000000000000000000000000000000001000000001000,ensemble
1,0.9618977288796643,0.933207153946276,0.9877746553159469,0.971096027182294,0.9553510802658808,00100000100000000000000000000000001000000000010000000001000000000100000000000000000000100001001000001000000000000000100010101010010001010000000000110110000000001000100100000000100000000000000010000100,ensemble
2,0.9724082283393636,0.9355072101083295,0.994149171480893,0.9735418836910992,0.9579083341577972,00000100000000000000000000100000000000000000000100000000000000000010010000000000000000001000000000010000000000000001000000001100000010000000000100001000000000000000000001000000100000000010000000000001,ensemble
3,0.9727627967828377,0.956858280104656,0.9858150371789198,0.968240321937299,0.9613496216100116,10000000000100000000000001010000000000000000010001000000000000000000000000000000000000000000010000000000000000000000000100000000010000000000100000010000000000010100000000000000010000100000000001000011,ensemble
4,0.9568437968738936,0.9327388737094163,0.9790514648094594,0.9706351205585408,0.9649174710198704,00000000000001000000000000001000000000000110000000000100000010100101000000001000000000000000000000000010001000001000000000000000100000000000000100000100000000000000000000000000000000000001000000100010,ensemble
5,0.9871572202120322,0.9761886571780893,0.9854054682825988,0.9805114058534499,0.9729084836735551,,ergodic
6,0.020196779075742133,0.03454594819648815,0.0007583769301507948,0.008759078758540761,0.013665779041564519,,complexity
