,Avg Cell Entropy,Avg Stable Cell Entropy,Last Cell Entropy,Stable diag LR,Stable diag RL,Initial,Kind
0,0.45302281341429324,0.450150968505924,0.4529425481872832,0.4290617559410433,0.0,01001000000110000000000000000000000011010000000010000010000000000000000001000000010000000100000000000000000000000000001000000000000001000000000000000010000000011000000100000010000000000000100000000000,ensemble
1,0.4689955935892813,0.46483282468908976,0.4689955935892812,0.48074476546822714,0.0,01000000000000000010000000000000000000010000000000000000110000000000000000001000000000000100000000011000001000010011000000000000000000000011000010000000010000100000000000000000000000001000000000000010,ensemble
2,0.5437031806178803,0.5399812483498388,0.5435644431995964,0.5440348155934669,0.0,00110001000001000000001000000000000000100000000000000000000000000000110000000000000000001000001001000001100000000100000001000000000000011000010000000101000000101001000001100100000000000000000100000000,ensemble
3,0.40226607673245424,0.4003732364100081,0.4021791902022729,0.3875102617199673,0.0,00100000010001100100000000000000000000101000000000000000100000000000000000000000001000000000000000000000010000000010000000001000000000100000001000000000000100000000000010000000000000000000000001000000,ensemble
4,0.4529425481872832,0.45147749298514306,0.4529425481872832,0.43581361757488907,0.0,00000000110011000000000001000000000000000001000000000000000000001100000000000000000000000000000000000100000000100000100000110000000110000000000000000001000010000000000000000000100000000001000000000000,ensemble
5,0.46588118902306896,0.4650381948253567,0.46581762974620744,0.44406146021507203,0.1396409324007135,,ergodic
6,0.0036385811549617397,0.00790266407845508,0.003633965236537584,-0.025608128746275494,1.0,,complexity
