,Avg Cell Entropy,Avg Stable Cell Entropy,Last Cell Entropy,Stable diag LR,Stable diag RL,Initial,Kind
0,0.7289463506356203,0.707901663279958,0.7219280948873623,0.6856230034934061,0.0,00000001000000000100000001000100100010000001000010000000000000000100000100000010000000100100000000101000000001000001000000100000100000000000000000000000000001000000000101000000000000000000000000000000,ensemble
1,0.7089174223935146,0.6998687560787049,0.7014714598838974,0.642078588049887,0.0,00000000001000000001000000001000000000000000000000100000001000000010001000010000000000000000000000000000001001010000001000000000000100000000000100001000000000100100000000100000100000001000000000000000,ensemble
2,0.5944001501566931,0.5720788682937235,0.584238811642856,0.5388202060341866,0.0,00010001000000000010000000000001000001000000001101000000000000000000000100000000000000000000000000000000000000000001000000000000010000000000000000001000000000000000001100000000000010010001000000000000,ensemble
3,0.5944634264540061,0.5832534949923982,0.584238811642856,0.5601858851634304,0.0,00000000010001000000000000000010000000000000000011000000000001000000000010100000000000101000000010000000000000000000000000000001000011000000000000000000000000100100000000000010000000010000000000000000,ensemble
4,0.6662408785754255,0.6506484125797372,0.6577047787442195,0.6380756100190553,0.0,00000000000010000000000000000000000100000000000001000010100000000000000100100000100101000001001000000000000011000010000000000000001000000000000000000000000000000000100000001000000001000000001010000000,ensemble
5,0.6617093230722213,0.6524510714388922,0.6531091121418667,0.6517240177412057,0.18677258948898456,,ergodic
6,0.004708528836655623,0.014868291000877831,0.004888495233450252,0.059484318720637974,1.0,,complexity
