,Avg Cell Entropy,Avg Stable Cell Entropy,Last Cell Entropy,Stable diag LR,Stable diag RL,Initial,Kind
0,0.6559196368061087,0.6473171657765753,0.6577047787442195,0.6617100699411912,0.0,00000010100000000000000000000000000000000000000100000000100101100000100010000000000000000000000001010101111000000000000000011000010000000000000000100000000000001000000000000000000000000000000000000100,ensemble
1,0.6089515670524124,0.6057985166171465,0.6098403047164004,0.6086196203697317,0.0,00100000010000000000000000100000000000010000000100000000000001000000000000000000000000000000000001100100000000000000000000000000000100000000100100000000000000000010000000100000000000000001000110000000,ensemble
2,0.6566547642831861,0.6508797054712003,0.6577047787442195,0.6034240276759971,0.0,00000010000000000000110000100100000010000100000000001000000000000000000000100000000000000000000000000000110000000100000000000000000000010000000000000000100010000001000000101000000100000000000000000000,ensemble
3,0.6567164343503457,0.6521298580109212,0.6577047787442195,0.6034013599316183,0.0,00000000100100000000001000110000000100000000010010000000000000011000000010000000000000000000000000000000000000010000010000001000000000000000000000001000000000000001000000001000000001000000010000000000,ensemble
4,0.7207031238618171,0.7056281163381272,0.7219280948873623,0.6961062956308951,0.0,00000000000000000010000000000000000000000000000100000000000001001000001000000000000000000000000000001000000001000000110100010000001000000101000000000010001000100010000000010000000000001000000000000100,ensemble
5,0.6610852494702317,0.6617898005451878,0.6622595460438849,0.6676845330523649,0.22392465385158764,,ergodic
6,0.001960630948121045,0.014263030488861794,0.0019373052215930775,0.04947285238354859,1.0,,complexity
