,Avg Cell Entropy,Avg Stable Cell Entropy,Last Cell Entropy,Stable diag LR,Stable diag RL,Initial,Kind
0,0.00022707346166897052,0.0,0.41955649623854696,0.400200599365141,0.400200599365141,00000000000000000100000010000000000000100000000100100000000010000000000000000000000000000000000100010000100000000010000000000010000000000000000010000000000000011000010000000000000000000010000100100000,ensemble
1,0.00022707346166897052,0.0,0.4364698170641029,0.4273938896448943,0.4273938896448943,00000000000001000001000000100000000000000000101000100000000000000000010000000001000000000001100000000000000100000000000100000010000000000000010000000000000000000000001000010000001000000010000000000100,ensemble
2,0.0009082938466758821,0.0,0.48464773973144537,0.47481510159229856,0.47481510159229856,00010000000110000000000000000000000000000001000000100000000000100000000000000000000100100110010000000000100000001000001010000000000011000001000100000000000000000000001001001100000000000000100000000010,ensemble
3,0.00045414692333794104,0.0,0.4021791902022729,0.41717573533842184,0.4171757353384218,00000010110000010100110010010000000000000000000100000000001000000000001000000000000100000000000000000000000000000000100001000000000000100000000000000000000000000000000000000000000000100000000000000001,ensemble
4,0.0010851860644864675,0.0,0.4689955935892812,0.43641088117140553,0.43641088117140553,00000100000100000100000000100000001000001110000000000000000000000000000000000000000100000000010010000000110000000001101000000010000000000000100010001000000001000010000000001000000000001000000000000000,ensemble
5,0.27925523735654045,0.2785708016269984,0.44311055824469103,0.44902238515792947,0.4130535046080169,,ergodic
6,0.9979217766618763,1.0,0.0016717969494919327,0.03969321870050746,-0.04393071747844268,,complexity
