,Avg Cell Entropy,Avg Stable Cell Entropy,Last Cell Entropy,Stable diag LR,Stable diag RL,Initial,Kind
0,0.13988441883632535,0.0,0.9988455359952018,0.9827213848217909,0.9827213848217909,00100001001000000100000000000000000100000001000000000000000000000000000001000000000000000000000000000000000000010001000000100110000001000000000100010000000000000000000000000000010000000000000100000100,ensemble
1,0.11661536196780395,0.0,0.99819587904281,0.9897970008774843,0.9897970008774843,10000100100001000000000000000000000000000100000000000000000000010000000100000000000000100000000001000000000011000001010001000000000000100000001100010000010000000000000000000000000010000000000000001000,ensemble
2,0.1482772967475341,0.0,0.9993506898146105,0.9914122054697057,0.9914122054697054,00000000000000100000010000001000010100010000000001000000000001000000000000001000000000000000010000000000000000011000000000100010000000000010000000000000000000000000000000000000000000100000000000000000,ensemble
3,0.16485380801723415,0.0,0.9988455359952018,0.9895167664491146,0.9895167664491146,01000000000010000000000000000101100000010000100000000000000000001000000000000000000000000000000010000000000000000000000000000000000000000000000100100000101000000000000000000000001000110010000000000000,ensemble
4,0.08586854995320796,0.0,0.9974015885677396,0.98863941073336,0.9886394107333601,00000000000000000000100000100000000000001000100000100001000000100001100001000000000001000010000000000010101000000000010001000000000100000000000000000010011000000010000000000001010000000000010000000001,ensemble
5,0.9025215210851436,0.8882822392140578,0.9986030202378096,0.9944668480372638,0.991659771657494,,ergodic
6,0.8547404310682879,1.0,7.527951866093119e-05,0.006083153379031536,0.003269687931157561,,complexity
