,Avg Cell Entropy,Avg Stable Cell Entropy,Last Cell Entropy,Stable diag LR,Stable diag RL,Initial,Kind
0,0.8607739457713174,0.8605900893653362,0.862174529941225,0.8323133701336234,0.0,00000000000001001000010000001000000000001000001000000000100000000101000001000000010010100000000100100000000000011100000000010001000001010000000000000100000001000000001000010010100000000001001100000000,ensemble
1,0.582959289759467,0.5771801895173587,0.584238811642856,0.5350822975972499,0.0,00000000000000000000000000000100010100000000000000000110000000000000000000000001001000000010000000000010100000000000000000000000000000000100010010000000000000100000000000100000000000000000000000000000,ensemble
2,0.4991525472428738,0.496441038805075,0.499915958164528,0.5043122546665394,0.0,00000001000000001100000000010000000000000000010000000000000000001000000000000000000000000000000000000010000000010000000000000000000000000001000000000000000000000000000010001000000000000000000000000100,ensemble
3,0.5833747885838784,0.581332929535446,0.584238811642856,0.5420872225945409,0.0,00000001000000001000010000000110000000000100000000000000000000011000000000010000001000000000000000000000000000001000000000000000010000000000001000000000000000001000000000000000000000100100000000000000,ensemble
4,0.46826910362128626,0.4608283792420831,0.4689955935892812,0.49187857696595816,0.0,10000000110000000000000000000000010000000000000001000000000000000000000000000000001001000000001000000000000000000000000000000000000000000000000000000000000000000000000000000000000000001000010001100000,ensemble
5,0.621081973720641,0.6217704229840321,0.6222126380063133,0.6401952346027578,0.19693610287739932,,ergodic
6,0.035705494062287846,0.04261363473002111,0.035839672240694176,0.09225387353566061,1.0,,complexity
