,Avg Cell Entropy,Avg Stable Cell Entropy,Last Cell Entropy,Stable diag LR,Stable diag RL,Initial,Kind
0,0.8144732372069364,0.809135407828924,0.8112781244591328,0.8150325319074212,0.0,00000001000000000000000000000100100000000001000000001000010001001111101000000000000001000000000010100000000000100000010000010000000000000010000000100000000000010000000000001000010000101000111010100000,ensemble
1,0.6866951765131573,0.6756667202354194,0.6800770457282799,0.6831925733069794,0.0,10000000000000000000100000000000000000010000000100100000000000000000000000000000000000100001000000011000000001000000100000101000000000000000001000000000000001000000001010000000100000000000000000010000,ensemble
2,0.7075928314648285,0.7003863440981013,0.7014714598838974,0.7132250792348398,0.0,01000010000000000000000000000000000000100010000000100000000000000000000100000000000001000101000000000000001001000000000000000000000010000000000001000000000100000000000000001000000010000100000001011000,ensemble
3,0.7823251493188925,0.7722000487452039,0.7780113035465377,0.7456074078197805,0.0,00001000000000000000100000000000000000110100000100000001000110100000000000000000000000000000100000000000000000000000011010100000001000000001000010000110000010000000000100001000000000001001000010000100,ensemble
4,0.7275821231970664,0.7133359225207991,0.7219280948873623,0.7225097477590213,0.0,01001000010000000100000000000000000000000001000000100000000000000000000100000000000000000000000001001000000000000000100010000001001000010100000010001000000000001000000000000000000100000000000000001000,ensemble
5,0.7466069684416016,0.7396756398267214,0.7414827399312737,0.7483540224572138,0.23853128123194497,,ergodic
6,0.0038484303293107036,0.007477265497519259,0.003950913584992333,0.016623889333496344,1.0,,complexity
