,Avg Cell Entropy,Avg Stable Cell Entropy,Last Cell Entropy,Stable diag LR,Stable diag RL,Initial,Kind
0,0.4367992716865666,0.43586834611955166,0.4364698170641029,0.0,0.41730803737096267,00000000000000010000000010000000000001100000000000000000000000000010000000100000100100000001000000000110000000100000000000101000000000100000000000000000001010000010000000001000000100010000000000000001,ensemble
1,0.45318334386831327,0.4519729941600899,0.4529425481872832,0.0,0.4281410007139741,00001000000000000001000010000001000000000000100000000100000000000001000000000000000000100100000000000000000010001100010000100000000000000001101000010010000000001001000000000000000000000000000000001000,ensemble
2,0.307470125453697,0.3016606439315364,0.3072683598607598,0.0,0.30997099082404733,00100100000000000000100000000100000000000010000000000100000000000000000100000010000000000000000000100000000000000000011000000000000000000000000000000000000000000000000000000000000000001100000000000000,ensemble
3,0.3473601353566055,0.34357678363938793,0.34698128810061335,0.0,0.33496004304750826,10000000010000000000000000000000000000000000000000000011000110000001100100000000000000010000000000000000000000100100000010000000001000000000000000010100000000000000000000000000000000010000000000000000,ensemble
4,0.40235296326263564,0.4010753461617553,0.4021791902022729,0.0,0.3914854509194458,00010000000000000100000000000000000000100000010000000000100000010000010000001000000000000000100000000000001001000000000000000000000000000000100001010000000000000010100100000000000000000000000000001000,ensemble
5,0.39178726667903896,0.39101523207133193,0.39151926988152996,0.10942952960012522,0.39371923993272523,,ergodic
6,0.006008614760325659,0.010701397095712828,0.006004887573566764,1.0,0.04405711887613506,,complexity
