,Avg Cell Entropy,Avg Stable Cell Entropy,Last Cell Entropy,Stable diag LR,Stable diag RL,Initial,Kind
0,0.9311991741445896,0.9181908424035171,0.9506720926870659,0.7892412992725572,0.9399367685260434,10000000010000001000000000001000000000000000000000000001000000000000000000011000000000000100000000100000000000001000000000000000000010100000000000000000000000000000000000010000000000000000000000000000,ensemble
1,0.9327323559748453,0.9179435340986848,0.9790514648094594,0.8603797947340016,0.9415716129611627,00000000000000000010000000010000000011001001100000001000000001000000000000000000001001000000000000000000000000000000000000000000000010000000000110000000000000000000000000000000010000000000100000100000,ensemble
2,0.9320690099822392,0.9203946425899985,0.9384543826025638,0.3799819986400596,0.9257297384857627,01000000000111000110010010000000000100000001100000000000000000100100000000000010000000000000000000000010101000000100000100000000000100000000000000000101000000000100010000000000001000100010011001000000,ensemble
3,0.93464482256509,0.919303579558822,0.9679505356936394,0.5515812199081749,0.9336223339263044,00010000100000000000000100000010000000001000001000000000000010000100100000000000000000000000100000000100000000000000000001000000000000000000000100000000000000000000000000000000000000000001000000000001,ensemble
4,0.9453964145126794,0.9189393343604852,0.9506720926870659,0.696691864988924,0.9396538108547564,10100010000000001000000000000000000000000000000000000010000000000000000000000000000000001000000000000000000000000000000000000000000000000000000000000000000000000000000000000001000000000000000000000000,ensemble
5,0.9577962938100347,0.9439698443241386,0.9587452303135016,0.7847748946301389,0.943438137918264,,ergodic
6,0.023583238440287757,0.026500272092640276,0.0014447181313118618,0.16463276285397332,0.007775056649335421,,complexity
