,Avg Cell Entropy,Avg Stable Cell Entropy,Last Cell Entropy,Stable diag LR,Stable diag RL,Initial,Kind
0,0.8208969015208638,0.82096577932933,0.7950402793845223,0.6645320895448026,0.6780956702903184,10000000000010000101001100011001001010000000001100000000000000000000000000000001000000010100000000001000010000000001001101100000010000110000000000000110000000000010000000000000000000010000000000100000,ensemble
1,0.8167681382300946,0.8226526960538013,0.8812908992306927,0.7390022393642813,0.7524063971657209,00010001000010010000001000000000000000000000000000001000000000000010000000000000000000000110000000000000000000000000010000000100110000001000000000000100000000000000000000000110001000000100000000001010,ensemble
2,0.7885196327987086,0.8066310843917499,0.8112781244591328,0.7319774763557656,0.7435436132881259,00001000000000000000000000000000000000000000000000100000000000000000010000010000000000000000000000000001000100000000000000000000001000000000000100000001000000001000000000000010000010000001000100000000,ensemble
3,0.8119131091845897,0.820194462967625,0.7950402793845223,0.7271272683688969,0.7425926619774432,00100000000010100000000000000001000000000000000000000000001000000000000000100000000000000000000001000000000000000001000000001001001000001000000100000000000000000011010101001000010000000000000000000000,ensemble
4,0.80921381981931,0.8076186476216557,0.8112781244591328,0.6550955716025582,0.7101936965188642,01000010101010000000000100001000001100000000000000000000000000000001000001000000000000000000000000000000000010000000100000000010000000000100000001000010000000000000000001000000000000000001000000000010,ensemble
5,0.8117151450333182,0.8195587632595721,0.8206501291977117,0.745381755981017,0.763892110641728,,ergodic
6,0.0027753883075724017,0.004815065573876343,0.0022720861762782762,0.05612537011815655,0.05043343458707672,,complexity
