,Avg Cell Entropy,Avg Stable Cell Entropy,Last Cell Entropy,Stable diag LR,Stable diag RL,Initial,Kind
0,0.9937742728154012,0.9943928743201392,0.9858150371789198,0.9091474508253456,0.8737277396047234,00000000000000000001010100001001000100000000000000000000000000000000100100100000010100000000000010000000000000000110000000000000000100000001100001001000000000000000001000000000100001000001000100000000,ensemble
1,0.9941085007136212,0.9932650299563704,0.8341980958607492,0.9065670133553194,0.8913490227533657,00000010010100000010100100000100000001000000010000000000000000000000001010010000001000100010000000110000000000000000000000101010000000001100001000000000000000000000000000000101100000000000000000000000,ensemble
2,0.9951087346831841,0.9945309364344784,0.9679505356936394,0.9356015927797499,0.9386779042236366,00000000000000000000100000000011000000000000000000010000001000101000001000000001000001000000000000101000000000000000000000000001000000000001000000001000010000000000000010000000000001000000000001000000,ensemble
3,0.9952483958911991,0.9949140030893188,0.9837082626231857,0.8631107780344187,0.8896991213097933,00000000000000010001100001010000000001000001000010000000001000100000000000000000010000000000010000000000000011000000100000000000000000000000001100100000000000000000000110010000000000100010000000010000,ensemble
4,0.9951010118206324,0.9938169250522292,0.9997114417528099,0.8903125489249962,0.9316905755489301,00000000000100000010001000001000000000000000000100110000100010000000000001000000000000000010000000010011001010100000000000010010000000001000010000000000001000000100000010000010000000010000000000000000,ensemble
5,0.9970327629608806,0.9977242311849446,0.9984730898903078,0.9465078921879043,0.943679926921293,,ergodic
6,0.0023716169256573494,0.0035483526447310787,0.04426400242123951,0.0481348499890728,0.040957800553520496,,complexity
