,Avg Cell Entropy,Avg Stable Cell Entropy,Last Cell Entropy,Stable diag LR,Stable diag RL,Initial,Kind
0,0.5703747442266902,0.568815115613378,0.6461380758647463,0.09028129629463155,0.5642836369545581,00000100000000000010000010000000100000001100000000000000000001000100001000000000000000000000000000010000000000010000100000001000011000010000000000010000000000000000011000000000000000000100000000000001,ensemble
1,0.5294031607622723,0.5258125072315619,0.6098403047164004,0.07350223933192443,0.4968786502925177,00100000100110000000000000000000000000001000011000001000000100000000000000000000000000000000000000000000000000010001000000100000010010001000010000000000000000000000010000100010000000000000000000000000,ensemble
2,0.46096907088828226,0.45789152080739837,0.5148156530047155,0.060150985725779864,0.43510539095449663,00000000000000000000000000000000000000010000000000000001000001001100000000000000000000000000001000000000000000000100000000100001000000001100000000000000000000000010000000000000000000011000010000100000,ensemble
3,0.46036524021618674,0.4572164258396286,0.5574381850279891,0.06352830758930358,0.45377677855686427,00000001000000000000000000000100000000001000010000000000000000000000000000000000000000000010100100000000000001000000000000000000000000000000000010001001000000010000000000010000000000000100100000000100,ensemble
4,0.6947009411791403,0.69031606429163,0.8032566997760642,0.11703617398909397,0.6764362568826392,00000001000000000000000000000000000100001000000010000000010000000000000010001010100000000100000001000000101010000001000000110000000010000100000010100000000000000001000100010000000000100000001000000010,ensemble
5,0.5506901714522066,0.5498583957856441,0.6366965139166221,0.22433517497797906,0.5554181538557504,,ergodic
6,0.013669283360989604,0.01791019124997395,0.0163323184772467,0.6393797780749815,0.05423303310924599,,complexity
