,Avg Cell Entropy,Avg Stable Cell Entropy,Last Cell Entropy,Stable diag LR,Stable diag RL,Initial,Kind
0,0.9957826660420227,0.9922083170719972,0.9999278640456615,0.9737003998110986,0.9836304493873816,00000000000000000000000110100001000000010001001100000000000101000000000010000010000000000000000000000010000000000000000000000000000000000000001100000000000010000000000000000100000100001101010000010100,ensemble
1,0.9967606313947585,0.9944109925822573,0.9988455359952018,0.9705514565598082,0.988527822788938,10000000000000000000011000000000100000000000010000000000000001001000011000100000000000000000010000000010000000000000000000100000000100000000000000000000101001010000000011000000010000000000000000000000,ensemble
2,0.995889079505668,0.9916887953809441,0.994149171480893,0.9692649605268989,0.9880883643140737,00100000000000000000010000000010000000000000000100000000000000000000101001000000000000000000100000001000010000010000110000000000001100001010011000000000000000000000000000000000000010000000000000000000,ensemble
3,0.996044212669417,0.9930275905946025,0.9988455359952018,0.971241077906333,0.9845616359868322,00001011001100000001000000000000000000000000010000000000100000000000000100001000000001000100010101000000100000100000100000000000000000000000010000001000000010001000000000000000000000000000000000000000,ensemble
4,0.9962977014369523,0.9925123912462368,0.9993506898146105,0.9684442427032858,0.9893083921419166,00000001000100000000010000011001000000000000101000100100001000000000010000000000000100010000000000000000000010000000010000000100000001010000000000000000000000000000100000000000000000000000010000001000,ensemble
5,0.9991076688708955,0.998470835490021,0.9995123141215678,0.9828483345462687,0.9930866951654939,,ergodic
6,0.002955447899292696,0.0057099495670451805,0.0012891833717794121,0.0124209469718638,0.006306964207814292,,complexity
