,Avg Cell Entropy,Avg Stable Cell Entropy,Last Cell Entropy,Stable diag LR,Stable diag RL,Initial,Kind
0,0.9999278640456615,0.9976147272505689,0.3072683598607598,0.9921952426870889,0.9915692710309076,00000000000000000000000000000000000000100000000000000000000000000010000010000000000000100000000000000000000000000001000010000000000000000100000000010001000000000000010000000000000010000000000000000000,ensemble
1,0.9988455359952014,0.9977032543176785,0.499915958164528,0.9921952426870889,0.9888797989322063,00000000000010000000000000000100000000100000000000000100010000001000000000100100000000000000000000000000000010100101010000000010000110000000000010001000000000000010000100000000001000000000000000000010,ensemble
2,0.9993506898146106,0.9967228432792641,0.48464773973144537,0.9921952426870889,0.9888141674555417,00000000000000000000000000000100000100001000000000001000000100000000000000000001000000000001000000000000001000000100000000000000001000010000100000000000001000000000000010001000011110000000000000101000,ensemble
3,0.9988455359952014,0.9980534275893763,0.5293608652873644,0.9921952426870889,0.9811610661713551,00010000001100000000000000100100000000010000000000000100000001000000000000100000000000000000001000000000010100010000000000000000000000000100000000000000001000111000000000000000000000110100001110000000,ensemble
4,0.9999278640456615,0.9992784102340905,0.41955649623854696,0.9921952426870889,0.9849815307893626,01000000000000000000000000000000000000010000000000000000100000000000000010000000000000000001001000000000010000100000000000001001000000010000000101000000010000000010000000000000000010000010000000000000,ensemble
5,0.9999740313334509,0.9998095458582781,0.4529425481872832,0.996654570371839,0.9938141218260416,,ergodic
6,0.0005945487938229244,0.001935381925586066,0.010581174919280567,0.004474296127580324,0.006774863429989897,,complexity
