,Avg Cell Entropy,Avg Stable Cell Entropy,Last Cell Entropy,Stable diag LR,Stable diag RL,Initial,Kind
0,0.991580196786513,0.99196016527852,0.9993506898146105,0.9642724687939459,0.9651501492537338,00000000100001000100000000000001000000000000000000001011000000000000100000001000000000000000000000000001100001000000000100000000000000000000100000000001001000000000100110000000000001000000100000000000,ensemble
1,0.989836480390765,0.9911980955835414,0.9927744539878084,0.9698392965177504,0.9632831825903829,00000010000001001010000000000000000000000000000000010000000000000000000100000010000000000000000000000000000000100000000000000000000000010000100010100000101000101000000000000010010000000010000100110000,ensemble
2,0.9893619929978567,0.9890775666171241,0.9999278640456615,0.9549682088226077,0.9705981708886687,00000000000001001000000001000100000000110001000000000001000000000000000000000000000000100000000000000000010000010000001000000000001000010000001001000000010000000000001000000000000001000000000000000000,ensemble
3,0.9893095380271248,0.9915160342727376,0.99819587904281,0.9614258805694648,0.9563748430350045,00000000010000000000000001100000000000000100000000000000000001100000000000001000001000000000000000000000010000000010000010000100000000000000000000001000000001010000100000000000010000101000000000000000,ensemble
4,0.9947098292737457,0.9910829139363677,0.9993506898146105,0.968601748860161,0.9707066490105197,00000000000000010001000000010100001010001000000010000000000000000000000000100010000000010000000100000000000001000000000010000100010000000000100100101000100000000010000010000000000100000010000000000000,ensemble
5,0.9962023979251319,0.9977824651853942,0.9994343896240241,0.983799262975298,0.985024647236769,,ergodic
6,0.005262776360356325,0.006830657268034335,0.0015153313700697613,0.0203067261934039,0.020103099284527026,,complexity
