,Avg Cell Entropy,Avg Stable Cell Entropy,Last Cell Entropy,Stable diag LR,Stable diag RL,Initial,Kind
0,0.8580675165372142,0.9379401159022163,0.9765004687578241,0.8996338125519513,0.8981192915509613,01100000010000000000000000000010000000000000100000000000000010000000000000000001000000000000101100000000001000010000000000000000000000001001000000000000000100000011000000000000000000000000000000000000,ensemble
1,0.8256174077403319,0.8960577290033116,0.9426831892554922,0.8437614718758313,0.8171387753100061,00001000000100000001011000100010000010000000001000000000000000000100000000000001100100000000010000010000100000000000000000000010000000000000000000011000001000000000010000100010000000010000000000011000,ensemble
2,0.8254189924682069,0.9297217424463667,0.9467554496831931,0.8983988690905234,0.8941866524984364,00001010000010010000000000000110000000100000000000001000000001000000000000000000000000000000000001000000000000000100000010000000001000000000001000000000010000000000000000100010000000000100000000100000,ensemble
3,0.916052220389175,0.9360831566749855,0.9506720926870659,0.8940365887283681,0.9002569727681908,00000000000101000101000000000000011000000100000001000000000000000010000000000101000000000000000000000010000000000110011000100000000000000100000000000000000100100001100000000000000100000000000000000100,ensemble
4,0.042462737332097475,0.0,0.0,0.0,0.0,00000000000000000100100000010000001000000000001000000000000000000000000001000000000000000000000010010000000000000000000000000000000000000000000000001000100000000010000000000010000000000100000000000000,ensemble
5,0.7782291459552702,0.8511566925080346,0.8825098588399869,0.7051608447467642,0.699854923161151,,ergodic
6,0.10884374030722,0.13064121410478013,0.13505528303098813,-0.002843753616652789,-0.0029797822310777544,,complexity
