,Avg Cell Entropy,Avg Stable Cell Entropy,Last Cell Entropy,Stable diag LR,Stable diag RL,Initial,Kind
0,0.46953173115747704,0.466388835654753,0.4689955935892812,0.0,0.4641940926539888,00101100000010000110000001001000010000000000000000001000000000001110000000001000000000010001000000001000001000000000000010010000000000000000010010000000000000000001000000000000000000000000000000000010,ensemble
1,0.45342013055674485,0.4495540598979554,0.4529425481872832,0.0,0.4411122945873383,01000000000000000010000000000000110000100000000000000000000001001000100000000000000000000000000000000001000000010010000000000000000000000000000101000000010001000000001100001000001000100000001010000100,ensemble
2,0.24306612482718432,0.23423089579877715,0.24229218908241482,0.0,0.2172550952896469,00000000000000000000000000000000000000000000000000000000000000000001000000000000000000000000000010000000000011000000000000000100000001000000011000000000000000000010110000000000010000000000000000000000,ensemble
3,0.48509449951490824,0.48061911348305486,0.48464773973144537,0.0,0.4715282278698995,00000001110001000000100000000000000000000000000000000000000001000101000000000001000010000010000001001000000000000001000100000100001101000001000000000000100010000000000000000110000000000000000000000100,ensemble
4,0.41972562944680264,0.4129959773430339,0.41955649623854696,0.0,0.40999786068420047,00000001000010000000000000000000000000000000000000000000000100000000000000000000100000000000000100000100001000000000000001000000000001001000000100000000000101001000010100000100000000000100100000000000,ensemble
5,0.4200334079397504,0.41850704977661257,0.41955649623854696,0.11333191583497572,0.4182046315139363,,ergodic
6,0.01396504356141215,0.02329536227956397,0.013989970183694855,1.0,0.041575621087644565,,complexity
