,Avg Cell Entropy,Avg Stable Cell Entropy,Last Cell Entropy,Stable diag LR,Stable diag RL,Initial,Kind
0,0.9525182719564139,0.9719837168534482,0.9927744539878084,0.9600413449945313,0.9523389066062783,00100000000000000000000010000000000000000000100000000000000000010000001000000000000000000010000011001000010001001000000001100000000000000100000000000000000000000000000000000000000000100000000000000000,ensemble
1,0.9857099294873484,0.9872065662152614,0.9997114417528099,0.9668797494545731,0.9546354719583189,10000000011001000000000000000000100000010100000000000000000000000000000000010000010100010011000011000010000001000000100000000000000010000000000001000000000000000001001100001100000000001000100000000001,ensemble
2,0.9749059401571717,0.9830033193195332,0.9997114417528099,0.9569766127263298,0.947512613638053,00000000000000000000010100010000000000001000010010000000100100000000000000000000000000100000000000000000000000000000101000000000000000011000111000000100001010100000000000110000010000000000100010000000,ensemble
3,0.9732731278101102,0.9802351069134646,0.9974015885677396,0.9718820379753154,0.9413178461673585,00010000000000010000000000000000000000010000000010000000000001000100010000000000100000000010010010001000000000000001100000000000100010000000000000100001000100001001010000000000000000000000000000000100,ensemble
4,0.976278114836119,0.9842646300383057,0.9997114417528099,0.9678880879292379,0.9676514887023613,00000000010000000000010000000001001000000000000000000100000000000001100110000000000000100000000010001000100000000000100100010000000000001000000000010000010000000001000000000000000100000000000000000100,ensemble
5,0.9886928065990258,0.9948403012895232,0.9999884584088952,0.9813984571420993,0.9778579887929166,,ergodic
6,0.016340494885531576,0.013571659093443933,0.0021264093882471524,0.016980758839412746,0.025736583089645437,,complexity
