,Avg Cell Entropy,Avg Stable Cell Entropy,Last Cell Entropy,Stable diag LR,Stable diag RL,Initial,Kind
0,0.7779657645606807,0.7757377474642664,0.9199534913630799,0.6707262960737178,0.40759127720571,10000000000000100000000000100000001000100000001000010000000001000000000000000000000111001000010000000100000000000011000000000000001000000000000000000000100000000000000000000000000000000000000010001000,ensemble
1,0.7642274902513361,0.7596370675556656,0.904381457724494,0.6954687978233552,0.39335943227629866,00000000000000000000000010001000001000100001000010000000110000000000000000000000000001000000000100001000010000000000001000001000010000000000000000000000000000000000000010000000000000000001100000001000,ensemble
2,0.635603093525615,0.6425830220312082,0.731816079376955,0.4330444918817704,0.38976021947360623,00000000000000000000000000000000000000000000000000100000000000000000000010000000000000000000100000000000100000000000000000000000000000100000000000000000000000000001100000000000000000000000000000000000,ensemble
3,0.79741478000517,0.7964358208506578,0.9679505356936394,0.7153406354569286,0.3910057996106592,00000000001010100001001000000000000000000000100000000000000000001000000000000110000100000000000000000000000000110000000000000000000000000000001000000100000000001000000000000000000000100000100000010010,ensemble
4,0.7932499657169592,0.7925953767638176,0.8873172562752067,0.6636671002701816,0.4258864347864804,01000000000100000000000000000000000000000000000000110000000000000000000000000000000000001000000000001000000000000000000100000000100100000000000100000000100110000000010000000001000001000000000001010000,ensemble
5,0.7600392417658862,0.7637240898908146,0.8954686411420223,0.7062014930904993,0.5358028566783605,,ergodic
6,0.008350914801698028,0.01352096011423154,0.014723996407659978,0.09990353954160691,0.2506187160708224,,complexity
