,Avg Cell Entropy,Avg Stable Cell Entropy,Last Cell Entropy,Stable diag LR,Stable diag RL,Initial,Kind
0,0.5605127227740048,0.5487226994395783,0.41955649623854696,0.5284966776411881,0.0836028579984224,00000000000100100000000000000000100000000000000000000010001000010000000000000000100001000000000000000000000100000001100000000000000000110010000100000000000000000000000001000011000000000000010000000010,ensemble
1,0.5186276605936484,0.5029864295768114,0.41955649623854696,0.5007220399765709,0.07347559026929212,00000100000000000010000011100000000000000000000000000000001000000010000000000001000001011100000000000010000000000100000000000010010000011010100000000000000000000000000000000000000000000100000000010000,ensemble
2,0.5400135487215383,0.5225655393725911,0.41955649623854696,0.5049481750116609,0.07690173746537898,00000000000000000000000100000000000010100100000100001000001000000000000000000001000000000110011000010000000000100000000100000000000000000000001000000001100000000000100000000000000000000000010000000000,ensemble
3,0.5187020948269138,0.5026551710711703,0.4021791902022729,0.4560580871468184,0.07691972910750675,00000000000010000001000000000000010100000000000000000000000010001000000010000010000000000000000000000000010000000000000000000000000000000000001100110001000000010000000010000001000000000100000000000000,ensemble
4,0.4958274994242051,0.4804175011357973,0.38431154412649704,0.47176686248614735,0.06353589160231983,10100000100000000000000000000000000100000000000000010000000000000001001001000100000000000000100000000000000001000000000000100000000000000000010000000000000000000000000000011110010000000000000000000000,ensemble
5,0.5272431387929671,0.5150728028908779,0.4091874050295285,0.5020213275018899,0.2008612575058946,,ergodic
6,0.0009605312760720963,0.006995777590010799,0.00037968035852709026,0.019168426762459556,0.6271697079941545,,complexity
