,Avg Cell Entropy,Avg Stable Cell Entropy,Last Cell Entropy,Stable diag LR,Stable diag RL,Initial,Kind
0,0.14598946651740927,0.03,0.9993506898146105,0.9918347666898776,0.9921952426870889,00001000000000000000000000100010010000000100010000000001000000000100000000000000000000000100000101000000000000001000000000000100100001000001100000000000000000000000000001000000000000001000000000000000,ensemble
1,0.17401899500406418,0.05,0.9988455359952018,0.9919116087333179,0.9920584334081815,00010100000000101000000001000000000100000000000000000010000000100100000000000000000001000000000000100000000000000000000101000000001000000001110000000000000000000000000000010000000000000000000000000000,ensemble
2,0.15721023232010153,0.06,0.9974015885677396,0.9905976346510752,0.9921952426870889,00000101000000000000010000000100000000000000000001000000000111000000000000001001000000000010000000000001001001000000001001000000100000010001000000000000100000000000100010000010000000000000000000000000,ensemble
3,0.1707791810675567,0.04,0.9999278640456615,0.9917586367386216,0.9920296220692925,00000000000101000010000000000000010000000000010000000000000001100000001011000000000000010000000000000000000000000000100000000000000000000010011000100000000000000000000000100000000100000000000000000000,ensemble
4,0.17057417731288038,0.04,0.9988455359952018,0.9917506900266113,0.9921952426870889,00000010010011000000100000000010100001000001000000000000100000100000000000000000000000000000001000100100000000001000100000000100000000000000000000000000000000000000000000001100000000000010000010000000,ensemble
5,0.8505763042080186,0.8382134297031658,0.9990649315776107,0.9963812943142285,0.9966316664837461,,ergodic
6,0.8075253100345432,0.9475074027201144,0.0001908671677891549,0.004828098413508175,0.004512108060808262,,complexity
