,Avg Cell Entropy,Avg Stable Cell Entropy,Last Cell Entropy,Stable diag LR,Stable diag RL,Initial,Kind
0,0.18590814670950792,0.03,0.9993506898146105,0.9918982656516587,0.9921952426870889,00000000000000000000000001000000000100011110000000100000000000000000000000100000000000000000010000000010000100000000000000000000000000000000100000001000000000000000000000000000101010000000011000000000,ensemble
1,0.16369568690518543,0.04,0.9988455359952018,0.9875044548914198,0.9921952426870889,00000101010000000000000000000000000000010001000101000000000000000011000000000000000000000000001000000000001000000010010000010000000000000000000000000100000000100001000001001000000000000100100000001010,ensemble
2,0.16740581714104358,0.05,0.99819587904281,0.990615367281539,0.9921952426870889,00000110000000100000000000000000000000000100000000010000000000000010000000000000000000000100000000000010000000000100000000000000010000000001001000000000000010000000000000000101000001100010000000001000,ensemble
3,0.18839049442124786,0.02,0.9997114417528099,0.9919309309891723,0.9921952426870889,00000000000000000010000000000000000100000000000000010011000000000000100011000000000001100000000000010000000000000000000001000100000000000000000000000000000000000000000000000000100000000000000010000000,ensemble
4,0.1636824100069533,0.06,0.9974015885677396,0.9917901421365097,0.9921952426870889,00101000000010000110000000000010000000000101100001000000000000000000110001000000000000000000000100000000100000100000000100000000010000000000000010010010000000000000000000000100000000000000100010000000,ensemble
5,0.761100430592156,0.7340191219480507,0.9988455359952018,0.9964206692776388,0.9966460048722537,,ergodic
6,0.7716247369594131,0.9455055068676659,0.00014467598378298252,0.005693214986890349,0.004465740256225925,,complexity
