,Avg Cell Entropy,Avg Stable Cell Entropy,Last Cell Entropy,Stable diag LR,Stable diag RL,Initial,Kind
0,0.8993771236931957,0.887984921639366,0.9506720926870659,0.8584915865106961,0.20721729405994957,00000010000000000000100000100000000000010000000100100000100000000101000000010000100000000110000000100000000000000000000010001010000000001000010000100000001010000000000000001000000000000000000100001000,ensemble
1,0.9262784179627684,0.9145935067811973,0.9647995485050872,0.8974725468696813,0.2272173892674721,00100000000100100000000001001000010000001010000000000000000000001000000000000001000000000000000000001000000000000000000010001000000000000000001010000100000000000000100000000000001000000100000000000000,ensemble
2,0.9397478746571672,0.924226572289543,0.9709505944546686,0.897940383320364,0.2271784630685156,00000000000000110000010000000010001000000000000000000000000000000000000000000010100000000000000001010000000000000000100000000000000000001100010010000010000000000000000000000010000010000000000100000100,ensemble
3,0.9398519195970416,0.9261809866312524,0.9647995485050872,0.8962938027485091,0.22722167972449783,00000000000000000000000100101000000000000010000001000000000010000000000000000010000000100001000000001000000000000000000000100101010000000000000100000010000000000000000001010010000000000100000000000000,ensemble
4,0.9245979257228086,0.9080063632834745,0.9199534913630799,0.8828382642027167,0.22070492754615212,00000000000000100000011000000000000000000000000001000000000000000001000011001000000000000100100000010000010000000000100000000000000010100000000000000000100000100000000000010000000000100010100000000100,ensemble
5,0.9293592419860963,0.9179077532373605,0.9558956318258475,0.9007057308444949,0.4590319977836538,,ergodic
6,0.0036461569503073443,0.0062198876654629975,0.001737194592758895,0.015652630633184672,0.516574112905513,,complexity
