,Avg Cell Entropy,Avg Stable Cell Entropy,Last Cell Entropy,Stable diag LR,Stable diag RL,Initial,Kind
0,0.0928256564298853,0.05565914825568297,0.0454146923337941,0.05065267081108295,0.0033444816053511705,10000000000100010000010100000000100000000000100000000000000000000000000000000001000000001001000000000010000000000000000100000001001000000000010000100000000010000000100000000000000001000000010000000000,ensemble
1,0.3124169878697325,0.2926825665550981,0.218877726539011,0.2656508879546268,0.033442864923331025,00000100100010000000010000101010000000100001010000000000100000000000000000001100000000000000000000000010100000010000000100101000000001000010000000001110010000000000000000000000000000000000010000000000,ensemble
2,0.2498280805018711,0.21909665203392337,0.16866093149667025,0.1967802677809531,0.026745703612380007,00000000000000000100100000000000000000000000101100000100001001000000000000000000000000100000000000000010000010100000111001010000010000000000000000000000000000100100000000000000000000000000000000000010,ensemble
3,0.31272940146530215,0.2900180427034392,0.218877726539011,0.2861742544189388,0.033433505647357226,00000000100000000101101001000000001000010001100100100011000010000000000000000010000010010000100100000000000010011000000010000000000000000100000000000001000000000000000000000000110010100000001000010100,ensemble
4,0.17705518310615517,0.14952962928501368,0.11236071009937676,0.1652814772022556,0.013377926421404682,00000000110000000000000000000000000000000000000000000010000000000000000000000000000111000000000000001000000100000000010000000000100000000000000010000000000000010000000000100100000000000000000100101000,ensemble
5,0.23608849286118463,0.21543034267718247,0.1579685469996634,0.1922809321480664,0.06549060354961495,,ergodic
6,0.0301473015492556,0.06514001108738576,0.032476019407216006,-0.003260747066808678,0.6630219413805574,,complexity
