,Avg Cell Entropy,Avg Stable Cell Entropy,Last Cell Entropy,Stable diag LR,Stable diag RL,Initial,Kind
0,0.4366345443753347,0.4278460369932842,0.4364698170641029,0.0,0.41231949862788186,00001000000000001000000001000011000010000000000100001001001000100001000000000000000010000000001000100000000101000000000000000000000001000000000000010000000000000000001000000000000000000000000000000000,ensemble
1,0.3661075298324859,0.3630230950326632,0.36592365090022316,0.0,0.3457627159808449,00100000000000000000000010000000001000000000000000000000000000000000000000000100000100000000000100000000000000000000000000000010110010000000000010000000000010000001000000001000000000000001000010000000,ensemble
2,0.38449022058725474,0.38214925626402446,0.38431154412649704,0.0,0.39420760054186155,00010000010000000000000000000010000000001000000110000000100000000000010000000000000000000000000000010010000100100001000000000000000100000000000000000000010100000000000000000000000000000000100000000000,ensemble
3,0.3659236509002231,0.36496372904638136,0.36592365090022316,0.0,0.31781279624177994,00000100010000000000100000000000000000010000000000000000010000000000000100000000000000000000010000000000010000000001000000010000000000000001000100000000000100000000100000000000000000000000000000000000,ensemble
4,0.26530583201518754,0.2624944334118595,0.2647650339356807,0.0,0.24172124583655122,00000100110000110100000000000000000000000100000000000000000000010000000000000000000000000001000000000000000000000000000000010000000000000000000000000000000010100000000000000000001010000000000000000000,ensemble
5,0.36612829334523816,0.3656291514919258,0.36592365090022316,0.1018756364063559,0.35843637138783013,,ergodic
6,0.0066532356210013965,0.015135120708244298,0.00668147989030754,1.0,0.04483808347857843,,complexity
