,Avg Cell Entropy,Avg Stable Cell Entropy,Last Cell Entropy,Stable diag LR,Stable diag RL,Initial,Kind
0,0.004264214527852055,0.0,0.0,0.0,0.0,00010010000010000000000000010010000000000010000000000000000101000010000000000000000001000000000000000000000000000000000000000000000000000000000000001010100010001000000000000000000000000000000000000000,ensemble
1,0.004037141066183084,0.0,0.0,0.0,0.0,00000010000000010000100000000100000000000001000100000000000000000000000000000000100010000000000000100000000000000000000000011100000000000000000000000100000000000000000000000000000000001000100000100001,ensemble
2,0.005399581836196907,0.0,0.0,0.0,0.0,10000001010000000000111000000000000001000000000000000000000000000000000001000100100001000000000000001001000001000000000100000000000010100000000010000000000000000000000000000000000000000000000000100010,ensemble
3,0.008301355594035139,0.0,0.0,0.0,0.0,00010001010000000100111000000000000001000000000000000010000110100010110010000000000000010000000000000000000000000010001000000000100010001110000000100100000110000000000100000011000000000000001000000000,ensemble
4,0.005903910003393234,0.0,0.0,0.0,0.0,00010000000000010000000000010000000000000000001000000000000100000001000000000000000000000010010100000000000000001000001001000001010000000001000000000000000000100000101000000011000010010000000000001000,ensemble
5,0.0066874014993111965,0.0,0.0,0.0,0.0,,ergodic
6,0.1654096727844212,0.0,0.0,0.0,0.0,,complexity
