,Avg Cell Entropy,Avg Stable Cell Entropy,Last Cell Entropy,Stable diag LR,Stable diag RL,Initial,Kind
0,0.9958332640759466,0.9924001111843249,0.9580420222262995,0.9693386023710465,0.9695548669971319,01000100000000010000001000010000000001100000001000001000000001000000001000001000000000000010000000000000000000000000000100100000100000010000010000000001000001000000000001000010001000000000000001000000,ensemble
1,0.9962353000051756,0.9926362375107596,0.9709505944546686,0.9739513218169769,0.9700254960465714,00000000000000000001001000000100001010010001000000000001100000100101100000000001000000000000000000000000000000000001000000000010000000000000000000000000100000000001001010000000000000000100000000000000,ensemble
2,0.9962214375152744,0.993067025786918,1.0,0.9673378771813043,0.9650982997045249,00000000000010000001000000000000000100000000000100000000000001010000001001000000000001000000000000000000000000000100000000001000000000000000000000000000000000000010010000000000000000000001000011000010,ensemble
3,0.9966672938519276,0.9927173061248792,0.994149171480893,0.9740865705640913,0.9723621345496564,00000010101000000001000000000000101000010011000100100000000000000000000010000000010000000001010010000000000000000000000000000100000000000000000000010000000000001000000000000000000000000000000000000000,ensemble
4,0.9954289135846776,0.992113295254932,0.9738003694382253,0.9637508731921615,0.959201302471032,00011000000000000001000000000001000001000001000000000010000000000101000001000010001000000101000000001000000100000000001001000000010000000000000000001000000010110000000100000000000000000000000000000000,ensemble
5,0.9991633587367503,0.9983262651891249,0.9998961234639354,0.9853179044310953,0.9865642493836447,,ergodic
6,0.0030887010649106594,0.005749092472965289,0.02050982243322763,0.015857679369990496,0.019578886465761225,,complexity
