,Avg Cell Entropy,Avg Stable Cell Entropy,Last Cell Entropy,Stable diag LR,Stable diag RL,Initial,Kind
0,0.4693047972350338,0.4669161435600593,0.4689955935892812,0.43621994156137617,0.0,1010000000000010000001110000000000000001000000010000000000001000000100000001000000000000000000000000,ensemble
1,0.4693047972350338,0.4670602540826037,0.4689955935892812,0.41258054712680536,0.0,0000001000000000000000000001001100000000001000100000000000000000000000000010100010100000000000000100,ensemble
2,0.36592365090022305,0.36206160567561674,0.36592365090022316,0.3374256926267653,0.0,0000000000000010000000010000000010000000000000000000000001010000000000000000000000000000000010010000,ensemble
3,0.43646981706410287,0.42407221539957207,0.4364698170641029,0.38025719078829867,0.0,0000000000000000000010000000000001000000000000100000001000100001000000000101000000001000000000000000,ensemble
4,0.5296416384847705,0.5274346277302269,0.5293608652873644,0.5213157497260018,0.0,1000000000010001000000010000000000000000001000010010000010000010000000010000001000000000001100000000,ensemble
5,0.5293608652873644,0.5276597944311611,0.5293608652873644,0.49353785275579315,0.0,0001000000100000000100000000000000010100000001000000000000001000001000100000000010000000000000010001,ensemble
6,0.43646981706410287,0.4351563219152858,0.4364698170641029,0.40304237497204554,0.0,0100010100000000000000000000000000001000001000000100000001000000000000000000010000000000000001000000,ensemble
7,0.49991595816452794,0.4958039969100161,0.499915958164528,0.43831335188290177,0.0,0000100010000000100000100001000000000000000000010000000000000010100000000000000001000000100010000000,ensemble
8,0.4699232045265388,0.46653410495497916,0.4689955935892812,0.42643844024270866,0.0,0000001001000000100000000000000000001000010000000100000000000000000011011000001000000011000000000000,ensemble
9,0.43646981706410287,0.43486894192829145,0.4364698170641029,0.4345465342236439,0.0,0000001010000000000000000000000000000000010000001000001000000010000000000000000000010000000010000100,ensemble
10,0.4660083075767918,0.4656684178174379,0.46581762974620744,0.45568462533068094,0.17247267015495135,,ergodic
11,0.0017298712742116473,0.004911617158656623,0.0017218725862441775,0.02731685774004694,0.17247267015495135,,complexity
