,Avg Cell Entropy,Avg Stable Cell Entropy,Last Cell Entropy,Stable diag LR,Stable diag RL,Initial,Kind
0,0.5002139520613317,0.4879551532306757,0.499915958164528,0.4518096858228561,0.0,00000000000000000000000001000010000100000100010100000011000010100000000000000000000011001010001000000100110010000000000010000001000010011000010000000000000000000000000000001000000000000000000000000000,ensemble
1,0.5000649551129297,0.4962429894917389,0.499915958164528,0.49398457088082226,0.0,01101001000000000000000000000000000010000010000100001000000000000100000100001101000100000001000000000000101000000000010010000000000000010000000000000010000000000000000000000000000000000001010000000100,ensemble
2,0.3844008823568759,0.3798886997912809,0.38431154412649704,0.37039732538758613,0.0,01000000000000000000000000000000000000000000000000000001000000000000000100000001000000000010000000000100000000011000000100000000000010000001000000000000010000000000100001000000000000101000000000000000,ensemble
3,0.4197256294468027,0.41610884074453725,0.41955649623854696,0.38338463881071283,0.0,00000000000000000010000000000000010000000000000000000000000000010101110001010000000000000000000000010000000001000100000000000000000010000000000010000011000000000001000000000000000000100000000000000010,ensemble
4,0.41981019605093045,0.41870662173458517,0.41955649623854696,0.41262120915054323,0.0,00001100000000000000000000000000000000000100000010000000000010000000000000000100010000100000000010100000000011000000000000000000000000000000110000000001000001000001000000001000000000000010000000010000,ensemble
5,0.44660157410284,0.4442545267425392,0.4464049375696702,0.44892960669834175,0.1290187919878707,,ergodic
6,0.003937404610806383,0.010070951390819372,0.003928377209911793,0.059007292663675215,1.0,,complexity
