,Avg Cell Entropy,Avg Stable Cell Entropy,Last Cell Entropy,Stable diag LR,Stable diag RL,Initial,Kind
0,0.9894127816430918,0.987630826637717,0.9877746553159469,0.882405358243356,0.0,01100000000001000000000010000000000000000000010000001001000000110100000001000000000000110000000000000001001000010000000000000000010000000000000000000101010000001000010000000000001000000000001000000000,ensemble
1,0.9925292021901998,0.9889286425852353,0.9895875212220557,0.8745528647191064,0.0,00000011000000000000100000000000000010000000000100010000000000000000000000000000000000000000000000000000000001000010000001000000001010000000001000001000000000000000000000010010010000000010100100010000,ensemble
2,0.9939280738943234,0.9898892240158307,0.9912540071703689,0.9002467260561255,0.0,00010000010000000000000000010000000010000000001000000000000000000000000000000000000000000000010000000000000000000010000000000000000000000000001000000001101000000000001000000010000001000000000000000100,ensemble
3,0.9925139452828621,0.9890193803218402,0.9895875212220557,0.8402015431112803,0.0,00000100000000000000000000000010000000000010011001000000000000000001000000000100000000000010000000000000000000000000011001001011000001001000000000000010000000000001000000000000000000000000000000000000,ensemble
4,0.9834603375940592,0.9810451678860735,0.9814538950336535,0.946482011123429,0.0,00001000000000000000000000000100000000010000000000100000000001000100000001000000000000100000000000100010000000000010010000000000000011000000011000000000000000100000001010000000000001000010000100010100,ensemble
5,0.991049418800441,0.9880797229428885,0.9881489563064276,0.939278024948588,0.37595224572114677,,ergodic
6,0.0006866970169434605,0.0007864493476645862,0.00022004406544562372,0.05376504395564108,1.0,,complexity
