,Avg Cell Entropy,Avg Stable Cell Entropy,Last Cell Entropy,Stable diag LR,Stable diag RL,Initial,Kind
0,0.0020700096412561647,0.0,0.34698128810061335,0.34593738808005764,0.3459373880800576,00010100001000001000000000000000000000000000000100000000000000001000010000000000100000001000000000000000000000000000000000000000000000000000100000000000100000000000000010100010000000001000000000000000,ensemble
1,0.0032053769496010174,0.0,0.36592365090022316,0.3620351733208418,0.3620351733208418,00011010000000000010000100000000001000010000010000000000000000000000000010000000000000000000000001000000000000100000000000000000000000110100000000100101000000000001000000000100000100000000000000000010,ensemble
2,0.0014891517439660235,0.0,0.4021791902022729,0.3829574888847912,0.3829574888847912,00001000000000000000000000000000010000000000000000000000000000010000010000000000001000000000010000001100000000000010010001000000000000000100000000101000000000010000000000100001000000000000100100000000,ensemble
3,0.00446745523189807,0.0,0.4021791902022729,0.3714903546702118,0.3714903546702118,00000000000000010000000000000001010000000000000010000000000100100000100011011000010010000000000000000000010000011110000000000001010000000000000000000100000010000000000000010000000000000100000000010000,ensemble
4,0.004802185320725984,0.0,0.32744491915447627,0.3328148500499055,0.3328148500499055,01000000000110000000000000000010100000000010111000000000000010000000000000011100000000000000000000000000001000000010000000001000000000000010000000000010100010000000000000001000000000000000000000001000,ensemble
5,0.2491221843181285,0.24682636177861247,0.36964442262777,0.34992578638274174,0.3725923698829909,,ergodic
6,0.9871274580131558,1.0,0.0019012187734425146,-0.026066283118795663,0.03635425729754782,,complexity
