,Avg Cell Entropy,Avg Stable Cell Entropy,Last Cell Entropy,Stable diag LR,Stable diag RL,Initial,Kind
0,0.9866987608242676,0.9885795007108168,0.9997114417528099,0.9521055298478407,0.9463451482097722,00010000000000000000000000001000000000011000000000000001000000100000000100100000000100000000000110000010000000000000100000001000000000000000010000000100100000100100000001000000000000000000000000101000,ensemble
1,0.9787642024987079,0.9826623959044448,0.9953784388202258,0.9334351643005537,0.9399716324615727,00000000000000000000000000000000000000001001000000000000110100000000100100000000000110010001000000000000100000000100000000000000000100000010000100000000000000000000100000010000000000000010000000000000,ensemble
2,0.9852469680948801,0.9881115979010933,0.9953784388202258,0.9506935006519378,0.9506243690085234,10000000000011010000000100000000000000100000000000000000000000010000000000000000000100000000000000010100000000101000001000000000000000001000100100000010000000000000100110000000000010000000000000100000,ensemble
3,0.9849765875455092,0.9885988381216413,0.9988455359952018,0.9369109195063996,0.9220761240622268,00000010001000010000000000000000000000001000100100000010000011000000001000000010000000000101010000000001000000001001000001010000000001100000000000000000000000000000000000010000000010001000000000000000,ensemble
4,0.9738772123479444,0.9813448150728235,0.9953784388202258,0.940654382577927,0.930090548173864,00000000010100100000000000000000000000000110000000100000000000010110000000000000000000000000000000000000000000100000010000000000000000000000000000001001000000100000000100000000000000000000000000000000,ensemble
5,0.9867798360026163,0.9926327213447701,0.9997114417528099,0.9662624937795876,0.9615584852982753,,ergodic
6,0.004932295495691186,0.006823562891851931,0.0027737833091218134,0.024323198462070095,0.024685883675312992,,complexity
