,Avg Cell Entropy,Avg Stable Cell Entropy,Last Cell Entropy,Stable diag LR,Stable diag RL,Initial,Kind
0,0.5907119284483201,0.5894174068153528,0.6690158350565576,0.5881646394736256,0.09018997768862115,11001000000000000000000000001000100000000000000000000100000000000100000000100001000001000001001000000000010000000000000000000000011100000000000000000000000000100001100001000000000000100000000100000000,ensemble
1,0.4843636449786809,0.4760278708469049,0.5435644431995964,0.4738929739219964,0.06686516006756613,01001000100000000000001011000000100000000000001000000000000000000000000000000000000100000000000000000000001100010000000000000000000000000000000000000010000000000000011001010000000000000000000000000000,ensemble
2,0.6632978454902346,0.660194114088257,0.7219280948873623,0.6329517311768939,0.1170166762941072,00000010100100000000000100010000000000001010000010000000000000000010100000000000000000000000000000010000000010000000010000011000100000000100011000000000010100000000000001000000010000010000100000000000,ensemble
3,0.5292754566947601,0.5237448099966456,0.597185045253784,0.5130235415425455,0.07357483245486425,00101000000100000100000000000100000000110000000010000000001000000001000100000000000000000000000000000000100010000000000000000010000000000000000000001100000000000000000000010000000000001000000000000000,ensemble
4,0.5696005850018824,0.559700030496997,0.6690158350565576,0.5116301120176643,0.09360540999597958,00000000000010000001100100000000001000000000100100100000000000000000000000100000000000000000000000000000000000000010000000000000000010000000100000000001000000000000000100001001000000001000010010000000,ensemble
5,0.5709311809764896,0.5687946861311168,0.6437935214851034,0.5730700261701094,0.2343105391061773,,ergodic
6,0.00609756301584341,0.012267765245396078,0.005672114851215104,0.05084444345884376,0.6233613236652698,,complexity
