,Avg Cell Entropy,Avg Stable Cell Entropy,Last Cell Entropy,Stable diag LR,Stable diag RL,Initial,Kind
0,0.790652362693358,0.7775682407732855,0.7219280948873623,0.7225655928176916,0.3787614748662462,00000000000001001000000001100000000000000000001000000001000000000011010110100000000100100000000001001000000000000000000000000000000000000000000100101000000010000000000000000000000000010000000100000000,ensemble
1,0.7466936073262346,0.738895536997449,0.7509319796338465,0.6411171557267029,0.41449274860778906,00001000000000000010000000000000000000001001000000000000000000000000000000000000000000100000000000001000000000000000000010010000000000000000100000000010000000100000000010000101000000001010000000000000,ensemble
2,0.8235527873795649,0.8183258067840175,0.8750927867718321,0.7974122009276471,0.4084589260932063,00000000100000100101010001000000000100001000000000000000001010000101000000000000100010001010000000011000000000000000001100000000000000100000000000000000000000000010000000001000110001000000000000000010,ensemble
3,0.8172669063364438,0.8119196344550943,0.8341980958607492,0.7696846195305588,0.40556439354205476,00000000000000000001000000000000000001100000000000010001000000001001001000000000000000001000010110000000000000000100000000100000000000000000000001000010000000000000010000000000100000000011000000000000,ensemble
4,0.7390177061081951,0.7315707346125047,0.6908938714350409,0.6469172315476609,0.39259955348839515,00000000000000000000000000000000000001001001100000000000000000000000000000000010000000001000000100000000000010000000001010000000000000010000000100000000000000000000000000100000000000000000000010000000,ensemble
5,0.7866647576981785,0.7823600599399896,0.7814814932386425,0.7340320052980338,0.5300991306659345,,ergodic
6,0.004103506224004128,0.008569033056254893,0.008794229396776765,0.02519324096838682,0.24547052394318947,,complexity
