,Avg Cell Entropy,Avg Stable Cell Entropy,Last Cell Entropy,Stable diag LR,Stable diag RL,Initial,Kind
0,0.005002910296159524,0.0,0.0,0.0,0.0,00000000101000000000011100010001010000001000000000000000001000000000000000000000000000010000000000000000000010001000000000000000000100000000000000000100000011000000000000000000000000000000000000000000,ensemble
1,0.006365351066173346,0.0,0.0,0.0,0.0,00000000000100010000000111000000000000000000000000000000001010000000100000010001000000000000000000000000010000000000100000000000000000001000001000010000110010100000000000000100000000000000000001010000,ensemble
2,0.003759886360655729,0.0,0.0,0.0,0.0,00001100000000000000000000000000000010000000100000000000000010000000010000010000000001000000000100000000000000100000000000001100100000000000000000000000000000000000000000100000000000000000000100000000,ensemble
3,0.00466818020733161,0.0,0.0,0.0,0.0,10000010100010000000010000000000000000000000000100000000000100110000000001000000000000000000000000000000000010000000000000100000000000000000001000000000000000000000010000100000000000000000100000100001,ensemble
4,0.004718361451189996,0.0,0.0,0.0,0.0,00000001000000000000000000000010100000000000000001000001000000000000000000000000000000001000000011000100000000000001000000010000000000001000000000001000000000000010000000000001010001000000000000010000,ensemble
5,0.005997256655144521,0.0,0.0,0.0,0.0,,ergodic
6,0.1824698927806867,0.0,0.0,0.0,0.0,,complexity
