,Avg Cell Entropy,Avg Stable Cell Entropy,Last Cell Entropy,Stable diag LR,Stable diag RL,Initial,Kind
0,0.993085897132586,0.9919238675264367,0.9999278640456615,0.9678542422432114,0.8330571201650532,00000001100000000100000000100000000000000000010000010000000000000000011000100000100000000000000000100001000010000000000000100000000000000000001100000000000000010010000001001000100000000000010000000000,ensemble
1,0.781113738664597,0.795230043973861,0.9384543826025638,0.8126962942802736,0.3713495518477141,00000000000000000000001000000010100000000000000000000000000000000000000000000001100101000000000100010000000000000000000000000000000000000000000000000000000000000000000000000000000000000000000010000000,ensemble
2,0.9444279578786902,0.9511372137975747,0.9679505356936394,0.9524204885177372,0.6026193731764704,00000001100000001000100000000000000000000000000100000010000000010000000001000110100100000000000000000010000000000000000000000000000000000000000000000000000000000100100000000000000001010010000000001000,ensemble
3,0.981426605186465,0.9899109599066969,0.9964625048848765,0.955544664619281,0.7251969868928914,00000000000001000000010000000000000000100010000010010000000000010100010000000010000000000000000000000001100100000000000000000000000000000000000000000100001100000000000000000010000001100000000000000000,ensemble
4,0.9953409041787475,0.9948290353275907,0.9993506898146105,0.9527194702166824,0.7946170350271103,00010000000000000000000000010010110010010000000000000001000001000100001000000010000000000100000000000000000001000000100001011000101000000001100000000000110000000000000000000100000001001000011000000000,ensemble
5,0.9672876783196371,0.9808668041272083,0.9899325174518772,0.9683409918386912,0.8651343844509427,,ergodic
6,0.02916263521564111,0.036967893977247535,0.00959996956971243,0.041404794593197236,0.23090790820419949,,complexity
