,Avg Cell Entropy,Avg Stable Cell Entropy,Last Cell Entropy,Stable diag LR,Stable diag RL,Initial,Kind
0,0.9939812377192904,0.9934307144163828,0.731816079376955,0.9795295372837602,0.9838670616188667,00000000010000000000000001000000000000000000000000000000100000000000000000010000000000100010000110000000100000010000000010000100000000000101000001000000000000000000000000010100001000000100100000000001,ensemble
1,0.9944259431902711,0.9940322044992993,0.7118146702143195,0.9632136932294415,0.9843646994140278,00010100000000000010000000000000000000000001000001010000000100000000000000100000000001001000000000100100010000000001000000000000000010010000000010000000000011000000000000000000000000000010000000000000,ensemble
2,0.9910759580601887,0.9907256520166619,0.8032566997760642,0.9789862455332007,0.9804368038859526,00001000100010010000000010000000000010000000000000001000000000100000100000001001000000100000101000000000001000000010001000001100100010000000000000000000000000010000000000000010000010100000000000000000,ensemble
3,0.9918305207294932,0.9916099611563751,0.8112781244591328,0.971275451689278,0.9815601063740869,00010000000000010000011000000001000000000010000000001100000010000010000000100011000000001000010000000011000010000010000000000000000000000001001000010000000010000000000000000001010100000000010000000000,ensemble
4,0.9973092901010747,0.997201718227054,0.5709929600768897,0.9854495850586668,0.9887698715947891,00000000000000001000000000000000000000010000110000000000000000000010000000000010000001000000000000000000100000000001000000000010000000000000000000000000000001000000101000000000000000000000000000000001,ensemble
5,0.9940309077266275,0.9938762329249223,0.7337669895308356,0.9891585280133026,0.9901760498199791,,ergodic
6,0.00030815718523724556,0.0004791168618313302,0.010814444998727857,0.013615234639368312,0.006439603587254594,,complexity
