,Avg Cell Entropy,Avg Stable Cell Entropy,Last Cell Entropy,Stable diag LR,Stable diag RL,Initial,Kind
0,0.2863969571159562,0.28554880002172456,0.28639695711595625,0.28739764676168833,0.0,00000000000000000000000001010000010000000000000000000000000000000000000000000000000000000000000000110000000000000000000000000011001000000000000000000000000000000000001000000000000000000000000010000000,ensemble
1,0.4529425481872832,0.4499986566005731,0.4529425481872832,0.4303968124683891,0.0,00000000001000000001000001100000000000000000000000000000000000000000011000000001000000000100001000000000110000000100000000000000000000000000101000100000100000000001000000001000000100000000000000000000,ensemble
2,0.40217919020227283,0.4000519164458309,0.4021791902022729,0.39008806755940606,0.0,00011000000010000000000000000000100000000000000000000001100000000000000000000000000010000000000001000000000000000000000000010001100000000010000000000100000000000010010000000000000100000000000000000000,ensemble
3,0.40217919020227283,0.3995302294776139,0.4021791902022729,0.3760309432225669,0.0,00010000000000000000010000001010001000000010000000000010000000000000000000000000000000000000000000101010000010000100000000000000000000000000001000000000000000000000000000000000000010100000001000000000,ensemble
4,0.5435644431995963,0.532173537949715,0.5435644431995964,0.5282902431172806,0.0,00000000001000000000000000000000000000000000000000100000000000000000101000000000000000000001000000010000000010000001101000100100100000000011000000000000011001000010000000000000000010001000010100101000,ensemble
5,0.4229754912346309,0.4217599777713073,0.4229754912346309,0.4186380602807818,0.11307424744567919,,ergodic
6,0.013057554320779596,0.01967789764233141,0.013057554320779485,0.038690504260534775,1.0,,complexity
