,Avg Cell Entropy,Avg Stable Cell Entropy,Last Cell Entropy,Stable diag LR,Stable diag RL,Initial,Kind
0,0.6982981833492405,0.6898918012511355,0.6908938714350409,0.669174814941815,0.0,01100000000010000010000000001001000010000000000000010000000001100000000000000101000000000000000000000001000001001000000000110100000000010000000000000000000000010001000000000000010000000000000000000001,ensemble
1,0.6431809455587012,0.625570953091191,0.6343095546405662,0.6497854826301904,0.0,00000100000100001100100000000000001010000000000010000000001000000000000000000001010000000000000000100000000001000000100000001000000000000000000000000000000000000000000000000000000000000001000100000001,ensemble
2,0.59433687385938,0.5799245624283556,0.584238811642856,0.5794943692285163,0.0,00000000001000000000000000000000000010010010000000000000000000000000000000000000000000000000000010000000000100000100000010001100000000000001000000000000100000000000000001000000110000000000000000100000,ensemble
3,0.6193051396831839,0.5932999319492125,0.6098403047164004,0.5751124566913954,0.0,00000000000000000000000011000000110000010000000000000000000010010000000010000010000010010001000000000000000000000000100000100000000000000100000000000001000000000000000000000000000000000000000000100000,ensemble
4,0.5121337079334818,0.4902904658519869,0.499915958164528,0.5061837198292539,0.0,00010000000000000000000000000010000000000000000000000000000001000000100000000010110000000001010000000000000000000000100100000000000000011000000000000000000000000000000000000000000000000000000000000100,ensemble
5,0.616834713479389,0.6053734173835327,0.6073321363584707,0.5888644366880733,0.192903078038728,,ergodic
6,0.005485656576467268,0.01582143218404397,0.0057504551949663085,-0.012032874690162787,1.0,,complexity
