,Avg Cell Entropy,Avg Stable Cell Entropy,Last Cell Entropy,Stable diag LR,Stable diag RL,Initial,Kind
0,0.0016660439617766087,0.0,0.38431154412649704,0.38595872110504764,0.38595872110504764,00001010000000000000000000000000010000010010010000000010000000000100000110000001000001000000000000000000000000000000000000001110000000000000001000100000000000000000000000000000000000000000000001000001,ensemble
1,0.002404739730084078,0.0,0.4529425481872832,0.41237969786647133,0.41237969786647133,00000000010100000000000001000000000000000010000000110100000001000000000000000000001000100000010000001000000000100000000010010000001000010000000000000000000000000110000000000100001000000100100000000000,ensemble
2,0.0,0.0,0.41955649623854696,0.3975305546205796,0.3975305546205796,00000001000000000010000000000100001000000000000000010000001000000000001000100000000000010000000000000000100000000000000000000001000010000000000000000100000000010000001000000000000000000100100000000000,ensemble
3,0.0010851860644864675,0.0,0.4364698170641029,0.4353041297113369,0.4353041297113369,10010000000001001110000000000000000000010000000000000010000100000000000000000000010010000000000000000000000000000000000000000000100000010000000001001000000110001000000010001000000001100000000000000000,ensemble
4,0.004020602448002302,0.0,0.4364698170641029,0.4409144806031879,0.4409144806031879,00000000001000100000001100000000000000000000000100000000001001000000000000000000000001010000001101000000000000000001000000001010001000000001010001000000000000000000000000100001000100000000000000100100,ensemble
5,0.287572540916043,0.28566438555679924,0.426376131887653,0.413646980716544,0.4330830752339835,,ergodic
6,0.99361790790239,1.0,0.00099932270988079,-0.0018627866289411266,0.04309925628604694,,complexity
