,Avg Cell Entropy,Avg Stable Cell Entropy,Last Cell Entropy,Stable diag LR,Stable diag RL,Initial,Kind
0,0.4810051537552012,0.46163707834586754,0.4689955935892812,0.45399342902816875,0.04010020987664298,00000000001000000000010000000000000000001000000000001000000000001000000000000000000000000000000001000000100100000000010000000000000010010000100000000000000000000100000000000000001010010001000000000000,ensemble
1,0.4504748618876876,0.41599067565886744,0.4364698170641029,0.4095895715845269,0.026706169672268163,00010001001000000000000010010000000000001000000000000000001000000000000000000000000000100000000000000000000000010000000000000000000000000000000000000000000000000000100000000000100000000010110000000000,ensemble
2,0.4510214377412814,0.4290022527946667,0.4364698170641029,0.42269420708176814,0.013374578605834514,00000000000001000000100000100000000000000000000000000000000000000000000000000001000000000000000000100000100000100000000000100100010000100000000000000100000100000000100000000001000000000100000000001000,ensemble
3,0.40092989020266484,0.3822612576733978,0.38431154412649704,0.37959924117479443,0.0,00000000000000000010000000001000000010001000100000010000000010000001000101000100000000000100000000001000001000000000000000000000100000000000000000000000000000001000000100000000000000000000000100001000,ensemble
4,0.5400718912913054,0.5165343254739082,0.5293608652873644,0.49951661845353884,0.036783192263659725,00000000000000000100000000000010001000010100000100100100000000000000010000000010000000000010001010010000000000100001000000000000000000000010000000000000000000000000000000001001000000000000000000000000,ensemble
5,0.4666575248444167,0.45198922954311344,0.4529425481872832,0.44587598579787585,0.14778840259139936,,ergodic
6,0.004193391865782048,0.02412471546013195,0.004020423270680529,0.02870164068247838,0.8417140338923832,,complexity
