,Avg Cell Entropy,Avg Stable Cell Entropy,Last Cell Entropy,Stable diag LR,Stable diag RL,Initial,Kind
0,0.7404677405730703,0.7373445011907765,0.7414827399312737,0.7177883665264994,0.0,00100000010100000000001000000000000000100010000000010000000000000000100000000000100000000000000000100000000000000001000000010100000010000000000100100000000000100000001000000000001010001000000000000000,ensemble
1,0.5565363918091435,0.5550147012650034,0.5574381850279891,0.4830681595971986,0.0,00000000000000000100000010000001000100001000000000000000000000000000000000000000100000000000000000000000000000000000001000000000000001010100000000000000000100000000001000000000010000000000000000000000,ensemble
2,0.6334627704761686,0.6315136704779888,0.6343095546405662,0.6294711028691059,0.0,10000000000000000000000101000100000000000000000000000100001000000000000010000010000001000000000000010000000000000000000000000110000000000000000000000000101100000010000000000000000000010000000000000100,ensemble
3,0.6567794425138616,0.6523441555267162,0.6577047787442195,0.6530669979931661,0.0,00010000000000000000000000010000000000001000000010000000000011000000000000000000000000000001000000010000100001000000100001000000100000000000000000000100100000000000000000000001000001001000000000000000,ensemble
4,0.7405160738758418,0.7286241033727304,0.7414827399312737,0.7426724899973965,0.0,01010010000010000000000000000000000001000000000000000000000100000000000000000000100001000000000000100010000000000000000000010001000010000000000000000000100010010000110000100100010001000000000000000000,ensemble
5,0.6703095744104889,0.6694030786933961,0.6712478853829508,0.6822979532624386,0.22938475337767464,,ergodic
6,0.007096856053496414,0.01260055801239679,0.007097654728801528,0.05435239793472035,1.0,,complexity
