,Avg Cell Entropy,Avg Stable Cell Entropy,Last Cell Entropy,Stable diag LR,Stable diag RL,Initial,Kind
0,0.4812042675801693,0.46517066475407,0.4689955935892812,0.46201696279522625,0.0,00000000000001000010000001000000000000000000000000101000000001010000000000000000001010000100000010000100000000001000000000000000000000000000000000110000110100010000010001000000001100000000000000001000,ensemble
1,0.4166892407425618,0.40121434548006846,0.4021791902022729,0.38133804330873494,0.0,00000000000000000100000100010000000100100000000000000000000000000100000000000000000000001000000000000000000001000011100000000000000000001000000100000000000000000100000000000000000000110000000000001000,ensemble
2,0.525724562216702,0.5107397433739762,0.5148156530047155,0.5167413188491236,0.0,01000000100010000000000000001000000000000000001000000000000010000000000000000101000010000110011000101000010000100000000010010100000000100001000000000001010000000000000000100000000001000000000100000000,ensemble
3,0.4167761272727432,0.40058928518190867,0.4021791902022729,0.39221996792807357,0.0,00000100000000000010010000000000100000000001100000000001000000000000000001000000000000001000000000000001000010000000000000000000001000010000000001000000000000000000000000000000000100000000000000000010,ensemble
4,0.4166892407425618,0.40142037019679194,0.4021791902022729,0.3923128199947029,0.0,00010001000000000000000000000000001000000000000000010000001100000000001000000000000000001000000101000000000000010000000000000000000000000000000000001000001000000000000100100000000000001000100000000000,ensemble
5,0.4530675022574633,0.43964556774873226,0.4397989082715623,0.43667550072727185,0.12050954994453529,,ergodic
6,0.003643639277348787,0.008685828384267347,0.003931671495490563,0.017746995513127528,1.0,,complexity
