,Avg Cell Entropy,Avg Stable Cell Entropy,Last Cell Entropy,Stable diag LR,Stable diag RL,Initial,Kind
0,0.48472408082361085,0.4835297101651237,0.48464773973144537,0.0,0.4609668017038134,01000100000000010000000000000000000000100000000010000000011001000000010000100001000000000000000000000000000001001000000000000010001000001000100000000000000000000100010000000000000000100000100000010000,ensemble
1,0.3470759999146113,0.3410565664438137,0.34698128810061335,0.0,0.33327393780930425,00000000010001000000100000101000000100000000000000100000010000000000000000000000000000000000100100000001000000000000000000000000000000000000000100000000000000001100000000000000000000000000000000000000,ensemble
2,0.45318334386831327,0.44841336453869063,0.4529425481872832,0.0,0.4361621276452902,00000000100000000000000000000000001000000000010001000001000100000010000000010000000000100000100001000000000100000000001000000001000100000000010000000000000000000000000000000000000001000000000001111000,ensemble
3,0.4848004219157762,0.48332790660447583,0.48464773973144537,0.0,0.47778972692760024,00001000000000000000000000000000000001100001000010000001000001000100000000000000000000001000100000010101000000000000010000000010000000000000000010000000010000000010000000100000000010000001000000001100,ensemble
4,0.3075710082501656,0.3029983773877671,0.3072683598607598,0.0,0.27279474744654053,00000110000001000000000000000000000000000001000000000001100000001000000000001000100000000001100000000000000000000000000000000010000000100000000000000000000000000000000000000000000000000000000010000000,ensemble
5,0.41972744598835127,0.41840307241889024,0.41955649623854696,0.11620876783201625,0.3954133341399258,,ergodic
6,0.010141045277210492,0.015625811142157664,0.010151102782153032,1.0,-0.001983074668661766,,complexity
