,Avg Cell Entropy,Avg Stable Cell Entropy,Last Cell Entropy,Stable diag LR,Stable diag RL,Initial,Kind
0,0.9972380809785352,0.9947451388347269,0.9953784388202258,0.0,0.8873046355907782,00000000000101000000000000001000000000000000100000001010000100000100000000000000000000000010000000000000000000000000000000000000000100000000001000000000000000000000000000000000000000000110000000011010,ensemble
1,0.9935644044299252,0.9908187280002013,0.9912540071703689,0.0,0.7508776069168128,00010000000000000000010000000000000110000000000001000000000100000100000000000000000100101010000000000000000010000000000000000000000000000000000100001000000000000001000000000000000100000000000000000000,ensemble
2,0.9865286353009446,0.9835163665976573,0.9837082626231857,0.0,0.9079093499502592,00000000100000000000001000010000000000010000000000000000000000000001010000100000001000000000000110000000000010000001000000001100000000001000100000000000000000000000000010000000001001100000100000000000,ensemble
3,0.988029012427327,0.9855177414731782,0.9858150371789198,0.0,0.8393279251946039,00000000001000000000000011010000000000100000100000000010101001000000000010010000000001000000000010000010000000000000000010000000000000010010100000000000000000000000000000101000101000000000000000100000,ensemble
4,0.9951009177327657,0.9926083113743297,0.9927744539878084,0.0,0.902888718504223,00000000000000010010000000000100000000010010000000000000000000000000000000010000000000000000000001000001000000000100000000000000000000000000001000000000000000000000000000001000000001001000000001000000,ensemble
5,0.9929373633310108,0.9901405080655314,0.9902716614103877,0.3498234992455108,0.9129441224981542,,ergodic
6,0.000851164623593248,0.0007062137179690842,0.0004903921552136259,1.0,0.06055406229632687,,complexity
