,Avg Cell Entropy,Avg Stable Cell Entropy,Last Cell Entropy,Stable diag LR,Stable diag RL,Initial,Kind
0,0.9986407160978564,1.0,0.9999278640456615,0.6514646061804474,0.6514646061804474,00000000000000001000000000000000000000000000000100000000000000000000000000000000000000000000000100000000000000000000010000000000000000000000000000011000000000000000000000100000100000000010000000000011,ensemble
1,0.9995663118130663,1.0,0.9997114417528099,0.9075185341781791,0.9075185341781791,00000100000010000000100000000100100000000101000000001000100000000000000100111000000000000000001000100000000000000000010000000000010010000000000000000000000000010100000000010010100000000000000000000000,ensemble
2,0.9992378420651598,1.0,1.0,0.6650652459157808,0.6650652459157809,00000000000100100000100001000000010000000000000000000000010000000000000000000000010000000001000000000001000000000000000000001000000001001000000000000000000000000000000000001000100100100000000000000000,ensemble
3,0.9988992840065299,1.0,0.9999278640456615,0.8238735865000443,0.8238735865000443,00000000000100100000000000000000000000000000000000000000000010010000100000001000000000000000000000010000000000000000000000000000110000000000100000100000100000000000000000010000000000000000000000100000,ensemble
4,0.9996078285847855,1.0,0.9997114417528099,0.6468271375924223,0.6468271375924223,00000001001000000000000010110000100000100001010000011001000100000000100000001100000000000000000000100000000010000000000000000000000000010000000000000100000000000000000001000000010000010000000000000000,ensemble
5,0.9995263904523753,1.0,1.0,0.8631776663984956,0.7836995031790114,,ergodic
6,0.0003361531442342969,0.0,0.00014427768061153756,0.14391920593062424,0.05710056076865333,,complexity
