,Avg Cell Entropy,Avg Stable Cell Entropy,Last Cell Entropy,Stable diag LR,Stable diag RL,Initial,Kind
0,0.9996153745723695,1.0,0.9999278640456615,0.8951045261878746,0.8951045261878744,00000000000000100000000000000000000100100000000000000000000000100000000000000100000000000000000000000000000000100000011000010000000000000100000000000000010000100010000000000010100010000010000000000001,ensemble
1,0.9994397885399695,1.0,1.0,0.7480933019036475,0.7480933019036475,00000000000000110001000000000010000000000000000001001100000110000001000001000000000000100000010111000000010000000000010000001000000001010000000000000000000100000000000000001000000000000000000000000000,ensemble
2,0.999425354272413,1.0,0.9999278640456615,0.6308721036786801,0.6308721036786801,00000000000000000000000000000000000000010000000100010011000000000000000110000000001000000000000010000100100000000010000000000000000000000100000000100011000100000000010000000000000000010000010000001100,ensemble
3,0.9997835450594684,1.0,0.9993506898146105,0.9006227384691208,0.9006227384691208,00000001000000000000000000000000001000000000000000010010000001000000010100000000000000010010000000000000010011000001000000000000001000000000000000100000001000000101001100010000000100000000000000001000,ensemble
4,0.9990961392150232,1.0,0.9999278640456615,0.5154246136938595,0.5154246136938595,00000000000010000000101000000000000000000000000000001000000000000000000000000010000000000001001010000000100000000000000000000000000000000000000000000100000000010010000000000000000001000000010000000000,ensemble
5,0.9997512538152966,1.0,0.9999884584088952,0.8178524273616816,0.8765510601202738,,ergodic
6,0.0002792829540172459,0.0,0.00016160388374208967,0.0976080377147821,0.15803711801412879,,complexity
