,Avg Cell Entropy,Avg Stable Cell Entropy,Last Cell Entropy,Stable diag LR,Stable diag RL,Initial,Kind
0,0.8191788793481564,0.8207025740644325,0.8112781244591328,0.7678845080506856,0.721705147787486,10000000000001000000000000001001000100000001000000000001100101000000000000000000000000101000000000100000100110000000000000000000000000001100000001000000001000000000100000000001000110000010010000000000,ensemble
1,0.8115313478331894,0.8129745502723622,0.8112781244591328,0.6521050534903812,0.6691035133144765,01001000000000001000010000000010000000000000000000000000000000000000000000001001000001000001000010001001000000100010000001000001000000000011011000000000000000011100000000001000000000000100000000000000,ensemble
2,0.8086409785341726,0.8161388708270547,0.8267463724926178,0.6964938148682537,0.7020884598319337,10000000000000000000000100000000000000000100000001010000000000000000010010001010000000000001000000000000000000110000000000000000000000000000000100000001000000000010000000000000000000100000000000001100,ensemble
3,0.810518102038038,0.8171154838558303,0.8112781244591328,0.7039022906478426,0.7039887991769566,00000000100000000000100000000000000000000000100000000100000000000000000000000000000000000000100000100000000000000100000000010000011010000000000000010010000000000000010001000000000001000000001000000100,ensemble
4,0.8150726752471448,0.8191714860340642,0.7780113035465377,0.6823145840318396,0.7139571806930833,00110000001000000100000000000000100100000000000010000000000000010000000000100010100000001100000000100100001100000100000011000000000000000000000000000000100001000000010000000000000100000000000000100000,ensemble
5,0.8149434006559144,0.8211007655375622,0.8080927832245586,0.7628523634314434,0.7624765852083765,,ergodic
6,0.0023989445821643862,0.004725574119119336,0.0004632801443342771,0.08168331934288198,0.07909484201551942,,complexity
