,Avg Cell Entropy,Avg Stable Cell Entropy,Last Cell Entropy,Stable diag LR,Stable diag RL,Initial,Kind
0,0.6632978454902346,0.6498531237462549,0.7509319796338465,0.11370843440342294,0.6479189948713034,00000000000001000000010000110000000000000000000010000000100000000011000000000001000000010011010001000100010010010001000000001010000000000001000000000010000000000000001000000000000000000000100000001000,ensemble
1,0.6460726212785696,0.6452511498119733,0.7414827399312737,0.10695034952738816,0.6388385154431377,00000000001010000000000001000000000000000000000001000000010000010000000000001000001000100100000000001000000000010000010000000000000001000000000001100000100000000010000000010000001000010000100000000010,ensemble
2,0.5292754566947601,0.5271056198735624,0.6098403047164004,0.07664367115788522,0.48965782234055016,00000000000000000000010000000000000100010010000000000000000000010000000000100000000000000000000000100000000000000010000000000010100001000000010000000000000010000000011000000000001000000000000100000000,ensemble
3,0.5070043025094049,0.5032128389913869,0.6098403047164004,0.080208219957622,0.4728797090745429,00000000000001001000000001001000000000000000000000100000000000001000001000000000001000000000100000000000000000000000010000000000000000000000000000010001000100100000000000000000000000000000000000100000,ensemble
4,0.48068457866710135,0.47737176321590014,0.5709929600768897,0.06688709138749883,0.4218070532007607,00000000000001000000000000000000000010000000000100010001000000000000000000000000000100000000000000000000000001000000000001000100000000001000010001000000000000000001010000000000000000000000000000000000,ensemble
5,0.5708663049836623,0.5696592688290266,0.6622595460438849,0.24000381700960857,0.5610298367018806,,ergodic
6,0.00980850333390837,0.015975110384699787,0.008519149724040331,0.6296744177064271,0.04778608188367639,,complexity
