,Avg Cell Entropy,Avg Stable Cell Entropy,Last Cell Entropy,Stable diag LR,Stable diag RL,Initial,Kind
0,0.7910988447711756,0.7812160500768954,0.7014714598838974,0.3855635030705321,0.6922004107941941,00000000000000000000100100000000000000000000000000000001000000000010000001001100010000000001000000000000000000000000000011000001000000000000000000000000000001000000000001000000000110000010000000000000,ensemble
1,0.7664341580496008,0.7542430318689057,0.7509319796338465,0.4165613754531884,0.6940298525057375,00011010000100010000000001000000011010000000100000100000000000000010000000000000000000000000000000000000000001000000000100000000000000000000000000001000100000000000000000000000000000000000010000010110,ensemble
2,0.8442306679336588,0.8397783419720736,0.8750927867718321,0.4025293363400375,0.7786813215372452,00000000000000000000001010000010011000000000000001010000001000000000010010000000000000110000000000100000000000001000000100000000000010000101000000101000000000000000000000000010000010100100000000000001,ensemble
3,0.8073779304964773,0.801170281654293,0.7866261099706012,0.418313467428798,0.714489749395303,00000000000000000001000000000000000000000011000000000001000001000000000000000000000000000010000000001100000100000000000000000000000000001000000011011100000000100000100000000000000000000000001000000000,ensemble
4,0.7706545520021133,0.7618327333013687,0.7118146702143195,0.4192636533580863,0.6293901221140522,00000000000000000001000000010000000000000000000000000000000000001010000000000000000001000000000000000100000000010001000000000000010000010000100000000000000001000100000000000110000000000000000000000001,ensemble
5,0.7989152986840955,0.7946344910354375,0.7709729679004811,0.5699277898086716,0.7368292313425499,,ergodic
6,0.003700101923644894,0.008791970823751494,0.007504240545990859,0.28333681137526834,0.04759710741842027,,complexity
