,Avg Cell Entropy,Avg Stable Cell Entropy,Last Cell Entropy,Stable diag LR,Stable diag RL,Initial,Kind
0,0.8304098600385081,0.8081104997244509,0.8112781244591328,0.5425306133563127,0.5572411003601249,00000000100000100000000010000000000000000000100000000000000000000100000000100000000000100000100001000000010001100000010000010000000100000011100000000001000000000010000000000000000000100010000000000001,ensemble
1,0.8388813545304061,0.815109166777365,0.7780113035465377,0.6843161142116012,0.6676493895154102,00001000000101000000000000000010000010000000000010000010000000001100000000000000000000000000000000010001010000000000000000001000010000000000000001000010010000000010101000001010000000000000000001000000,ensemble
2,0.8302027918041169,0.819086121244396,0.8931734583778568,0.6275742552222502,0.6331553534599245,01000100001000010000000000000011000000000000000000000000100001100000000001000000100010000010000000000000000000001010000000000000000000000010000010000001000100000010100000000000001000001000000100000000,ensemble
3,0.8300580704042918,0.8146565256696036,0.8812908992306927,0.685887581406651,0.6636305961000738,10000000000000000000000000000000000000010000000000000000000000000001000000000010000000000000000001000000000000000000001000000010000000000000000000000000000001000000000100010000000000000000001000001000,ensemble
4,0.8278453996099943,0.8106700941741086,0.8687212463394045,0.6862343553460797,0.6310956366075445,00000000000000000000010000000000000000000000010000000000100000000001000000000000000000000000000000001000000000000010000001001000000010000000000010001000010000000000000010000000000000000010000100000000,ensemble
5,0.8342229849846551,0.8171593844107855,0.8499431123430718,0.7212322874407401,0.7257276378706128,,ergodic
6,0.0032886767166239173,0.004445770264781657,0.004056866750577481,0.10526941854138694,0.1311417916248152,,complexity
