,Avg Cell Entropy,Avg Stable Cell Entropy,Last Cell Entropy,Stable diag LR,Stable diag RL,Initial,Kind
0,0.6369551333657886,0.6952223210409352,0.8554508105601307,0.5186366904405525,0.535279891922072,00000000110110000000000000100000000000000010000000000000100000000000100100001000000000000100000000000000000000000011000010000100000010000001000000000000000000000000001000000100000000000010101000000000,ensemble
1,0.4307506786021972,0.47994499818002156,0.6343095546405662,0.3927071484332953,0.3869829977278434,00001010000000000000100000010000000000000000010000100000000010010010100000000000000001100000000000000001000000001000100000000000000000000000000010000000000010000001000000000001001000000000010000000000,ensemble
2,0.43123601871489015,0.47994499818002156,0.6343095546405662,0.37527045937489095,0.36153043315310196,00010000001000000000000000000001000000100000000000000000000000000000000000000000001000000000000000100000000100100000000000100000000000000000000000010000000000001100010000000000000010010000000000000010,ensemble
3,0.4303441687211543,0.4799449981800216,0.6343095546405662,0.3367895932253001,0.3345727656196722,00000000000000000100000101000000000000000000000010000000000100000000000001001000000000101000001010010010000000000100010100101000001000100000000000000001000000000000000000000000000000000100001001100000,ensemble
4,0.4309858955258076,0.4799449981800216,0.6343095546405662,0.36728286265204035,0.3667542900224169,00000000100000000000000000000000000000000000100000000000010000010000000010001000000000010010000000000000000000000000000001000000000001011001000000000000000001000001000000000000000010000000100001000000,ensemble
5,0.4849428579453266,0.5451360333655605,0.6887498056988564,0.486514900640883,0.4566848151030572,,ergodic
6,0.02657731472521674,0.04060559063890101,0.01482686425445201,0.18165435364723248,0.13063876319288747,,complexity
