,Avg Cell Entropy,Avg Stable Cell Entropy,Last Cell Entropy,Stable diag LR,Stable diag RL,Initial,Kind
0,0.52935744894366,0.5231483032235974,0.5293608652873644,0.0,0.4960938435421371,00000000100000000000000000000000000000000001100000000000100010000000000010000000000010000000000000100100000000000100000000001100101000000000000100100010000001000100001001000001000000000010001000000000,ensemble
1,0.4364654111670792,0.4339097228857192,0.4364698170641029,0.0,0.4070086599471845,00000000000000000000000010000000100000000000000000011010000000000000001100010000000100000000000001000001000000000000000000000010000000000001000100000000000000000000000000000001000001000001000000000001,ensemble
2,0.2647650339356807,0.2612453588669446,0.2647650339356807,0.0,0.26472651640512995,00000000100001000000000000000000000000000000000000000000000000001000000000000100000000000000000000001000100000001000000100000000000000000000000000000001000000000000000000000000000000000000000000000000,ensemble
3,0.4999141155465634,0.49766449879738267,0.499915958164528,0.0,0.4552565368556467,00001010000001000001000000100000010000010100000000001000000000000100000000000000010000000000000100000000110000000000000101000000000000000000000000010000000000000100000000010100010000000000000000000010,ensemble
4,0.48464582009289997,0.4816567244462982,0.48464773973144537,0.0,0.4628576041738706,00100000110000000001000001000000000000000010000010001001000000000000000000010010000000000000000001000000000000000000000100000000010010000000000000000000000001000000100100000010000000000010010000000000,ensemble
5,0.44968170490785875,0.4495879860061915,0.4496822131225001,0.12531799934485577,0.4662473859595131,,ergodic
6,0.014792994462705988,0.022382858696016084,0.014788955604219445,1.0,0.10522043715861029,,complexity
