,Avg Cell Entropy,Avg Stable Cell Entropy,Last Cell Entropy,Stable diag LR,Stable diag RL,Initial,Kind
0,0.6432387461877717,0.6324762154045138,0.6343095546405662,0.5987387706090326,0.0,00000100000000010000000000010000000001000000000001000000010000000000000100000000000001000000000000001000000000001000000000000100000000001100000000000000000000100000000000000000000100000010000000000001,ensemble
1,0.5943971107581091,0.5806861896788291,0.584238811642856,0.49456259676178266,0.0,00000010000000000000101000000100000000000000000000010000000000100000000001000000000000000000000000000000000000000001001000000100000101001000000000000010001000000000000000000000000000000000000000000000,ensemble
2,0.6984532586171048,0.688822675096149,0.6908938714350409,0.6674979730509141,0.0,00010000000000000010000010000000000000010000000000010000000000000001000000000000100000000000000000000010010000000010001000010001000000100000000000000110000000000000000000000001010000000000000100001000,ensemble
3,0.7660287099632203,0.7547947767351835,0.7601675029619657,0.70350628362533,0.0,00010000010000010001010000010000001000000000000000001000000000001000010000010000000001010010000010000000000000000011000000000000000000000000000001011000100000100010000000000000000000000100000001010000,ensemble
4,0.5813878643213439,0.5677139757036346,0.5709929600768897,0.5806813867495187,0.0,00100000000000001101000100000000000000000000100000000000000000000000000000000000000010000100001000000001000000000000000000000000000000000000001000000000010000000000010001100000000000000000000000010000,ensemble
5,0.6615513777033013,0.6528794496091263,0.6531091121418667,0.6307440120715438,0.2169708394536668,,ergodic
6,0.007331614591492341,0.012223823387674582,0.007638190767302544,0.03447771123630028,1.0,,complexity
