,Avg Cell Entropy,Avg Stable Cell Entropy,Last Cell Entropy,Stable diag LR,Stable diag RL,Initial,Kind
0,0.9990843299175773,0.9978516099438428,0.99819587904281,0.7410575704874435,0.0,00000000000000000100000000000000000000000000010000000100000010000000000100000011000000100000000000000000000001000000001000100000000000100000000100000000000000000010000000010100000101000000000000010000,ensemble
1,0.9986886672054535,0.9991571730100772,0.9993506898146105,0.8377168644300941,0.0,00000000000000000000000000000000000000000000000000010001000010000000000000000000100000000000001000000000000000000100001001000000000000000000000001100000000000000000000000000000000000000101000000000000,ensemble
2,0.9984898915510008,0.997227827871724,0.9974015885677396,0.8054613784744409,0.0,00000010000001000000000000000000001000000010000000011000000000100000000001000101000000000000000100000011000110000000010000000001000000000000000000000000000000000100000000010001000000001001000000000000,ensemble
3,0.9994800487114176,0.9992784888740057,0.9993506898146105,0.7066764587086343,0.0,00000000000001000000000001000000000000000000000000100000000010000000000000000000000000100000000110000000000000000000000000000000100000000000000000000000000000000000000000000100000000000001010010000000,ensemble
4,0.9988398218043804,0.9980997316236767,0.9988455359952018,0.7570056450078823,0.0,01000001000000000000000000000000000000000000000000000000000000000000010100000000010100010000000010000100100000010010000001100000000000000000000000001000000000000011000000010000000000000100000000000000,ensemble
5,0.9997039101713509,0.9986118906050478,0.998727168607354,0.8774783252652574,0.44327381740755967,,ergodic
6,0.0007875915312264281,0.0002893259564609174,9.841722889813997e-05,0.12296000794201078,1.0,,complexity
