,Avg Cell Entropy,Avg Stable Cell Entropy,Last Cell Entropy,Stable diag LR,Stable diag RL,Initial,Kind
0,0.49640426792491893,0.47129334769585296,0.48464773973144537,0.4465479077738365,0.0,00000000000000000000010000000000000000001000010100000010001010000110000100000000100110100100000010000001000100000110000000000000000000000000000010001000000000000000000000000001011000000000000000000000,ensemble
1,0.4814390497723018,0.46825443184045595,0.4689955935892812,0.4512865155962235,0.0,00000000000010000000000000000010000000000010000100010000000000000100000100100000000000000000010000001000000000001000000000000100000100000100010000001000000000000000000001001000000000000000110000000001,ensemble
2,0.5539003808617489,0.5424831076041682,0.5435644431995964,0.5104638614924543,0.0,00000000000100000010001000000000100101000000000000000000000000000001000000010101000100001000000010000000000000000010000000010010100000000000000010000011000000001000010001010000001000000000000010000000,ensemble
3,0.5115377201398743,0.49814839765819285,0.499915958164528,0.4810008107634767,0.0,00000101000000001000100010000000000000000100010000000000000000000100000000000000100001001000000000000010001000000000000000000000000010001000000000000000101000000000001001000000000000010001000000000001,ensemble
4,0.4167761272727432,0.39235993124174173,0.4021791902022729,0.365107168562433,0.0,00001000010000000000000000000010000000000000000000000000000000001000000000000000000000000000000000000000000000010000010101000000000000100000001000010000100000010000100010000000000000000000000010000000,ensemble
5,0.49363510146759526,0.4812036974420985,0.4815485438118001,0.47623956861337113,0.14792449310660974,,ergodic
6,0.003289053530534658,0.01391480212976104,0.0035052724300937976,0.05324697368074682,1.0,,complexity
