,Avg Cell Entropy,Avg Stable Cell Entropy,Last Cell Entropy,Stable diag LR,Stable diag RL,Initial,Kind
0,0.7881927627277742,0.7507566876682461,0.7509319796338465,0.7060386092100165,0.0,00000000000000000100000000000000001110000000000010000000000110000010000100000000001000100000000000110000000000100010000000001110000000100000000000000010000000010000000000000010100000000100000001000000,ensemble
1,0.791784673975543,0.7598015730232008,0.7601675029619657,0.6635958456033314,0.0,00000000100000000000010000010000000000000100000000000010000000010100000100001000000000110000000010000000100001000000000000010000000000000000100100000000000011001010000000001000001000110001000000000000,ensemble
2,0.8436307022547058,0.7948108514631437,0.7950402793845223,0.6834305522436201,0.0,10000001000000000000000000000010010000000000000000001000000000000000000000000000000001000000000000000001010000000010000000000100100110000011000001000000000010000000100100000000000000000000000000000000,ensemble
3,0.8188295066144866,0.7774855583062649,0.7780113035465377,0.6744676871898546,0.0,00000000000000110000010000001000000000001000000000000000000000000001000000000001000000100000000000100010000000010100101000100000010000000000010001000000000000000000000000001000000000010000010000000000,ensemble
4,0.8237118067834746,0.7777097817345556,0.7780113035465377,0.725208758659578,0.0,01100110000000000101000000000000000000010000000000000000000000001000000110000000000000000001000000000000000000000000000000010000011000000100100010001010000000000011000000000000100000000000000000000001,ensemble
5,0.81610350395685,0.7726578571782425,0.7727448592131423,0.740306307071919,0.30087830898126783,,ergodic
6,0.003521138521916378,0.0007053144339340678,0.0004042542564157703,0.0672127415575361,1.0,,complexity
