,Avg Cell Entropy,Avg Stable Cell Entropy,Last Cell Entropy,Stable diag LR,Stable diag RL,Initial,Kind
0,0.4498554398562811,0.4350690532316754,0.4364698170641029,0.43370943576492366,0.0,01000000000010000010000000110000000000001001010000000000000000000100000000000000000000000100100000001000001000000000000000000000000001000000000010000000000000001000010000000000001000000100000100000000,ensemble
1,0.49636587515401076,0.4840550050130175,0.48464773973144537,0.47344066961944903,0.0,00001000010000010000010100000000000010000000000000000100000000000000001010110000000001000010000000000100000000100000000010010000000000001000000100000010000000000000100001000000000000001010000010000000,ensemble
2,0.4165631270092204,0.4005094645974886,0.4021791902022729,0.37852155631342965,0.0,00000000000110000001001000000000000011000000000010000010000000000000001000010000000000000000000000100000000010000101000000000100000000100010000000010100000000000000000000000000000000000000010000000000,ensemble
3,0.39946002475461917,0.3825566146514545,0.38431154412649704,0.3606346962367939,0.0,00000000000000100000000000000000010001000000110000000000000000000000100001000010000000000010000100000001000000000000000000000000000000000000000100000001000000000010000011000000000000010000000000000000,ensemble
4,0.34440017868602807,0.32223419854751134,0.32744491915447627,0.3152395780549578,0.0,00000000000000000000000000000000000000000000000001010100100000000000001000100010000100000000100000000000000001000000000000000000000000000000000100110010000000000000000000000000000000000000010000001000,ensemble
5,0.42342230864406516,0.40876841968316424,0.4091874050295285,0.3891651797377669,0.11261977469436221,,ergodic
6,0.0049439519583580616,0.009500617679675138,0.005319721347758821,-0.008078850893757927,1.0,,complexity
