,Avg Cell Entropy,Avg Stable Cell Entropy,Last Cell Entropy,Stable diag LR,Stable diag RL,Initial,Kind
0,0.9999992786404566,1.0,0.19439185783157623,0.9918809193554581,0.9918809193554583,00000000000010000010000000000000000000000000000000000010000000000000001000000010100000000000001000000001001000100000000010100000000000000000000000000000000000000000000000000010000000000000000000000000,ensemble
1,0.9999996393202284,1.0,0.218877726539011,0.9918693391136095,0.9918693391136095,00100000001010000000000000001000011000010000100100000000000100001000000000000000011000100000010000000000000001000000010000000000000000000000000100000000000000000000000000000000000000100000000000000000,ensemble
2,1.0,1.0,0.14144054254182067,0.9921933125315895,0.9921933125315895,00000000000010000000000000000000001100000000001100000000100000100000000000000000000000000000000000000000000100010000000000001000000000000000000100000000000000100000000000010000000000000000010000000001,ensemble
3,0.9999992786404566,1.0,0.28639695711595625,0.9919338368159548,0.9919338368159548,00001000001000000100010000000000110010000000000000000000010000000000000000010000001000000010000001100000000000010010100010000010000000100000100000000000010000100000000000000000000001010000000000000000,ensemble
4,0.9999996393202284,1.0,0.16866093149667025,0.9920228295096467,0.9920228295096467,00010000000000000000000000000010000000100100000000000000000000000000100000000000000000000001000000000000000000100000001000000100001100001000000000010000000000000001000010000001010000010000000000010000,ensemble
5,0.9999999134382398,1.0,0.2043246709802796,0.9965568021914682,0.9964618790761226,,ergodic
6,3.4625399580878735e-07,0.0,0.011604413034887795,0.004592567845758566,0.00449774517719248,,complexity
