,Avg Cell Entropy,Avg Stable Cell Entropy,Last Cell Entropy,Stable diag LR,Stable diag RL,Initial,Kind
0,0.7856190723803445,0.7599614671626662,0.7601675029619657,0.7333533954071684,0.0,00000000000000100000000110000000110000000100000100001000000000000000000000000000010000000001000000000000000010000000000000000010100000000000000000000010000001010000000000000001000000001000000001000000,ensemble
1,0.7753219127802979,0.7507481334459493,0.7509319796338465,0.711621277861982,0.0,00000100000000100000000000000000010000000100110100000000000000100010000000000000000000001000000000000000001100000000000000000010010000000000001000000000001000001000000100000000000000000000010000000001,ensemble
2,0.8096302633462691,0.7689072666630539,0.7691928290130138,0.7133491204192606,0.0,00010010000000000000000000000000000000000000000000010000000000000000000000000000000000000000000001000001000000010000100000001000000000000000000110000000000001000000000000000010000000000001100000000100,ensemble
3,0.787797647648991,0.7690562875103976,0.7691928290130138,0.7245529826066875,0.0,00000000000000000010001000000000100000000000000010000000000001000000000000100000001000000100000011000000100010000000000000001000000000101000000001000000000001000000000000000010000110000011000000001000,ensemble
4,0.7730324131345782,0.7503715685574907,0.7509319796338465,0.6947981723190374,0.0,00000000000101000100000000000000110100000010100010000001000000000000000000000001000000000000100000000000000001000100000000000101000000010000000000000000001000000000000000101000000000000010010000010000,ensemble
5,0.7871018327835628,0.760103262949505,0.7601675029619657,0.7371728764843982,0.28824663677790596,,ergodic
6,0.0010437924182709057,0.0003872082859522896,0.00011060576846655401,0.029352527001214157,1.0,,complexity
