,Avg Cell Entropy,Avg Stable Cell Entropy,Last Cell Entropy,Stable diag LR,Stable diag RL,Initial,Kind
0,0.07725529153969948,0.04039656794795559,0.0454146923337941,0.031132930681962212,0.0,00000100010010000000000001000000000000000101100000010000000000000000000001010000000000000000010000000000000000010000000000000100000000000000001010000000000000000000010000001000000010000000000100000000,ensemble
1,0.16498617898776555,0.13591939558402874,0.14144054254182067,0.14595933096039612,0.0,10001101000101010000000000010000000000000000001100000000000000000000000010000001100000000000010000000000000000100100000010000000000000001000000000000000000000000000000000001000000100000010000010000001,ensemble
2,0.1382417609731518,0.11028158460068123,0.11236071009937676,0.09298320614345318,0.0,00010010000000100100000000000100100000000000000000000001000000000000000110000000000000000001000000000000101000000000000001000011000000000000000000000000000000000001011000000000010000000000000000000000,ensemble
3,0.10873043906597822,0.07233192961091046,0.08079313589591118,0.05828073956870872,0.0,00000000100001000000010000000100000000001000000100100000001100010001000000110000000000000000000000000000000000000001001000000000100000000000000000000001000000000000000001000000000010000000000100000001,ensemble
4,0.1380963618109396,0.11097763011583513,0.11236071009937676,0.09490757267298869,0.0,00010000110000000000000000000000000000010001000110000000010000000000000000000000000100000000000100000000000100000000100000010000000010000000100000101100000000000000000000000000100100000000000000000000,ensemble
5,0.1267074303552358,0.09917228996136881,0.10008207543778838,0.08905986357822275,0.019640434390809154,,ergodic
6,0.009829130590346624,0.05234192324800213,0.016067984568646332,0.04948477794208772,1.0,,complexity
