,Avg Cell Entropy,Avg Stable Cell Entropy,Last Cell Entropy,Stable diag LR,Stable diag RL,Initial,Kind
0,0.0035829941428451428,0.0,0.0,0.0,0.0,00100000000000000000000000000000000000000000000010000100001000000000100000000000000000000000000100000011000000000000100001001000000000000100001000000000000000000000000000000000000000000000000000010010,ensemble
1,0.00421403328399367,0.0,0.0,0.0,0.0,10000000000010000000000000000000000000000010000100000000000100000000110000000000000000000000000001000001100000100000000000000000000000000000000000100000010000000000000100000100010000000000000000000100,ensemble
2,0.006365351066173347,0.0,0.0,0.0,0.0,00000000100000100000100000001000000000000000100000001000000000000001010000010000000000000000101000000000000000001000000000000000000000000000000000000000000001010001000000001001011001001010001110000000,ensemble
3,0.002724881540027646,0.0,0.0,0.0,0.0,00000000000000000000100000000000000000000000100000000000000000000000000000001000000000000100000000100000000000000000000000000001000000000000000000010100000010100000000000000000000000000000010000000100,ensemble
4,0.0052490381046217515,0.0,0.0,0.0,0.0,00000000000000011000000000000001000000000000000000000000001000000010000001000001100001001000000000010000000000000000000000000000110000001000000000010000000000010000000001000000100000000000000001100000,ensemble
5,0.0054823822377620575,0.0,0.0,0.0,0.0,,ergodic
6,0.1924569583934107,0.0,0.0,0.0,0.0,,complexity
