,Avg Cell Entropy,Avg Stable Cell Entropy,Last Cell Entropy,Stable diag LR,Stable diag RL,Initial,Kind
0,0.9552827929988013,0.9345725499550306,0.9790514648094594,0.9663357396317368,0.9709073677443166,00000000100000000000001000001000000000000000000000000000000010001000000001100000100001000000000000100000000000000000000100000000000001011100000000000000000001000001000001000000001100000001000000100000,ensemble
1,0.9597918356553259,0.9447199465894093,0.9837082626231857,0.9593598104942427,0.9730623602291193,10000000001000000000001000000010000000000000000000000000000000001000000000000000010000000000000000000000000000000000000000000000000000000000000000000010000000011010000000000000000000000000000000101000,ensemble
2,0.9666059472815237,0.944148124404774,0.9614969508235551,0.9674208690082928,0.9691716052067391,00000100001010100000000000001000000000000000000000010000000100010001101000000000000100000000000000000100000000000001000000001001000000000000000000000000000000000010000000000010000001001010010000000010,ensemble
3,0.9696512680145457,0.9410933607125308,0.9877746553159469,0.9645248948939675,0.9741655436584569,01000000001000001000000000000000000000000001001100100100000100000000110100010000000000000000010000000000000000000010000000000000000000010000000000000000000001001000000000001000000000000000000001000000,ensemble
4,0.9580332572153151,0.9338069976059158,0.9912540071703689,0.9696291833431884,0.97405178086348,00000000000000000000000010000000000000000000000000000100000000010010000000000110100000010000000000000000100000000000100111000100000000000000000000000010110000000000000000100000001010001000000000010000,ensemble
5,0.9887828044333793,0.9812245399033176,0.9819165980553664,0.9788922473171113,0.9788100103031149,,ergodic
6,0.027215060860304452,0.04235151319582786,0.0012827259559086146,0.013727913240355272,0.006679824167989179,,complexity
