,Avg Cell Entropy,Avg Stable Cell Entropy,Last Cell Entropy,Stable diag LR,Stable diag RL,Initial,Kind
0,0.46977244198075324,0.4630054240888111,0.4689955935892812,0.4356982919498639,0.0,10000000000001000000000000000000011000000100100000000000000000000000000000101000000000000000000000000010100000001000110001000000010000000100000100000001000000010010010000000000010000010000000100001100,ensemble
1,0.43687953691357656,0.435780103602719,0.4364698170641029,0.4477547783385197,0.0,10100000100000000000000000000000001000000000010100000000001000000000000000000101000001100000000100100000100000000000100000000010000000000000000000010000000000000000000100001000100000010000000100000000,ensemble
2,0.3660155903663545,0.36485388579188055,0.36592365090022316,0.33867100521745674,0.0,00001000000000000000000000000010000001000000000010000000001000000000000001010000001000010000000000000000010000000000000000000000000000000000000000000001000000000100000010010000000100000000000000000000,ensemble
3,0.41997492336216224,0.41586875099873644,0.41955649623854696,0.398817604893125,0.0,00000000000000000000000100000000100000100100000000000000000000000000000000000000000000000000010000011000000000010000010100100000000001000000100000000100000010001000000000100000000000010000000000000011,ensemble
4,0.46959845838256975,0.46473486310973017,0.4689955935892812,0.4399065724595012,0.0,10000010100000000000000000000000100000000000010001001001000000010010100100000000010000000000000111110000000001000000000000000010000000000000000000100000100000000000000001000100000000000000000000000000,ensemble
5,0.43360679722903145,0.4326226234281462,0.43312311020240934,0.4220643801345232,0.1239642598367989,,ergodic
6,0.002672022291514531,0.00872357964053061,0.0026202248261283367,0.02344364989927883,1.0,,complexity
