,Avg Cell Entropy,Avg Stable Cell Entropy,Last Cell Entropy,Stable diag LR,Stable diag RL,Initial,Kind
0,0.9731572740461223,0.9792315120173107,0.9988455359952018,0.9592112448718728,0.9559792722072403,01000000000000000100000100000100010000100000000000000000001000011000000000000000000000000000010000010001000000010000001010000000000100000000000000000000000000000000000001001100010001000000001000000000,ensemble
1,0.954425739830778,0.9698796806920561,0.9927744539878084,0.9366572159598756,0.9627208973269115,00001000000000000010110100000000000000000000100000001000000010000100000000000000000000000100000000000000000000000000000000100010000000000000000000000000000001000000000001000010000000100000000001000000,ensemble
2,0.9686640675747108,0.9725094037211484,0.9974015885677396,0.9462144016749822,0.9635327322955183,01010010000000000000000000000100000100000000001000000000000000000000000101000000000110000000000000000000000000000000001000000000100100000000100100000000010100000000000000000000000000000000010100000001,ensemble
3,0.9609094355350103,0.9750672554032883,0.9895875212220557,0.9480651167430929,0.9695335509425366,00001000000010000010101100100000001010000000000000010000100000000000010000000000000000000000000000100000000000000000000000000000010110000100010001000000000000010110000000000000000000000000000000000000,ensemble
4,0.9851500551666112,0.9905672404663993,0.9895875212220557,0.9658798707359014,0.9698080158480185,00001000000000010000011000000000000000000100001000100100000000000000000000000000000010000000010000100001000010000000100100100000000000000000000000010000010001101000000000000000000101000001000011010000,ensemble
5,0.9846537100319555,0.9919816529997604,0.9998153271549207,0.9779153529048391,0.9807694635671113,,ergodic
6,0.016444761682544717,0.014648087992130687,0.006177143706651234,0.027312980441869805,0.01677720448516007,,complexity
