,Avg Cell Entropy,Avg Stable Cell Entropy,Last Cell Entropy,Stable diag LR,Stable diag RL,Initial,Kind
0,0.0,0.0,0.36592365090022316,0.3586228569461413,0.3586228569461413,00000000000010000000000000010000000100000000100100000000100010000000000000000000000000000000000000010100000001000010000000000000000000000000000000000000000000000000000000000100000000100000000000000010,ensemble
1,0.00022707346166897052,0.0,0.41955649623854696,0.3583277276223398,0.3583277276223398,00000000000000010000000000010000000000100100000000000000100000000010000000000000000000000000001000001010000000010000000000000011000000000000000101000001010001000000000000000000000000000100000000000000,ensemble
2,0.00022707346166897052,0.0,0.499915958164528,0.49020474587060664,0.49020474587060675,01000000000000000100101001100000100000000000000000010100000000000000010010001000000000000000000000000101000000000100000000001000000000000001010100000000010000000000000100000000000001000000000000100000,ensemble
3,0.00022707346166897052,0.0,0.4529425481872832,0.4459891370145299,0.4459891370145299,01000000000101000000000000000000000000000011010101000000010000000000001000000000001000100000010000000000000000000000000000000000000000000000100000010000000010000000100000100001000000000000100000000000,ensemble
4,0.00045414692333794104,0.0,0.41955649623854696,0.41288994595404477,0.41288994595404477,00000100000000010100000100000010110000000000000000000000000001000000000000000101100000000001000000000000000010000000000000000000010000010000000000000000000000000000100010000000001000000000001000000000,ensemble
5,0.2978508550996142,0.2976127224588734,0.43312311020240934,0.4281113779427199,0.4082764348752945,,ergodic
6,0.9992376269606712,1.0,0.003564991616037405,0.0348145273148559,-0.01207624879879221,,complexity
