,Avg Cell Entropy,Avg Stable Cell Entropy,Last Cell Entropy,Stable diag LR,Stable diag RL,Initial,Kind
0,0.11251185553731285,0.0,0.9974015885677396,0.989494990858319,0.989494990858319,00000000000010000010000000000000010000000000100100000001000000100000000000000000000000000000010000000010000010000000000001001010001100000000000000000000000010000000010000000100000000000001000000000101,ensemble
1,0.13320845479960006,0.0,0.9993506898146105,0.9912248573188897,0.9912248573188893,00000001000100100000000010001000010001010000000000000000000000000000000000000011100000000000000000000000000010000000000000000010000000000000000000000010000000000100000100000000100000100000000010000010,ensemble
2,0.13370822417721975,0.0,0.9988455359952018,0.9910417636753913,0.9910417636753915,00000000000000000000001000001000000000000000000100000001000000000000100000000010000001000000000000011000000000000011000000000000000011100000000000000010000000100000100000000100011000000000000000000000,ensemble
3,0.13501514292609249,0.0,0.9974015885677396,0.9886007374847905,0.9886007374847905,00000000000000000000000011000010100000000000011000100000000100100100000000000100000000001000000000000100000010000000100000110001000000000000000000000000000000000000000100000101000001000100000000000000,ensemble
4,0.09131969806888739,0.0,0.9974015885677396,0.9874287311704203,0.9874287311704203,10000000010010000000100000000100100010000000000000100000000001000001000000000000001101100000000000000000000100000000000000010000000000000101000000000001000000010100010000100000000000000000100001000000,ensemble
5,0.8969302992538515,0.8855406201802392,0.99819587904281,0.9945182573964682,0.9934849817505692,,ergodic
6,0.8649252063369826,1.0,0.00011588981945587218,0.0049873808328977365,0.003952516365257952,,complexity
