,Avg Cell Entropy,Avg Stable Cell Entropy,Last Cell Entropy,Stable diag LR,Stable diag RL,Initial,Kind
0,0.15613184167362032,0.03,0.9999278640456615,0.9920314214405753,0.991924013848069,00000000000000001000000000000001000011010000010000100000000000000000001000001100000000000000000000000000000000000100000000000000010000000000000100000000000100000000011001100000000010010100000000000000,ensemble
1,0.22786879425815929,0.02,0.9997114417528099,0.9921952426870889,0.9921299606975934,00000000000000000000000010000000100000010000000000000010000000000000000010000000000000000000100000100000000000000000000000000000000000000000000000000010000000000100000000000000000000000000000000000000,ensemble
2,0.14848249472782096,0.04,0.9993506898146105,0.9919930409918373,0.9918352607297466,00000000000000000001000000011000000000000010000100000000000000000010000000000110011000100000000010000000010101000010000000000000000000000010000000100000000010001010000001000000000000001000000000000000,ensemble
3,0.18658807905497593,0.04,0.9988455359952018,0.9921952426870889,0.9918061089665098,00001100010000000000000000000000000010000000000000000000000000010000000100010001000000000010000001001000010000000000000000000000000000000001000000001000000000000000000000000000000000000100000000000000,ensemble
4,0.1734110007177795,0.05,0.9988455359952018,0.9920127043812361,0.9919686963602135,00000000000100000000000100001010010100010000000010101100000000010000010000000100000000000011001000000000000000000000000100000001000000100000000100100000000010000100000000000000000000000000000000000000,ensemble
5,0.9398098651466975,0.9407804268949664,0.9994343896240241,0.9965114955911883,0.9965217993070078,,ergodic
6,0.810071750993368,0.9617338977610137,9.823166417555207e-05,0.0044414592036364775,0.004605008329745308,,complexity
