,Avg Cell Entropy,Avg Stable Cell Entropy,Last Cell Entropy,Stable diag LR,Stable diag RL,Initial,Kind
0,0.17449494023876966,0.05,0.99819587904281,0.9921952426870889,0.9906491267300224,00001000000000000000000100000000000000000000000000010000000000000000000000000000010100000001000000000010000000000100000000000001000010010000001001000001001000001000000000000000010000000000010000000001,ensemble
1,0.17021472162725101,0.07,0.9974015885677396,0.9919062738114887,0.9913638508512983,00010000010010001001000100011000010000101000000000001000011001000100000000000000001000000001000000001110000000000000000010000000000000010010000110100000000000000101101000010000000000000000000000000000,ensemble
2,0.17726335813974947,0.04,0.9988455359952018,0.9921952426870889,0.991330973658261,00000000100000000000000000000000000000000000000101000010000000000010010000000000000000100000000000000010000000000001000000000100000101000000000000000000000000100000000000000010000000010000000011000000,ensemble
3,0.1661486156416182,0.04,0.9988455359952018,0.9921952426870889,0.9917118624477543,00000000000010000000010000000000000000001000000000001000000010001000000000000000000000000000000000100000001000000010100000000000110000001000100000000000100000011001000000000001101001000000000000000000,ensemble
4,0.1993390649319177,0.03,0.9993506898146105,0.9921952426870889,0.9918547173379528,00000000000001000100001000000000000000000000010000000000000001000000000001000000000100000000000000000000000000000000000001000010010011000100000000000000000000000010000000100000000000000000000000000000,ensemble
5,0.8848272489249613,0.8779956420693324,0.9986030202378096,0.9966329399002506,0.9959294126618206,,ergodic
6,0.7994047534911376,0.9476079404089257,7.527951866082017e-05,0.004510678714604421,0.004565892320229192,,complexity
