,Avg Cell Entropy,Avg Stable Cell Entropy,Last Cell Entropy,Stable diag LR,Stable diag RL,Initial,Kind
0,0.4533438743223332,0.45247993565519834,0.4529425481872832,0.4231755747194844,0.0,00000000010000011000000010000010000000000000000001000000001000000010000001010000000001000000100000000000000001100000100001000000001100000000000010100000000000000000000000100000100000001000100000000000,ensemble
1,0.41981019605093045,0.41769760895249475,0.41955649623854696,0.38647989487573625,0.0,00000010010000000010000100100000000101010010000000000010000000000000000000100000000000000000100000000000000000001000110010000000000000000001000000000010000000000000000000000000000001000000000000100000,ensemble
2,0.30777277384310275,0.30531751779319477,0.3072683598607598,0.28915526746110654,0.0,00000000000000000000000000000000001000100000000000000000001000100000000000000000000000000100000111001010000000000000000000000000000000000001000000000000010100000000010100010000000000000000000000000000,ensemble
3,0.3280310102228604,0.3251228119859367,0.32744491915447627,0.2949590842927129,0.0,00000001100000010011000000100000000001000000000000000000000000011010000000001001100000000000000000000000000000000000000000100000000000000001000000000000010000000000000000000000001010000000000000000000,ensemble
4,0.4027005093833611,0.39900769140729286,0.4021791902022729,0.3850185300646776,0.0,00000100000000000110010010000000000000000100000110000100000000000000000000000000000000000000000010010110000000000000000000000000001100000000100000000000001000001010000000100000100000000000010000000000,ensemble
5,0.38476310558481863,0.3837841630004361,0.38431154412649704,0.38619355285715634,0.1014723965545834,,ergodic
6,0.006319298251336702,0.01005526077846064,0.00633142937030351,0.07880991888456079,1.0,,complexity
