,Avg Cell Entropy,Avg Stable Cell Entropy,Last Cell Entropy,Stable diag LR,Stable diag RL,Initial,Kind
0,0.5708941409120979,0.5687539312263614,0.6461380758647463,0.09001589898104817,0.5778111054268735,11001000000000000000000000100001000000010000000000000000000001000000001100011100001000000000000100001000000000000000000011100000000000000000000001000000000001000000001000000000000001000000000010100000,ensemble
1,0.48491213385309445,0.4795879445364672,0.5574381850279891,0.07324456634782335,0.4898686528810412,01000010010001000000000000000000000000000000000000110100000010000000000000000111000010000000001000100000000000000100000000000000000000110000000000000000000000000000000000000001000000000000010001000000,ensemble
2,0.43646981706410304,0.4341460886835317,0.499915958164528,0.056846565188862816,0.40538763609204925,00000000000000000000001000001000000000000001000000000000000000000000000011000000000000000000000100000000000010000000000000100001000001000000000000000000000001000000000000110000000000000100000000000000,ensemble
3,0.5281790272859609,0.5260784535401386,0.6222126380063133,0.08360743508108591,0.49069823164110016,00000000000000010000000000000000000000001000000100000000000000001000001100000010010001000100001001000000000000000000000000000100000000000000000010100000000000000100000100000000000000000100000100000000,ensemble
4,0.5279695678325382,0.5216639140410352,0.597185045253784,0.08358490087389797,0.5214772256418694,00010000000000100000000000000000000010000000000000000010000000100001011000000000110111000000000100001000000000000000001000001000010000000000000010001000000000000000000000000000000000000000000010000000,ensemble
5,0.5120699431398839,0.5111444512829312,0.586851742115917,0.21454891658870093,0.5083474413974901,,ergodic
6,0.0046575780950951495,0.009974450206058028,0.0038745078002950795,0.6389640436029915,0.022226670463496134,,complexity
