,Avg Cell Entropy,Avg Stable Cell Entropy,Last Cell Entropy,Stable diag LR,Stable diag RL,Initial,Kind
0,0.004541469233379411,0.0,0.08079313589591118,0.0518479210075168,0.05184792100751679,00010001000000000010000000010010000000000010000000000100011000000000000000000000100000000000000010100100000000000001000000000100010001000010000000000000000001000000000000100000000001000000100000000000,ensemble
1,0.005449763080055292,0.0,0.14144054254182067,0.08390492450418832,0.08390492450418832,00010000000010000010000000001000000000000100000000010100000000100010000000001000000000000001000000001000000000000011001001011001000000000010000000000001000000000100000000000010101000100100000000000010,ensemble
2,0.002951955001696617,0.0,0.08079313589591118,0.04772063400591473,0.04772063400591473,01010000010000000000000000000000100000000000000001000000000000000000000000000000010000110000000000000010000000000001000000000000000000001000000000000000000010000000000000000000000010000000000001000001,ensemble
3,0.004541469233379411,0.0,0.11236071009937676,0.06980890046992363,0.06980890046992362,00000000000000000000001000100001000000010000000000010000001000000100010000010000000000010000010001000010010000000000010000000000000000101110000000000000000010000001000000000000001000000000000000010000,ensemble
4,0.0036331753867035283,0.0,0.14144054254182067,0.11339927355395156,0.11339927355395156,00000000100000100000000000000000011001000000000000000101000010000000000100000010001000000000000100000000000000001000000000010000000000000000011001000000000001000000100000000000000000000000100000000000,ensemble
5,0.05895499145191924,0.05414460711655218,0.11236071009937676,0.09446204762443389,0.09594831729523497,,ergodic
6,0.9283594775772738,1.0,0.008856269273561534,0.2236423775199896,0.23566840174339276,,complexity
