,Avg Cell Entropy,Avg Stable Cell Entropy,Last Cell Entropy,Stable diag LR,Stable diag RL,Initial,Kind
0,0.09891047551877043,0.065,0.7691928290130138,0.7439067122712966,0.7446851097911484,11000100000010000000100010000000000000000000000000000000000000000000011000010000010000000001000000001010000000000000100000000000001010000010000000000011000001000000000000000000000000000010100001000000,ensemble
1,0.08259383214933233,0.045,0.6222126380063133,0.49552508559814645,0.49541384293714424,01100000000000000000010000000000000000010000000000000000100000011001000000000000000000000000010000000000000000000000000010000000010001000000101000010000000000000000000000000000000000000000000000000000,ensemble
2,0.1267401033897975,0.095,0.819107179827683,0.7071128260106808,0.7069188212028337,00000001000000000000000010000000001011000110001000000000100001000000000000000010000000000001000110010000000000010000000000000000000000000000000001000001000001000000000000000010001000010000000000000000,ensemble
3,0.08128408835178937,0.045,0.7414827399312737,0.5965722862745968,0.5964851770129247,00000000000000000010000000000000000000000000000100000000010000000010010000000000010000100101000000100000000000000010010000001100100001000001010000000010000101100000000000000000101000001101000000000000,ensemble
4,0.11913754898043939,0.085,0.7866261099706012,0.6833358705275991,0.6839993968042103,01001000110100000000100000000100000001000100000000000000000000000000000010000000000100000000010000001000101000000000000000100000000000000100000000001000000000000001000000000000000001000000000000000000,ensemble
5,0.5619732923128072,0.5448641610926641,0.7527960664084546,0.7184799619626352,0.6819917752637444,,ergodic
6,0.8189714510108805,0.8770335713297072,0.006737239054495525,0.10186701049566294,0.053506958643276925,,complexity
