,Avg Cell Entropy,Avg Stable Cell Entropy,Last Cell Entropy,Stable diag LR,Stable diag RL,Initial,Kind
0,0.6814776609947686,0.09473270874233596,0.08079313589591118,0.14370418966048953,0.10774786519320517,00000000000000100100000010000000000000000001001100010000100010000100001000000000000000001001000000000000000000110000000000010000101000000000000000000100000000000000000000000000000000000000000000000001,ensemble
1,0.6697956080553993,0.06127078437060874,0.08079313589591118,0.16087540578041507,0.09962735533784885,00000000000000100010000000000001000000000000000010000000001000000010000000010100000000000000010010010010100100000110000000000001000000000000000000100000000000001010100001000000000000001100000000000000,ensemble
2,0.6736515707396482,0.1602819806788432,0.11236071009937676,0.23814776919173114,0.15616435453950808,00100010000100000000000000001000000000000000000000100000000000001100000110000000000000000000101000000000000000000001100001000000000000100100010000001000000000000000000010100000000100000000000000000000,ensemble
3,0.3659236509002231,0.36524294446952754,0.36592365090022316,0.3315592347466188,0.0,00000000100000000100000000000000000000000010000000000000000100000000000100000000100001000000000000000000000100000000000000010000000000000000000000000000001001000010010000000000000001000000000000000000,ensemble
4,0.30767189104663417,0.30500808579736616,0.3072683598607598,0.2705662915342531,0.0,00000000000000000000000100000000000000000010000000010001001010100000000010000000000000000000010000000000000000000000000000000000000100000000000000000000000000100000000000001010100000100000000000000000,ensemble
5,0.9775663947766782,0.9641602835884916,0.9594423211075276,0.4100120229942648,0.2887486389821764,,ergodic
6,0.447910567270852,0.795358402362954,0.8025646832925075,0.4415515513165712,0.748196510049696,,complexity
