,Avg Cell Entropy,Avg Stable Cell Entropy,Last Cell Entropy,Stable diag LR,Stable diag RL,Initial,Kind
0,0.047375095008594874,0.0,0.4021791902022729,0.39895057172653947,0.39895057172653947,00000000000100000001000000000000100000000010000000000000000100000010000000000000000000011000100100000000000000100000000000000010000100001100000000000000000000010000000000000000000000010000000010001000,ensemble
1,0.04669387462358797,0.0,0.4021791902022729,0.39366599224001314,0.39366599224001314,00000000100000000001000000000000000000000000010000010000000001000000001001000010000000000000000000000000000000100000000000001100000000000000000001000000010000000000010000100000000011000001001101000000,ensemble
2,0.049043600883371515,0.0,0.4021791902022729,0.3850912514442839,0.3850912514442839,00000000000000001011000100000100000000000000000001100110000100000000000000000000000000000010000000000100100000001000100001000000000001001000000000000000000000000001010000000000000000000000000101001001,ensemble
3,0.04911766870046531,0.0,0.4021791902022729,0.3564623908933017,0.3564623908933017,00000100000000100000100100000000010101000000000000000000100000000001000010000010000000000000000000100001000101010010000001000011000000000000000000010000000000000000000000000000000010000000000000000000,ensemble
4,0.05145646725784058,0.0,0.4529425481872832,0.44537176593489797,0.44537176593489797,10000000000000000000000000000000000000000000100000100000000000000000000010000010000001100001000100100100100000000000000010100000000010000010010000010000000000100000000001100000010000000001000100010000,ensemble
5,0.2937299640236249,0.2581580712782141,0.4126626559236274,0.40810355050512637,0.4179358789005935,,ergodic
6,0.8340743292677758,1.0,0.0008016090615519111,0.029882504188519565,0.05270541622492664,,complexity
