,Avg Cell Entropy,Avg Stable Cell Entropy,Last Cell Entropy,Stable diag LR,Stable diag RL,Initial,Kind
0,0.0,0.0,0.4364698170641029,0.4643022303859094,0.4643022303859094,00001000000010001000000000000010000000000000000000110000000000000100000000000000000000000000010000000000000100000000000000001000001000000000000100000010000000000000001000000001000000000001000100000010,ensemble
1,0.0,0.0,0.4689955935892812,0.4025124954912037,0.40251249549120366,10000000000000000010000000000000000100010001000000000000000000000000000010000000000000010000001001000000001000000000000000000000000100011001000101100100010000100000000000000000000000000000000000000000,ensemble
2,0.0,0.0,0.41955649623854696,0.4219622358463079,0.4219622358463079,00000000010010000000000000010000000000000100000000000000000000000100001001000010000000000000000000010010000010001001000000000000000000000010000000000000000000000000000000000000000000000100000000000101,ensemble
3,0.0,0.0,0.5709929600768897,0.5478215571065557,0.5478215571065557,00000000000001000000100001010000000001000000000000101000001000000000010000001000000000001001000000000001110010000000000000100000010100000000000000000000000000000001000001000000000000111001000001010000,ensemble
4,0.0,0.0,0.32744491915447627,0.3566623651433313,0.3566623651433313,00000000000111000000000000100000000000001000000000000000000000000000000010000000000000000000000000000000000000000001000000100000000000000000000000100000000010000000000000000000000000000000000001000010,ensemble
5,0.30022864447361924,0.30022864447361924,0.4496822131225001,0.4470712322900056,0.4412525958072297,,ergodic
6,1.0,1.0,0.011097294383047518,0.018831575121082245,0.005893266209144654,,complexity
