,Avg Cell Entropy,Avg Stable Cell Entropy,Last Cell Entropy,Stable diag LR,Stable diag RL,Initial,Kind
0,0.030427843863642046,0.0,0.7509319796338465,0.7433669287270122,0.7433669287270122,00000001100101000000000000000000001000000010000000000000100100000010001000000000000010000000000000000000100000000100010000010000000100000000000000010000000001000000010000000000100010000000000100000010,ensemble
1,0.03292565194200072,0.0,0.6690158350565576,0.6870878100507666,0.6870878100507666,00000001000000100100000000000100100000000000000000010000000001101000000000000000000100000000000001000000000001000001000000000000000000000000001000000000000000000100000000001000000000000011000001000010,ensemble
2,0.03474223963535248,0.0,0.6098403047164004,0.5459140412560425,0.5459140412560425,00000000000000000010100010000000000000000000001000001000000001100010000000000000000001000000000000001000000000001000000000000000100000000000001000000000100000000000000000000100000000001010000000000000,ensemble
3,0.0338339457886766,0.0,0.6343095546405662,0.5768979209322912,0.5768979209322912,00000100000000010010101000000000000000000000000010000000000000000000000000000000000000100000011000000001000000000110000000000001000010010000000000000100001000100000000000000000010000000000000000000000,ensemble
4,0.03860248848372498,0.0,0.4364698170641029,0.46709994275991246,0.46709994275991246,00000000000001000000100000011000000000000000000000000001000000000000000000000000000000000000000000000000000000000000000000000000000000000011100000000000000000100000000000000000000001000000000010001000,ensemble
5,0.49231481723375853,0.4728747598441136,0.6295033782281994,0.6207400573956156,0.6232395242532374,,ergodic
6,0.9307223086757409,1.0,0.014916329809592788,0.026849771416940227,0.030752535361099342,,complexity
