,Avg Cell Entropy,Avg Stable Cell Entropy,Last Cell Entropy,Stable diag LR,Stable diag RL,Initial,Kind
0,0.18167970848896314,0.0,0.5148156530047155,0.5251009922471259,0.5251009922471259,00010011000000001000000000000000000100000000000000000000000000010000100000000100010010100010001010000100001000000011000000000000000000000000000000010000000000000000000001010000000001000000010000100010,ensemble
1,0.20341061710129274,0.0,0.41955649623854696,0.45274483453314157,0.45274483453314157,00000100001010000100000000000000001001000000000010000000000000000000000000000010000000010000000011000000000000000000000010000000001000000000000000000000000100000000000000001000000000000000000101001000,ensemble
2,0.17357813332732172,0.0,0.4529425481872832,0.41048132474384563,0.41048132474384563,00000101000000000000000000000001000001001011000110000000000010000000000010000000000000000000000010000000010000000000011000000000000111010001100000100000010000000000001100000000000100000000000000000000,ensemble
3,0.1736623000497307,0.0,0.4364698170641029,0.42358535153348126,0.42358535153348126,01000000000000001001000000000000000010000000000000000010000001100000000000000001011000000001000101000000000000001000000010000000000001000000000000000000110000000000010001000000000000000000000000100000,ensemble
4,0.2085047062081393,0.0,0.4364698170641029,0.40362220671209037,0.4036222067120903,00000000000000000011000000000000001000100000000000100000000100000001000010010000000000101000000000000000100010110000000000000000000000000000000000000000001011000000000000010000000000000000010000000110,ensemble
5,0.4572493408486285,0.2979898135160918,0.4529425481872832,0.45086947844408154,0.4550809325764702,,ergodic
6,0.5884803405383543,1.0,0.001968642334665871,0.017216815201003488,0.02631178273003376,,complexity
