,Avg Cell Entropy,Avg Stable Cell Entropy,Last Cell Entropy,Stable diag LR,Stable diag RL,Initial,Kind
0,0.03724004771371115,0.0,0.41955649623854696,0.3992937313223563,0.39929373132235624,00100000000000000100100000000000000000000000000000101000000000010000011000110000000000000000100000000000000000000100000010100000000001010100000000000000000000000000000000000100000000000000000001000000,ensemble
1,0.03701297425204219,0.0,0.4364698170641029,0.39746613998369373,0.3974661399836937,00100000000000000000000000000000000101000000001000000000000000000000010010100000000100000000010000000000000000001100100001001000000000000000000100000000000100100000000000000001000000000000010000000000,ensemble
2,0.03633175386703527,0.0,0.4529425481872832,0.4176636518778475,0.4176636518778475,00000000000000101000101000000000100000000000110000000000000000000000100100000000000010010000001000010010000100000000000000000000000000000000010000000010100000000000000000000010000000000000000001100000,ensemble
3,0.03315272540366969,0.0,0.5293608652873644,0.5286904180929524,0.5286904180929523,00001000000000000000010000000000000001000000000000000000000000000010010000000010000001001011100000011100000000010100000001000000000000110001000001000000001000000000001000000000100001000100010110000001,ensemble
4,0.039964929253738804,0.0,0.3072683598607598,0.2778409342903429,0.27784093429034296,00000000000000000000000000000000000000000000000010000000000000000000000000000000010001000000000000000000110000000000000100000000000000000001000001100000000000000001000000000100001000000000000000000100,ensemble
5,0.3170525604553715,0.28927402603123603,0.43312311020240934,0.371851488809952,0.43276449301419917,,ergodic
6,0.8841186267498665,1.0,0.009243313922748131,-0.08696882297549391,0.06602555977212099,,complexity
