,Avg Cell Entropy,Avg Stable Cell Entropy,Last Cell Entropy,Stable diag LR,Stable diag RL,Initial,Kind
0,0.43655218071971885,0.43589624070469113,0.4364698170641029,0.0,0.4427232758955645,10000010000000100000000000100000000000000010000000000000000000000000000000001000010001000000000010000000010000010000000000101000000000000010000000000000000001000000001000000000000100000000001000000100,ensemble
1,0.4196410628426749,0.4099540110005855,0.41955649623854696,0.0,0.36507296293920655,00000000000000001100000000000000001000000000100000000000000110000000000000000000000000000000000000000000000000000000000000000000000010000001000000001000001010001000000100000100100110000000000000000100,ensemble
2,0.40217919020227283,0.40024435274339565,0.4021791902022729,0.0,0.4032642128100582,00100001000000000000000000000001000000001000000000000000000000100000000000011100000000000011000001000000000000000000000000100000000000000000000000000000000000000000001000100000000010000000000001000000,ensemble
3,0.4366345443753347,0.4344188956045234,0.4364698170641029,0.0,0.42316963156139287,00010000001000000000000000000000001000000000000001000000001000010100000100000000000000000010000000000000000010000000000000001000000000010000000000000000001000010100000000000001001000000100010000000010,ensemble
4,0.40217919020227283,0.3977031592653836,0.4021791902022729,0.0,0.3814281972474349,00000000000111000000000000000000000000000000000001000100000000000000000000000000000000000000000000100000000000000110000000000000000100000000000000010000001000100000000001000001000100000000000000000100,ensemble
5,0.4196248761384688,0.41818719815376604,0.41955649623854696,0.11794502119580062,0.41563561808985955,,ergodic
6,0.00044716717402637496,0.006083080259943419,0.00044235778959722527,1.0,0.030083952036143446,,complexity
