,Avg Cell Entropy,Avg Stable Cell Entropy,Last Cell Entropy,Stable diag LR,Stable diag RL,Initial,Kind
0,0.5411448874132593,0.5252579775240952,0.5293608652873644,0.0,0.46181092807779206,00000000000000000000000000000000000000000000110010100100000000100001000001000000000000000000000000000000000000000010001000000000000000000000000101000000000000010000000001010000000000000100000000000000,ensemble
1,0.5945928887901154,0.5790718132997825,0.584238811642856,0.0,0.5865163730618624,00010100000000000000010000000010100000000000010000001000000000100010000000000000000000000000000001000010000010000000000000000100100000000000000000000000100000000000000000000000000000000000010000000000,ensemble
2,0.5945281576220607,0.5823090574464334,0.584238811642856,0.0,0.5543433431661872,00000010000011000000000000000000101000000000100000000000000100000000010000101000000001000000000000000000000000001000000000000000000000001000000000000000000001000001000000000000010000000000000001000000,ensemble
3,0.666127768012302,0.6538139196135062,0.6577047787442195,0.0,0.6280022106182277,00100000000010000000100000000000000000000000101000000010000000000000010000101000000000000000000000000000000000010000110000010001000000010000000000000100000000101100100000001000000000001100000000000000,ensemble
4,0.7089645427320191,0.6987909826988065,0.7014714598838974,0.0,0.6996785961480653,00010001000000000000010011000001000000100000000000000001000000001000000000010010000101000000000000010100000000010000000000000100000000000000010010000010100000000000000000000011100000000001010100000000,ensemble
5,0.6243924543089452,0.6141934083905418,0.6148227571490692,0.20218847748183547,0.6062860017123438,,ergodic
6,0.005318458562522443,0.010330065720898562,0.005562272490836517,1.0,0.03334352342099489,,complexity
