,Avg Cell Entropy,Avg Stable Cell Entropy,Last Cell Entropy,Stable diag LR,Stable diag RL,Initial,Kind
0,0.9999451752315457,0.9999278604382025,0.11236071009937676,0.9920574361566336,0.9921091775674261,00000001010000000001010010000010100000000001001000000000000000000000000000000000000000000000000000001000000000000001100000010000000000000001000000000100000000000000010000001000000100000000000000001000,ensemble
1,0.9998961194629533,0.999855720876405,0.218877726539011,0.991973667086772,0.9920814675741709,00001100000000000000000100010000000000000001000000000100000100000000000000000001001000000000000000100010000000010100100100001110000001000100000000100000000000000100000000000000100000000000001000001001,ensemble
2,0.9998932340247799,0.999855720876405,0.218877726539011,0.9917732469440033,0.9920820927347306,00000000000000101010000100000000000001100100000010000000000000010000000000100000000000000000000000000000000000001000000000001100000000000000000001000000000000000000101000101000010000001000100000000000,ensemble
3,0.9998571631621634,0.9997575717996338,0.19439185783157623,0.9918463884000993,0.9920404486564901,00000000000000110000000000100011000000100000000010000000000000000000001001000010000000010000000000010000000000000000000000000000100100000000000000000000000000000000001000000000000000100010000100000000,ensemble
4,0.9999870153839209,1.0,0.0,0.9921952426870889,0.9921952426870889,00000000000000000000000000000000000000000000001000000000000001000001000000100000000000001000000000000000000000010000000100000000010000000001000000100000000000000000000001010001000000000000000010010000,ensemble
5,0.9999604119422304,0.999943214025445,0.1579685469996634,0.996592081205112,0.9965734497505655,,ergodic
6,4.4672257645705926e-05,6.384285269445122e-05,0.057397139937532815,0.004638693240069158,0.004487139314923061,,complexity
