,Avg Cell Entropy,Avg Stable Cell Entropy,Last Cell Entropy,Stable diag LR,Stable diag RL,Initial,Kind
0,0.7768585308908621,0.7764679880229332,0.934068055375491,0.4003659990554288,0.6778217798932635,00100000010000000000000001101000000011000100100000000000010000000001000010001000000000000000000000000000000000000001000000000000000100000100000010000001000000010000010000000000000000000010000000000000,ensemble
1,0.7033600915230153,0.6988059322293878,0.862174529941225,0.3920152464715172,0.6319227090962327,00000000000000000000100000010010000000000000000000000000000000000000000100010100000000000000101010000000000000000000010000100000000000000000000000000000000000000000010000000000000000000000100000000000,ensemble
2,0.7712640822317272,0.7714661503249809,0.7780113035465377,0.4286417459642408,0.6957776257369571,00000000000001000000001010001010000000000100000000010000000000000000000010000010000000000000001010000000000000000000000000000100000001010001010000000000001010000000000000000100000000010000000000000000,ensemble
3,0.7581820502523382,0.7538176374216872,0.9199534913630799,0.38598692629723697,0.690226333405393,00010000100000001000000000100010000000000000010000000001000000001000010000001100010001100000000000000000000000000000010000000000001000000000000000000000000001000000000000010000000000000000000000000000,ensemble
4,0.7445508391485184,0.7434478943154591,0.7509319796338465,0.3903110164332153,0.6279771502959764,00001000000001000000110000000100000000000000101000000000010000010101000000000000000000000000000000000000000000000000000000000000010000010000000100000000100000001000000000010100000000000000000000000000,ensemble
5,0.7536341356503187,0.7546647304322691,0.8595063876013986,0.5457975296716093,0.7088943296100433,,ergodic
6,0.0037034108581323055,0.007769821131061394,0.012191317924471368,0.2681092069348978,0.062278971745711065,,complexity
