,Avg Cell Entropy,Avg Stable Cell Entropy,Last Cell Entropy,Stable diag LR,Stable diag RL,Initial,Kind
0,0.44818067888440893,0.4098950587317825,0.34698128810061335,0.04345799044089219,0.4095712592543451,00000000000000000000000000000000000000000000000000000000000000000000000000000000000000000001000000000000000000100001010000001000000000000000100000000100001000100000000000100000100000000010000001000000,ensemble
1,0.6537023698855647,0.6433125004806572,0.5435644431995964,0.10364876639025947,0.6437957970064007,10010000100001010000000000000000000000000000001001000000100100000000000000000000101000010000100000000100000001000110010000000000000000000100000010000100000000000000001100001000011000000001011000000000,ensemble
2,0.5806424166688176,0.5662049411094165,0.48464773973144537,0.09023504504241554,0.5344743987803129,00000000000000000010000000010001010000100000000010000001000100000000000000000001100000000000000100000000000000100000000001000000000000000001000000000000000010101000000100000010110000001000001000000010,ensemble
3,0.47249163785761544,0.4585212503266729,0.34698128810061335,0.06688242849015363,0.443306593711764,00000010000000000010000000000000000000000000000000001000000000010000100000000001100000000000000010000000001000000000000000000000000000000000001000001001000000000000000000000000000000010010000000000000,ensemble
4,0.5783357315780807,0.5673517374030007,0.48464773973144537,0.08695398101960586,0.5324584173434351,00100000000000000000000010000000000001000000100000000010000000101000001000100000000000000000000011000000000000000000000000100000001101000000000000100000000100000101000000100000000000010000010000000000,ensemble
5,0.5523001479784484,0.5409365409312188,0.4464049375696702,0.22993870981683273,0.523777377537763,,ergodic
6,0.010192973918541237,0.02196088158596654,0.01129117841834093,0.659754365243733,0.021108365486278258,,complexity
