,Avg Cell Entropy,Avg Stable Cell Entropy,Last Cell Entropy,Stable diag LR,Stable diag RL,Initial,Kind
0,0.7401140884308964,0.7401188449665697,0.7414827399312737,0.0,0.7239692558303202,00000000000000001100000000000100010100000000000100000000001000010000000000000000000000100000000000100000000000000100010100000010000010000000000000000010001000000100010000000000001000000000000000010110,ensemble
1,0.6787361484962442,0.6774340430720549,0.6800770457282799,0.0,0.70489145129167,01100010000000000000000000000001000000100000000000000000000000000000100000000010000000000000010000010000000000110010100010000000010000000001000000000000000000000000000000000000000000000100010001001000,ensemble
2,0.5830285617244866,0.5797850952166879,0.584238811642856,0.0,0.5665228133372722,00000000000100000000000000000000000000000000001000001001000000000000000000010000000010001000000000101000000000000000000000001100000000000000000000000000000000100000000000100000010100000000000000000000,ensemble
3,0.7199002666862943,0.7035432297334836,0.7219280948873623,0.0,0.6801153036392025,00000000000001000000000000000000000000000000000000001010000000100000000000000000000000000010000000000000000000001000001010000000000100101010000000000000000001000010100000000101000110000010000000000100,ensemble
4,0.7207514571645888,0.7194846373459992,0.7219280948873623,0.0,0.7302682431524413,10100000000000000000010000010010000000000000000000000110011000000100000001000000001000000010000100001000000000000000000000000000101000000000010000001000000000000000000000000001000000000000100001000000,ensemble
5,0.6916138129544507,0.6920411332978531,0.6930283686032682,0.22849542316884952,0.7025187846138964,,ergodic
6,0.004493415827935832,0.011513713343776932,0.004469385855133123,1.0,0.03041252651408821,,complexity
