,Avg Cell Entropy,Avg Stable Cell Entropy,Last Cell Entropy,Stable diag LR,Stable diag RL,Initial,Kind
0,0.6649182882731469,0.6544417006995584,0.6577047787442195,0.0,0.6256831196387799,00000000000011000100000000000010000111000000010000000000000000100000000000000000000001000000000000010010000000000000000000000000010000000101000000000001000110001000010000000000000001000000000000000000,ensemble
1,0.6865169750946126,0.6613458931487554,0.6800770457282799,0.0,0.6067291507201059,00000000000000000000000000000000000000000000000000001001100000100001000000000001000000000101010000000000000001010000000000000001000001000010000000000100010000000000100000001000100000000000000000000000,ensemble
2,0.6181590502450599,0.5968921656520931,0.6098403047164004,0.0,0.5950531164798891,00000110000001000010000000100000000000000000000000000100101000000010000000010000100000000000010000000000000000100000010000000000000000000000000000000000000000000000000001000000000000000010000000000000,ensemble
3,0.707706859174857,0.67519526102217,0.7014714598838974,0.0,0.619604594914243,00000000100010000000000000010000101100000010011100011000000000001100000000000000000000000000000000000000000000000000000000000000000000000010001000000000010001000000100000000000010000010000001000010010,ensemble
4,0.7076480874839544,0.6914605925295367,0.7014714598838974,0.0,0.6770397539365656,00000000000000000000000110010000001010001000000000010000010000100000000010000100000000000000000000001000000100000100100000000010000000000000000000100010000000000000000000000000000000000000001000010000,ensemble
5,0.6781382959193667,0.6706615298267566,0.6712478853829508,0.22867564958842473,0.6600507487655672,,ergodic
6,0.0016935245685890665,0.022059424252581783,0.0016906952205361092,1.0,0.053372868212839264,,complexity
