,Avg Cell Entropy,Avg Stable Cell Entropy,Last Cell Entropy,Stable diag LR,Stable diag RL,Initial,Kind
0,0.9237770188411842,0.9111544571224534,0.9679505356936394,0.21686044120169687,0.8853648131928152,00000100010110010000000000010010000010000001000000000000000000010010000000010010000010000101000000000100000001001000000000000001000000000001100001000000000000000000000000000010000000000000000001000000,ensemble
1,0.9227486819424209,0.9078623438301758,0.9738003694382253,0.2206124150877983,0.8810081668753763,00000000000010000100000000000000110000000000000000000000000100000000000001000000000001000001000100000100000001100000000010001010000000001100010000010000000000000000000101000100000001000000100000000010,ensemble
2,0.9530564252959276,0.9355141838610379,0.9858150371789198,0.2407579842463738,0.9035431154135158,00000000100000000000000000000000100000001000000010000000000000101000000000000000000000000100001000000010000000000100000000000000000100000000100000000001000001000000000001000000000000000000000000000000,ensemble
3,0.941274126576268,0.9174176945656203,0.9953784388202258,0.2340868626286955,0.8693632967887648,00000000100010000000000000000001000000000000000000000000000000000000100000000000000000000000000000000000000000000000000000000000000010000100000000100110000000001000001001000010000000000100000100000000,ensemble
4,0.950310634260395,0.9241960689027227,0.9709505944546686,0.2237538061180717,0.8935518822781279,10000001000100000000000000100000000000000000000000000000000000110010000001000000000000000000001000100000000000000000000000000000000000000000000000000000000100000000000000000000000000000000000000000000,ensemble
5,0.9433191555270238,0.9273988871828265,0.9805107178796568,0.46377768333110136,0.9038789836449713,,ergodic
6,0.005391365280760563,0.008809518362958513,0.0017661436340704606,0.5100792685310953,0.019153812676821036,,complexity
