,Avg Cell Entropy,Avg Stable Cell Entropy,Last Cell Entropy,Stable diag LR,Stable diag RL,Initial,Kind
0,0.13837472142655893,0.1111168392188659,0.08079313589591118,0.010033444816053512,0.08663624584175725,00000100000001000000000001000000000000000000000000000100001100000000000000000000000010000001000100010000000000100000000000100000000000000000000010000000000000101001000100000000000000000000000000000000,ensemble
1,0.13732095467680233,0.10243630212388241,0.08079313589591118,0.010033444816053512,0.09732977368368008,00001000000010000000000000000010000100001000000000000000100010000000000000110000000000000000000000000000000000000000110000010000000000001000000000000000000001000010000000000100000000000000100001000000,ensemble
2,0.21517458804952624,0.1717864610960467,0.14144054254182067,0.02340263946642806,0.17957061061288612,00100000000010000010000000000000000000100000000000000000100000010000000000001010100000000101000001000000001100000000000100000000010000000000000100000000100000000000000010000000000000001000000000000010,ensemble
3,0.2497358465161465,0.2281824939590515,0.16866093149667025,0.02674218103760974,0.21240331359887057,00000000000011000000000000000000000000000100000010000000100000001000001000000001100001100000100001001000000000000000001000100000010100000001000000000000000000000100000001100000000000000100000000000000,ensemble
4,0.09391813663381392,0.05565914825568297,0.0454146923337941,0.006688963210702341,0.04674737931877754,00000000000010000000000000000000000000000000001100001000100000100100000000000001000000001000000000000000000000000000000000000000000010000000000000000000010000010000000100000000000000000000000000100000,ensemble
5,0.170671747134301,0.14422236780620065,0.10627369308465985,0.04520059095158435,0.12230522802160942,,ergodic
6,0.022071009039166034,0.0720146190461326,0.026847711498700355,0.6597359825263449,-0.01825135871698369,,complexity
