,Avg Cell Entropy,Avg Stable Cell Entropy,Last Cell Entropy,Stable diag LR,Stable diag RL,Initial,Kind
0,0.6348664321203237,0.16837945907752935,0.14144054254182067,0.1828757755416148,0.253487122531341,10000001000010000000000000000110010000000000011000000110000000000000010001000011000000000000100100000000000000000000000000000000000000010000000100000010001000000000000100000000000000001000000000000000,ensemble
1,0.6769413205668081,0.1340786006464361,0.08079313589591118,0.14015361640090881,0.18042112322807827,00001001000000000010001010000001001000000010000000001000000000010001000000000000000000000000000000000000000000010000000000001100001001000000001000100000100000000000001000000000000011000000000000000010,ensemble
2,0.7625207569725273,0.3732593546055803,0.0454146923337941,0.24946140926336552,0.5098276322726938,00001001000000000000000000000000100000111000000000000000000000100000000000000000000000000000000000100000000000000010010010001000000000001010100000000000000000010000000100000010000001000000000100000000,ensemble
3,0.4848004219157762,0.4842863280597758,0.48464773973144537,0.0,0.4453996757965698,00000010000000000000100000100000000000000000100010001000000000100010000001010000000000000100000000001000000000000010100000100000001000001000000000100000010000000100000000000100000000000000010010000000,ensemble
4,0.7376917464790383,0.36177795741221097,0.08079313589591118,0.23345841336056108,0.45607501170392617,10000000000000000000000000000000000000000001000000000000001000100010100000010000011001100001010000000000000000000000000100000000100000000000100000000000000000000000000000000000000000000000000000100010,ensemble
5,0.973275704840577,0.8401470216901546,0.6972688157923281,0.46119749146621347,0.56051097417432,,ergodic
6,0.32253098240143696,0.6377344296858641,0.7610421612065879,0.6504971386534557,0.34159698897929347,,complexity
