,Avg Cell Entropy,Avg Stable Cell Entropy,Last Cell Entropy,Stable diag LR,Stable diag RL,Initial,Kind
0,0.045670630010310964,0.0,0.38431154412649704,0.3662252620017952,0.3662252620017952,00000100000001000000001100000000000100000000000000001010001000000001100100000000000000001000000000000000000000000001000010000000100000000000000000000000000011000000000000010000000000000000100000000000,ensemble
1,0.04651698240577739,0.0,0.38431154412649704,0.39213684660973414,0.3921368466097342,00001000000000001000000000100000000010000000000000000000000010010000000000000000000000000000101000000000000000000000010000000000000000000000000000010001101000010000000000000000011011000010000100000000,ensemble
2,0.04922495916909101,0.0,0.4021791902022729,0.394994018622522,0.394994018622522,00000000001000000000010001000000001000000000000000000000000000000000100000000100100100000000000010000000010000000000000000000000010000000000000000001000010110010000000001000010000000000000000000000001,ensemble
3,0.04727724824949059,0.0,0.5148156530047155,0.5092574723437855,0.5092574723437855,00000100111000000001100001000001000000101000010001010001000011100000000100000000000000010000000000000000010100000001000000100000011100000000100000000000100001000010000000000001000010000001001000000010,ensemble
4,0.0480563153936018,0.0,0.32744491915447627,0.3245706635598816,0.3245706635598816,00000100000000000001000100000000000000101010000100000000000001000001000000000000000000001001000000000000001000000000000000000000000000100000000000000000000000000001000000000000000000000000000001011000,ensemble
5,0.3066395304927292,0.2734646546165795,0.4056929882938097,0.38911172479136685,0.3880420925568933,,ergodic
6,0.845586682938203,1.0,0.007592978581840715,-0.02139521198093064,-0.024210672632822616,,complexity
