,Avg Cell Entropy,Avg Stable Cell Entropy,Last Cell Entropy,Stable diag LR,Stable diag RL,Initial,Kind
0,0.251094349237604,0.0,0.14144054254182067,0.1509256075835382,0.1509256075835382,00001010000100000000000000100000000000000000000000000001100101000000000000000000000001000000000000001000000000100000001000000010000010000000010000000000000001110100000000000000010000000000000100110000,ensemble
1,0.19709366932365566,0.0,0.19439185783157623,0.18156440212198025,0.18156440212198027,00001010000000000100001011100110000000011001000000000000000001000100010000000000100000000000000000000000000001000000000010000000000100000000000000010100100000100000000000001000000011000000001100000100,ensemble
2,0.1976952642010543,0.0,0.218877726539011,0.20359976775065922,0.20359976775065922,00000000100000000000000100000100100001010010000000001000010000000001000000010000000001000000000000000000100100001000000100000000000000000110100100011000000010000000000000000000000110000100000000100000,ensemble
3,0.5105063770378364,0.0,0.08079313589591118,0.06486569394209754,0.06486569394209754,00000000000000000000000000010001010000010000010001000000000000000000000010000000000000000000000000000000010000000000000000000000000101000000010000000000000000000000000000010000000000000000001000000000,ensemble
4,0.4365670927793569,0.0,0.11236071009937676,0.12878927014665392,0.12878927014665392,00010000100000000000000000001000000100010000000100000000010000000000000000000000010000000100000000000000001000100000001010000000000000000000000000000000101000000000000000100000000000100000000000000000,ensemble
5,0.40100407834658197,0.07941209043760986,0.15252732850878192,0.13078445978559594,0.16975257680249484,,ergodic
6,0.20551593432786097,1.0,0.01937052170341147,-0.11595023252953829,0.14022543246105923,,complexity
