,Avg Cell Entropy,Avg Stable Cell Entropy,Last Cell Entropy,Stable diag LR,Stable diag RL,Initial,Kind
0,0.04594536898722585,0.0,0.41955649623854696,0.37290916006928126,0.37290916006928126,00000000000000000000000000000001000000000010100000001000000010100000000000000000000000010010000000000010000001000000000000001000010001001000001001000001010000100000001001000000000000000000000000100010,ensemble
1,0.04561793303784011,0.0,0.32744491915447627,0.3230247239235518,0.3230247239235518,00000000000000100100000001000000000000000000000001000000000100000000010101010000000000000000100000000000000000000010000000000000000000101000000001001110100100000001000000000000000100000000000001000000,ensemble
2,0.043724815614394535,0.0,0.36592365090022316,0.29322440470461814,0.29322440470461814,00111000000000100000001000011000100000010010000011001000000010000000000000100001010000000000000000010010000000000010000000010100100000000000010010001100000000000000000000000000000000000000000000000000,ensemble
3,0.04377499685825292,0.0,0.32744491915447627,0.27161807299670293,0.27161807299670293,00000000110000000000000000000100000000000001000100000000000000000000000010110010000001000000000000010000000000000000100000000000001000000000000100000000100000000100000000000011000000000100000011000000,ensemble
4,0.04594536898722585,0.0,0.19439185783157623,0.1592227243766634,0.1592227243766634,00000000000000000000000000000000000000000000000000000000000100000000000000000000000010100001001000000000000000000000000000000000000000000000000000000000101000000000000010001000010000000000101000000000,ensemble
5,0.2379010739586758,0.20363637310444355,0.3314018216238568,0.31536141683719326,0.2896005309577766,,ergodic
6,0.8108386147731104,1.0,0.013426157243780046,0.09944653324290575,0.019339445701602398,,complexity
