,Avg Cell Entropy,Avg Stable Cell Entropy,Last Cell Entropy,Stable diag LR,Stable diag RL,Initial,Kind
0,0.9196608587899621,0.9255763486284456,0.9199534913630799,0.883622196777876,0.8909604329881421,00000000001000000000010000000000100000001001100000000000100000000000000000000000100010000000010000000000000000001000000001000000000000000000000000000000000100000000000001000000000000000001000000000000,ensemble
1,0.9032630425849763,0.9156690450063091,0.9149263727797274,0.8714623673449655,0.8813266366203749,00000000001000000000000000000010000100000000001000001001000000000000000000100000101000000000000000000100000000000000100000001000000000000000000000010000000000000000000000100000000000010000000000000000,ensemble
2,0.9264582652587494,0.9306582082731031,0.9384543826025638,0.9012045501653154,0.8922922538315542,00000000000001000000100000000100000000000000001000000001000000000000000000010000000100000000000010000000000010000000000001101001010001000000100000000000000000000000100000000000000000000000010000000000,ensemble
3,0.9249254155678319,0.9278768637441707,0.9974015885677396,0.9001343025728636,0.9046139347098238,00000001000000100010010001000000000100010100000000000001010000000000000000000100100000000010000010000000000000001000000000000000000010000100000010000000001100000000010010000000001000000000000000000000,ensemble
4,0.9297518433795489,0.9359060229813556,0.8485481782946158,0.9088676365762648,0.9009749738348811,00000000000000000000000000100000010110001010000000010000010100000010000010000001100000000000000000000101000000100000000000000000000000000000000001000010010101000000001000000100010100000000000010000010,ensemble
5,0.9231144045994565,0.931024269221397,0.9367188103082079,0.9108638685525158,0.9139746647116254,,ergodic
6,0.0024942948260480158,0.00417494110864669,0.013730916306069152,0.019548099864093116,0.02181791146362011,,complexity
