,Avg Cell Entropy,Avg Stable Cell Entropy,Last Cell Entropy,Stable diag LR,Stable diag RL,Initial,Kind
0,0.23165486111409467,0.0,0.36592365090022316,0.34073679171714705,0.3407367917171471,00000001100010000000000000000000000000010000000000100000000100010000000000000000000000010000000000000000001000100000010000000010000000000000000000000000000000000010000000000100000000001000000000000000,ensemble
1,0.21857753496967167,0.0,0.38431154412649704,0.39861571979248034,0.3986157197924803,00000010000000001001100000001000000000000001000000000000000000001110100000000000000000100000100000000000000001000000000000000000000000000000000000100000000000000000000000001000000000010010000000010000,ensemble
2,0.2649320340824277,0.0,0.3072683598607598,0.2716900373954423,0.2716900373954423,00000000100000000000100000000000000000000000010000000000000000000010000010000000000000000000001010000000000000000000000001000000000000000001000000100000000000000000000000000010000000000000000000000000,ensemble
3,0.14811253437028205,0.0,0.4689955935892812,0.44360853176399084,0.44360853176399084,00000000000000001100000000000000000010000000100000000000010100000100000010000000010000010000000000000000000100000000000000001000000000000100000100010000010000010000000000000001000000001100000100000001,ensemble
4,0.17676492373949465,0.0,0.4364698170641029,0.42678234796631803,0.426782347966318,00010000000000000010100000001000000000000000011000000000100000000000001010000001001000000000000001000000000000000000000000100000001110000000000010000000000000000000000000100000001100010001000000000000,ensemble
5,0.43439230452313593,0.2542970367656317,0.39509256051498204,0.3881757135088737,0.3897801848375266,,ergodic
6,0.5211508687209823,1.0,0.006324511409559808,0.03062795370253435,0.03461822749167054,,complexity
