,Avg Cell Entropy,Avg Stable Cell Entropy,Last Cell Entropy,Stable diag LR,Stable diag RL,Initial,Kind
0,0.03519638655869042,0.0,0.499915958164528,0.4542131269259065,0.45421312692590654,01000011000000000000000000001000100000000000100001000010000000000010100101000000000100010000000000001010000000000000001000010010000000001000000010000000000000010000000000000000000000000000100000000000,ensemble
1,0.03951078233040086,0.0,0.32744491915447627,0.343774036036516,0.343774036036516,00100100000000000000000000000001000000110000000010000000110010000000000000000100000000000000100000000000000000000000000000000000000000000100000000000000000000000000100000000000000000000000000000010000,ensemble
2,0.03633175386703527,0.0,0.4529425481872832,0.4327354264751288,0.4327354264751288,00000000110000000000001000000000010000100000000001010000000010000000010100010000000000000000000010000000010000010000000000011000000100000000000000000000000001000000000000000000000100000100000000000100,ensemble
3,0.03792126809871807,0.0,0.4021791902022729,0.35582619320671804,0.3558261932067181,00000001000000000000001100000000000100000100000000000010000000000000000001010001000000000000000000000000000000100010100000000000000000000001000000000001000000000000010001001000000000000000000000000000,ensemble
4,0.036558827328704246,0.0,0.4364698170641029,0.34653128500476316,0.34653128500476316,00000000000000000000000000000000010000000000001000111000000000000000010000000010000000100000001010100001000010000000100000000001000000000010000000000000000000000011000101000000000000000010000000000000,ensemble
5,0.3091872306689347,0.2809353296035987,0.426376131887653,0.3809706062918665,0.4301405934512408,,ergodic
6,0.8799956791345014,1.0,0.006064235635501403,-0.01481848506080019,0.10118686909369334,,complexity
