,Avg Cell Entropy,Avg Stable Cell Entropy,Last Cell Entropy,Stable diag LR,Stable diag RL,Initial,Kind
0,0.13582077251666122,0.0,0.218877726539011,0.2220977908283328,0.2220977908283328,00000000000000001000100000000100010000000000000000000010000001000000000100000010000000000000010000000000000001000000010000000010010010000000000001000000000000001000000000000000100000000000000000000000,ensemble
1,0.1441439740930139,0.0,0.28639695711595625,0.24454947894531923,0.24454947894531928,00000000000000000100000000000010100000001010000000010000000000000101000000000000000000000000000100000000000000100000000000101000000000000000000000010000000010000000000000000000000000100000100000000000,ensemble
2,0.1202106028004346,0.0,0.32744491915447627,0.28728719263532765,0.2872871926353277,10100100000000000000000010000000010010010010000000001000000000000000001000000000000000100001000000000001010101000000010000000000000001010000100000000000000100100001000000000000000000000000000000000001,ensemble
3,0.1606375010175963,0.0,0.16866093149667025,0.15946023906994536,0.1594602390699454,00010000000010000000000000000000000000010000000000000000000000010000000000000000000000000010000000000000000000000010001000010000100000000001000000000000000000000000000000010000000000000010010000000000,ensemble
4,0.09866838888480373,0.0,0.4364698170641029,0.4220496193942947,0.42204961939429475,00000000000000000010000010110100000101000000000010001011010000000000000000101000100100000000001001000000000000000001000000000000000000100000001000001000100001101000000000000001000000000000000001010100,ensemble
5,0.2875927734282311,0.16517544038347517,0.2948328193632007,0.2948863196011907,0.30110106009269044,,ergodic
6,0.5413784348951427,1.0,0.02463344855855598,0.09426498816269446,0.11295940275858296,,complexity
