,Avg Cell Entropy,Avg Stable Cell Entropy,Last Cell Entropy,Stable diag LR,Stable diag RL,Initial,Kind
0,0.04110029656208365,0.0,0.08079313589591118,0.050890821616564934,0.050890821616564934,00100000001000001000000000001000000000100000000010000000000010000000000001000010100000001000000000000001000000000000010100000000000000000000100000100000000000000001000000000000000000000000000000000000,ensemble
1,0.04110029656208365,0.0,0.0,0.0,0.0,00000010000000000010001000011000000000000000000000000001000000000001000000000000000000000100000100000001000010000001000001001000000001000000000000000000000000000000000001000000000100000000001000000100,ensemble
2,0.04200859040875954,0.0,0.0,0.0,0.0,00010000000000100001100010000000000000000000010001000000000000000000000000000000000000000000010000100000000000000000000000000000000000010000000001000000000000001100000100000000000000010000000000000000,ensemble
3,0.04200859040875954,0.0,0.0,0.0,0.0,00010000000000000100000000000000000000000000011000000000000000100000000010001000000000000001000000000000000000010000001000000000000100000000001000000000000000000000000000000010000000000000000001100000,ensemble
4,0.04041907617707675,0.0,0.0,0.0,0.0,00000000010000000000000000001110000001000100000001000000000000001001000110000000000000000000100000000000000000000010000000000000001001000000000000001000000000000100000000010000000100000001001000100000,ensemble
5,0.04883335408985813,0.0072192809488736236,0.020814071335501033,0.016051103071134623,0.01623880226317921,,ergodic
6,0.1537060930177715,1.0,0.2236681176535773,0.3658900401918912,0.37321951715666,,complexity
