,Avg Cell Entropy,Avg Stable Cell Entropy,Last Cell Entropy,Stable diag LR,Stable diag RL,Initial,Kind
0,0.010503107666468453,0.0,0.0,0.0,0.0,0010100010000000000000000100000000100010000000000000000001000000000000000000010010000000101000000000,ensemble
1,0.010908124440427531,0.0,0.0,0.0,0.0,0000100000000000010001000000000000000000000000001010000010110000000000000100000000000000000010000000,ensemble
2,0.008685787656050213,0.0,0.0,0.0,0.0,0001000000010000000000010000000000000010000100110001000000000000000000000000000100100000000000000000,ensemble
3,0.016362186660641296,0.0,0.0,0.0,0.0,0000000000100000010010001000000010000000010000000010000000011000000110100010000000000100000000101000,ensemble
4,0.007069924938131989,0.0,0.0,0.0,0.0,0000000000100000000100000000100000000001100010000100000000000000000000000000000000000000001000000000,ensemble
5,0.010100193081468417,0.0,0.0,0.0,0.0,0000000101000000000010000010000000000000000000000000100000000000000000000000110100001000000000000000,ensemble
6,0.0078778562970911,0.0,0.0,0.0,0.0,0000001000000001000000010000110000001000000000000100000000000000000000000010000000000010000000000000,ensemble
7,0.012725444450845771,0.0,0.0,0.0,0.0,1100000000000000000010000000010000000001010000000000000000100010100010000000101000000000000000000000,ensemble
8,0.011437637593325086,0.0,0.0,0.0,0.0,0000100000001001000000000010000000000000000000010000001000000000000001000000001000000001110000000001,ensemble
9,0.008205912157488641,0.0,0.0,0.0,0.0,1100000100000000000000000000000000000001000000000010010010000000000000000000000000000000000000000001,ensemble
10,0.013769251330526614,0.0,0.0,0.0,0.0,,ergodic
11,0.0033816338363327654,0.0,0.0,0.0,0.0,,complexity
