,Avg Cell Entropy,Avg Stable Cell Entropy,Last Cell Entropy,Stable diag LR,Stable diag RL,Initial,Kind
0,0.005399581836196907,0.0,0.0,0.0,0.0,00001100000100001000000000000000000100000000000001000000001000000000000000010000000000010100000010000101000000000001000000000000000000000100000000000000010000000000000010000000100000001001000000000010,ensemble
1,0.0069389148240213165,0.0,0.0,0.0,0.0,00010000000000010000010000000000110010000000000010000101000000001000011000001000001001000010000000100000001000000001000000000000000010000010000000000100001000100000000000000000000100100000000000100010,ensemble
2,0.005122327130669551,0.0,0.0,0.0,0.0,00000100000001000000010010000100010011001000000000000010001001000000000000000000000000000100000000000001000000000010000000000010001100000010000000000000000000010000000000000000000001000000000000000000,ensemble
3,0.005526292810149107,0.0,0.0,0.0,0.0,00001000000000000000000000000000000000000000000000000000100101001000000000000000000001100000010000000000100000000000000100000010010000000000000011000001010000000000000110000000001000000000000001000000,ensemble
4,0.0072425180157841005,0.0,0.0,0.0,0.0,01000100000000000000000001000000000000000000000000010000000000000000000000000000010000000000100000100100010000000001001000000000001010000001100000000011010001100000010000000100000100001000000001100000,ensemble
5,0.007252886429372336,0.0,0.0,0.0,0.0,,ergodic
6,0.16641092036409988,0.0,0.0,0.0,0.0,,complexity
