,Avg Cell Entropy,Avg Stable Cell Entropy,Last Cell Entropy,Stable diag LR,Stable diag RL,Initial,Kind
0,0.995828274229104,0.9916292128660988,0.9993506898146105,0.8592587150755995,0.970227362505047,00000100000000000000100010000000000010010000010000000110000100000000000110001000001001100010000000100000000000000001010000000000000000000000000010001011100000010000000011001000010001000010000100010001,ensemble
1,0.9852250327675778,0.9914592957120638,0.9877746553159469,0.8121296551625009,0.949224747074913,00000000010000000000000000001000101000000000000101000010000000100000000100000000010000101000000000000000000000000000000000000000010000000000010000001000000001000100100000100100000000000010000000000000,ensemble
2,0.9859256966916159,0.9891257308562983,0.9912540071703689,0.7903736723071804,0.9679889109579618,01000000000000000100111000000010000000000000000000000000000000010000000000000100000000000010000000000100000000010000000000000000000000000000000000000001000000000000010000100100000100000000010000010110,ensemble
3,0.9930213792432636,0.9947683052322418,0.9997114417528099,0.8199226390478163,0.9666014909367446,00000000000000000011000001000100000100100000100000011000000000100000000001000101100000100100000000000000000000000000000000001000010000000010000000100001000010000100000000011000000000000000000000000100,ensemble
4,0.9912141987406576,0.9930513621431905,0.9993506898146105,0.8204474872713728,0.9687472018758176,00000001000000100000000000100000000000000000000000000100000010000000000000000010000001000000000000000100000000000000011000010000000100000000000000000000000000000100001010000000100010000000000000001000,ensemble
5,0.9944538391652293,0.9980394674814563,1.0,0.9080250639742112,0.9866680236017307,,ergodic
6,0.004234407536020224,0.0060445366301005166,0.0045117032263306545,0.09647159938286143,0.02240883499084456,,complexity
