,Avg Cell Entropy,Avg Stable Cell Entropy,Last Cell Entropy,Stable diag LR,Stable diag RL,Initial,Kind
0,0.45294044975867737,0.45091353495037395,0.4529425481872832,0.4172617812544181,0.0,00000000010000001100101000000000000000000000000000001000000000000000000000000000010010000100000000000010100000000000000000000000101010000000010000000000001010000000000000100000000000000000000000100000,ensemble
1,0.4364632082185673,0.4338628642703766,0.4364698170641029,0.4286418148620136,0.0,00000001000100000000010000001000000000001010000000000000000000000010000000000000000000000100000110100000000010000000000000100000000000000000000000000000000000000000000000000000100000000110000110000000,ensemble
2,0.5148103357663526,0.5106273407543492,0.5148156530047155,0.48872494962314156,0.0,10010000000000001010000000000001010000000000101000010000000000000001000000000100000000000000000000000000010000000010000000000000000000000010000000111000001000010100000000000000000100000000000000001001,ensemble
3,0.4999141155465634,0.4972382651342697,0.499915958164528,0.4868108718223349,0.0,00010000000000001001000001000000001010000001000010000000000010000000000000000001000000001001000100000000010000000000000100000000000000000000000000110000000000000000000001000000010000001000001000100000,ensemble
4,0.46899358909298205,0.46793322073285254,0.4689955935892812,0.4268019347534199,0.0,00000000000000000100000000000000000000100000000010000001101000000001000000000000000010001000000000000000000000000000000000000010000000000000000100001010000010000010000001001000000010000000000100000010,ensemble
5,0.47530286367240115,0.4743822861325468,0.47530357178344457,0.4653001597798714,0.1293321342804152,,ergodic
6,0.0014275613458964997,0.0047793541841250065,0.001421528937658012,0.03363826336146214,1.0,,complexity
