,Avg Cell Entropy,Avg Stable Cell Entropy,Last Cell Entropy,Stable diag LR,Stable diag RL,Initial,Kind
0,0.6190506198630681,0.5948311541676277,0.6098403047164004,0.0,0.5435805997565926,00010000000000000000000001000000000000110000000000000010000000000000000000000001100000010000000100001011100001010001000000110000000001000000000000000001000000000010000000000000000000000000000000000000,ensemble
1,0.6431164350443788,0.6281216166517748,0.6343095546405662,0.0,0.5635712919700335,00000000000000000000000000100000000010000100000010000100000000100000000000001001000000000000010000000000000000000000000000000000000000000000000000100000000001000000000011001100001000000000000110001000,ensemble
2,0.7384827553004059,0.7236240439852368,0.731816079376955,0.0,0.6895414988845942,10010000000001000000000000000000001000001010000000000000000000000000000000000000000010001000100000000000010000000001000000000100000000000010001000000000000000010001000000001000100010000000000010010000,ensemble
3,0.7919640916231876,0.7787831867253613,0.7866261099706012,0.0,0.7538105383672732,01100010010000000001000010001010000100001010000100000000001000000010000000000000000000000000000000000001000000010000101000100001000000001000000000000000000000000010000000010000001000010000000000001000,ensemble
4,0.5410060910035425,0.5270482183943136,0.5293608652873644,0.0,0.4687846761426949,00000000001000000000000000000000010000000010000000001000000001000000000000000000001001000000000000000000000000000001000000000000000000000000000000100010000000000000000000000000010000000000000010000000,ensemble
5,0.6748696885935556,0.6660956355367733,0.6667737919919465,0.2466012755610707,0.626996279595948,,ergodic
6,0.012070019093041284,0.02344106569521065,0.012572793493464629,1.0,0.03690382116241808,,complexity
