,Avg Cell Entropy,Avg Stable Cell Entropy,Last Cell Entropy,Stable diag LR,Stable diag RL,Initial,Kind
0,0.0016660439617766087,0.0,0.4021791902022729,0.37029743339479626,0.37029743339479626,00000000000000000000000000010100001000000000000000000001000010010000000000001001000000001100000000010000000000100000000000010000000000000000000000000000000000000000000000100010011100000001000000001000,ensemble
1,0.0010851860644864675,0.0,0.32744491915447627,0.260676683392645,0.260676683392645,00000000000000000001001000001001000000000000000000010000000100000000010000000000001100000000011100000000000000001000000000011000000000000000000000000100000000000000000000000000000000000000000000000000,ensemble
2,0.0008079313589591118,0.0,0.4021791902022729,0.39378396128285204,0.39378396128285204,00100000000000001000100000000000001000000001010010000000000000000100000001000000000000000001000000000100000000100010000000000100000000000000000000000000000000000000000000001000001000000000010000000000,ensemble
3,0.0012620782822970527,0.0,0.4021791902022729,0.3296472169377329,0.3296472169377329,00000000000000000000010000000000100000000000000000000001001000110000000000000000000010000000000000010010000000000000000100001001100000000000000100001000100000101000000000000000000000010000000000000000,ensemble
4,0.00022707346166897052,0.0,0.41955649623854696,0.3949015375429605,0.39490153754296053,00000000000001000000100000000000000001000000000100010001000000000100000001000000100000000000000000001000001000000100000000000000000000001000000000001000000000000000000000000010000000000000001001100000,ensemble
5,0.2470318315963963,0.2459583403379943,0.39151926988152996,0.3918763779218448,0.3710026085381509,,ergodic
6,0.9959128237874735,1.0,0.002072625140027262,0.10721496313316159,0.0569840791989461,,complexity
