,Avg Cell Entropy,Avg Stable Cell Entropy,Last Cell Entropy,Stable diag LR,Stable diag RL,Initial,Kind
0,0.45025873498475943,0.43020613524701196,0.4364698170641029,0.026726879517105347,0.4082435672396916,00000010000000000000100100000000000000000000000000000000101000000100000000000000001010000000011000000000000000000000000000000010000000000000000000000000000000000000001010100000000000001000000000000000,ensemble
1,0.58126164788708,0.5660341795143963,0.5709929600768897,0.03678651078338072,0.551108512647973,00000011000010000000000000000000000000000000001000000000000000000000001100110000010100000000010000000000000000000000000000001010001000000000000000100000000100000000000001101000010100100001000000000000,ensemble
2,0.3450480261269327,0.3257323466400475,0.32744491915447627,0.01332824325086348,0.3434445666749337,00000010000000000000000000001000000000000000000000000000000010000000000000000000000000000000000001100000000100000000000000000000000000000000000000000001000000000000000000000001000000010000000001000000,ensemble
3,0.594198607337765,0.5782462807000199,0.584238811642856,0.026748799118150004,0.5505503808916874,01010001000000000000000110001010011000000000000010100000000000000000000000000000000000000010000000001010000000001000000000000100000000000011000010010100001000000000000000001000010000000100000100010000,ensemble
4,0.5119697165503585,0.48547021934221957,0.499915958164528,0.026725715549630696,0.4861067221307021,00000100000010000000000000000000000000000000000000000000000000000000000000000010000001000000001110000000000000000000000010000000100000000000010000010010000000000000101000000011000000000000000000000001,ensemble
5,0.5033488530219111,0.4894326910684834,0.49080020306391225,0.15286013509034815,0.47641608355861986,,ergodic
6,0.013512510068709571,0.025120632528455422,0.014237381728286813,0.8294962278528581,0.017894722566756616,,complexity
