,Avg Cell Entropy,Avg Stable Cell Entropy,Last Cell Entropy,Stable diag LR,Stable diag RL,Initial,Kind
0,0.9999960325225113,1.0,0.08079313589591118,0.9921799881514294,0.9921799881514292,00000000000001000010000001100000000000000000000000000000000000000000010100001000000010000001000000000000000000000000000010000000000000000000000000000000000000000000000000000000000000000000001000000010,ensemble
1,0.9999913436854794,1.0,0.2647650339356807,0.9920950009414174,0.9920950009414176,10000100000000110000100100010000001000000010000000000100010000000000010001100000000001000010010110000000000000000100000000000100000100010010000000010000000000001000000010010000001100000000000001000000,ensemble
2,0.9999942291236529,1.0,0.0,0.9921952426870889,0.9921952426870889,00000010000000000000000101000000000000000001000000100000000000000000000010000000000010000001000001000000010000000000000000000000000000000000000000000000001001000000100000000000000000010000000100000000,ensemble
3,0.9999924257247944,1.0,0.0,0.9921952426870889,0.9921952426870889,00000000000000010000101000000000000001001001000000000010000000000000000000000000000000001001000000000000000000000001000100000000000100100000010010001010000000001000000000000000000000000000000000000001,ensemble
4,0.9999953111629679,1.0,0.14144054254182067,0.9921933125315895,0.9921933125315895,00000000010011000000000000000100001000000000010000010000110000000000000000000000010000000000000000000000000000100000000001000000000010001000000000000000000010000000000001000000001000000000000000000000,ensemble
5,0.9999984563136612,1.0,0.11236071009937676,0.9966442677057782,0.9966389780063816,,ergodic
6,4.587876862305329e-06,0.0,0.13315123775439053,0.004487569387571888,0.004482285667368524,,complexity
