,Avg Cell Entropy,Avg Stable Cell Entropy,Last Cell Entropy,Stable diag LR,Stable diag RL,Initial,Kind
0,0.8093237774042396,0.7689734981507621,0.7691928290130138,0.0,0.7084646146638784,00000100000000000000010100010000010000000000000000000001000000000000000100001000001000010000100001000000100000001000000000000000000000000000001000001000000000010000000000000001100000110000000000000010,ensemble
1,0.8237862494871251,0.7776608555940154,0.7780113035465377,0.0,0.7463569472474901,00000100000000100001000000010000000000100000000000000000000000000000000000010000000010010000000000000000000000000100000000000010000000001000000011000000000000010000000000001000000000000000100011000000,ensemble
2,0.8341743949852366,0.7778116348278791,0.7780113035465377,0.0,0.6639686573617032,00000110000000000000000000000000000001000000000001000000100000000000010000000000000100000000000000110000000000000000000000000000100000000000101000100000000000000000000000001000000000000000000000000001,ensemble
3,0.8592682467389992,0.7861243025880396,0.7866261099706012,0.0,0.4946587020825,00000000000000000000001000000000000000010000000000000000000000000000000010001001000000000000100000001000000000100000100000100000000000010101010000000000000000100000000000000000000000000000000000000000,ensemble
4,0.8513010185930685,0.7856502694739638,0.7866261099706012,0.0,0.7233132855950632,00000000001000010100000101000000000100000000000000001000000000000000000001000100010000000000100000000000000000000000000000000000000000000000000000000001000000000000000000000000001000000000000001101001,ensemble
5,0.8417330732750072,0.7797145599439116,0.7797504591523332,0.2876341817701852,0.7522552790923317,,ergodic
6,0.007321009508747478,0.0006033590254020949,7.300789913844419e-05,1.0,0.11286439598622444,,complexity
