,Avg Cell Entropy,Avg Stable Cell Entropy,Last Cell Entropy,Stable diag LR,Stable diag RL,Initial,Kind
0,0.3993706865242403,0.3816444940417718,0.38431154412649704,0.0,0.36266620595555565,00000000000000000000000100000000000000000011000000100000000000000110000000000000000100000000001000000100001000000000000000000100000000001000000000100000100001000000000000000000100001010000000000000000,ensemble
1,0.4333859805725919,0.4175346148202067,0.41955649623854696,0.0,0.39585065657477886,00000010000000000000010000000000000000000000101011001000000010000000000000000100000000001000011000000000000000000000000000100010000100100100000010000000000000000000000000000000000001000010000000010000,ensemble
2,0.3994600247546191,0.3774609454588262,0.38431154412649704,0.0,0.39712657848234467,00100000000000000000000000000000000000000000011000000000000000000000000001000000000000000000000000100001000000100100000100000001000000000010001100000000000000010000000010000000001000000000000000000001,ensemble
3,0.3992839495296138,0.3815179073823223,0.38431154412649704,0.0,0.3583976052507319,00000000000000000000000000001000000000010000010100000100000000000000000000000000000000000100010000000010000000001000001000000000000000011000000000000001001000000000000110100000000001000000000000000000,ensemble
4,0.46550431868433945,0.45236197647516796,0.4529425481872832,0.0,0.4325749515126679,00000000100010101000010000000000011000001010000000001000000000000110000000000010000000000100010000000101000000000100000010000000000000000010100000000000000100010000000010000100000000000000000000000010,ensemble
5,0.4200219214450081,0.40426252206897273,0.4056929882938097,0.11248213183409649,0.4085442768815943,,ergodic
6,0.0014783262497133354,0.005339437408806935,0.001494363842212687,1.0,0.04704772141979896,,complexity
