,Avg Cell Entropy,Avg Stable Cell Entropy,Last Cell Entropy,Stable diag LR,Stable diag RL,Initial,Kind
0,0.004945434912858966,0.0,0.14144054254182067,0.08139824788191696,0.08139824788191696,00000000000000000000000000000000001000000000000000000000000010001000000000000000000000000001000101011000010000000000000010010000000000000000000000000000000010001000000001000000001010100010000000001000,ensemble
1,0.0034061019250345576,0.0,0.19439185783157623,0.1702568108971693,0.1702568108971693,00010000000000000000000000000000000110000000000110000000001000100000000000000000000000000000000000000000000000000000000000000000000001010001010001000000010000001000000100000000110001000000000001000000,ensemble
2,0.004541469233379411,0.0,0.16866093149667025,0.10358898332963018,0.1035889833296302,00000000000100000000000100000001000000000100000000000010010001011000000000010000110000000001000000000000000000000000000101000000000010001000000000000000000100000000001000000000100001000000000000010000,ensemble
3,0.003860248848372499,0.0,0.0,0.0,0.0,00000000000000000100000000000100000000000000000000100100000000010000000000000010000000100000000000001010000000000000000000010000100000000000000000000000000000000101000000000000000010000010000000000000,ensemble
4,0.0036331753867035283,0.0,0.0,0.0,0.0,00000000001000000000000000000001000000000000000010000000100000010000000000000001000000000100000000000010000000000000010000000010000010001000000000000000000000000100000010000001000000000000001000000000,ensemble
5,0.058599820649895856,0.054144607116552175,0.11236071009937676,0.0786110510374301,0.07667248904146717,,ergodic
6,0.9304215266181529,1.0,0.10201113641259296,0.0961982127943577,0.07334678565974828,,complexity
