,Avg Cell Entropy,Avg Stable Cell Entropy,Last Cell Entropy,Stable diag LR,Stable diag RL,Initial,Kind
0,0.060681161658613994,0.0,0.0,0.0,0.0,11000000100000000001000000001010000000100100000101000010000000000001100000000101000010000000000000000000000010000100000000000000000000000000010000000010001100000000000000000100000000000000010000010010,ensemble
1,0.06128237816690607,0.0,0.08079313589591118,0.04915322852284757,0.04915322852284757,00000000010000000000010010010000000000000000001000000000001000000001000000000100000000000000000000000000100100000100000010000001000101000000001000000100000001000000000000000000000100010000000000000000,ensemble
2,0.059881982706794526,0.0,0.14144054254182067,0.10312368735241229,0.10312368735241229,10000010001000000000000000100000000000001101000000000000001000000001000010000000001000000000001000000000000000000000000000000010001010000000000000000000000000000000000000100000000000000000000100001000,ensemble
3,0.055926642930047,0.0,0.0,0.0,0.0,00000100000010100000100000000000000001000000000000000000010001000001000000000000000000000000000000000000100000000000000000000000000001000000000000000000000000000000000000000000000000001000000000001100,ensemble
4,0.052139011142476176,0.0,0.14144054254182067,0.09784490657268555,0.09784490657268557,00000000010000000001010000000000000110100000010100000000010110000000000000000000000000000000001100000000000000000000000000000000101000000000000000000000000000000000000000001010000000000000100100000000,ensemble
5,0.09067358009363131,0.033731876767767836,0.08079313589591118,0.07364055067500248,0.05376276919901612,,ergodic
6,0.36053881118299325,1.0,0.0997398059951835,0.32069540448765266,0.0695351962914782,,complexity
