,Avg Cell Entropy,Avg Stable Cell Entropy,Last Cell Entropy,Stable diag LR,Stable diag RL,Initial,Kind
0,0.7398343888303265,0.3050405385482761,0.0,0.30432162062897616,0.19728748008764416,00000010000001000000000000000000000000000000000000000101000000000000000000000000000000010000010000000000000000000000000000000000001000001000011000000000110000010010000000000000100000010000010000010000,ensemble
1,0.7719459398562608,0.3788460749094055,0.0,0.49850838052885255,0.24891273641478356,00000000000001000000000000000000000000000000000100000000000000000000000101000000000000000000001000000001010000000000000000000000001000000000000000000000000000000110000000000000000000000000000000000000,ensemble
2,0.7800735176239784,0.32557234805736845,0.0,0.36937945550706774,0.20108920987790527,00100001000000001000000100001000010000000001000000000000000000000100010000000000000000000010010000000010000001011000001000000100010000010000000000100010000010010000000100000000000000000000000100000000,ensemble
3,0.5824132414681109,0.0,0.0,0.0,0.0,00000001000011000000100000000010000001000000001000000000000000001000000000100000000000010000000100000001011010000000000000001100000000000000000000001001000000000000010000100001000000000000000000000000,ensemble
4,0.4689955935892813,0.4668242133340324,0.4689955935892812,0.44596659197811006,0.0,00000000100100000000000000000000010101010000000001000000000000100000000000000000000010000000000000001000100001000000000000000000010000000000000000010000000000100000010000010000010000000000000000000101,ensemble
5,0.9526338436256999,0.8101977425992689,0.6800770457282799,0.5998355462304711,0.43994740796438464,,ergodic
6,0.2981012161727141,0.6355746017971158,0.8620757467010097,0.46046010150213246,0.7057423616266727,,complexity
