,Avg Cell Entropy,Avg Stable Cell Entropy,Last Cell Entropy,Stable diag LR,Stable diag RL,Initial,Kind
0,0.05534280498822709,0.0,0.0,0.0,0.0,00000000001001001000000000010001000010010001000000000100000100000000100000000000010000000000000000100000000010000000000000000100000000000100000000000000000100000000000100001000010000000000000001000000,ensemble
1,0.05269356793465109,0.0,0.0,0.0,0.0,00000001000000000000010000000000010000100100000000000001100000000000010000000000001000000000000010000100000000000011001000000010101000000001000000010000000000001000000100001000000000000000000000001000,ensemble
2,0.0498702742462031,0.0,0.0,0.0,0.0,00000000000000000000000000000000000000000000001001000000001000000000000000100000000100000001000000000000000100000000000010000000011000000010000100000000000000010000000000000111000100010000000000000000,ensemble
3,0.051215810239502904,0.0,0.0,0.0,0.0,00001000001001000000000000000000000001000000110000000000000000000000100000000000000000000000000000000010000001000100001001110001000000000100000000000000000000000100100000000000000000000000001000000001,ensemble
4,0.05310372927797309,0.0,0.0,0.0,0.0,00000000010100100000000001000001000001110001001000000000000000010000000010000000000100000000000000000000000000010000001000000010100000000000000000000000000000000000000000000000000000001001000100000000,ensemble
5,0.05304128680464149,0.0,0.0,0.0,0.0,,ergodic
6,0.011237462422911682,0.0,0.0,0.0,0.0,,complexity
