,Avg Cell Entropy,Avg Stable Cell Entropy,Last Cell Entropy,Stable diag LR,Stable diag RL,Initial,Kind
0,0.0006812203850069115,0.0,0.4689955935892812,0.46524264237509183,0.46524264237509183,10110000000010000010110000000000000010000001000100000000000000000000000000000000000000000100000000000001000000000000000000000000000000000000000000000000001010000000000001000000010000100000000000000000,ensemble
1,0.0006812203850069115,0.0,0.597185045253784,0.5189342649782056,0.5189342649782057,00000000000000000000001000001000000000010000101000000100000000010000010100000000000000001000000000000000000001000100000000001001000010010001000001010011100000000000000000000000000000111000000010000000,ensemble
2,0.00022707346166897052,0.0,0.48464773973144537,0.3834567869139638,0.3834567869139638,00000000000000001000000000000110100000000000000000000000110000000000000000000100000000100100000100100000100100000010000000000010000010010000000001000000001000000001000000000000000000000000000000000000,ensemble
3,0.00045414692333794104,0.0,0.4689955935892812,0.46219180147828426,0.46219180147828426,00000100000000000000010000000001000000101000000000000000000000000010000100000000000000000000110000001100000010000000000000000000000000001000001010000000000000000000000000010000000000000000000000100001,ensemble
4,0.0009082938466758821,0.0,0.6098403047164004,0.5588757342327643,0.5588757342327643,00001001100010000100011000000010000000000000100000000000000000000000000000010100000000000000000000000001010000001010000001000000001001010000010010001001000000010010000000000000000000000010000000000000,ensemble
5,0.3761805259626057,0.37628248847493795,0.5293608652873644,0.5136433846843164,0.5247379091672606,,ergodic
6,0.9984305646901084,1.0,0.006475752433012016,0.0698989605613638,0.08956407065420935,,complexity
