,Avg Cell Entropy,Avg Stable Cell Entropy,Last Cell Entropy,Stable diag LR,Stable diag RL,Initial,Kind
0,0.045572783251206686,0.0,0.08079313589591118,0.04814363226464085,0.04814363226464084,00000000000000000000000000000000000000000000000000000000000000010000011000010100000001000000000000000000000000000000010011000000000000000000000001000000100000000010000000001000100001000000000001000000,ensemble
1,0.046005613145534134,0.0,0.14144054254182067,0.08416804302023102,0.08416804302023104,00000000010000000000100000000000100000001000000010000000000000000100000000000000100010000000000000010001000000100000010000010010010000100010100000000000100000100000000000000000000100000000000000000110,ensemble
2,0.04501827384015197,0.0,0.14144054254182067,0.2032336051553737,0.2032336051553737,01000000110010000000100000100000000000000000000111000000000010000000000000000010000000000100000000000000000000000000000000000000000001000000000000001000000000010000000000010000000000100000000000000010,ensemble
3,0.044109979993476094,0.0,0.19439185783157623,0.13210858797581976,0.13210858797581973,00011000000000000011000000010000010101000000000100100000001001000000100000000010000000000000000000000010000000000100100000000000000000000000010000000000001000000000010000000000000000000000000000000000,ensemble
4,0.04613232411948633,0.0,0.14144054254182067,0.08154396033969036,0.08154396033969037,00100000000000100000000000100010001000100000000000010000100000000000000000100000010000110000000100100100000000000000000001000010000000100010000010100000000000000010000000000100000000000000001000000000,ensemble
5,0.11565063803109066,0.07219280948873624,0.14144054254182067,0.10806053601122881,0.10540776258474913,,ergodic
6,0.6077168648410336,1.0,0.010882440377911307,-0.01646326962266298,-0.04204437185391141,,complexity
