,Avg Cell Entropy,Avg Stable Cell Entropy,Last Cell Entropy,Stable diag LR,Stable diag RL,Initial,Kind
0,0.0799915111038292,0.0,0.14144054254182067,0.2083980148229376,0.2083980148229376,0100000000000000000000000001000001000000000010000100000000000000000000000001000000000000000000001010,ensemble
1,0.08080154465174737,0.0,0.0,0.0,0.0,0000000000000000000000000011000000000001011000000000000001000010001000000000000000100000000100011000,ensemble
2,0.07635687108299273,0.0,0.24229218908241482,0.220047714702595,0.22004771470259504,0010010010000000000000010000000000000000101011000000010000000001000001000000000000000100000000000000,ensemble
3,0.08201449278466555,0.0,0.0,0.0,0.0,0000010100000000000000000001000001000001010001000000000000001000000010000000000010100000100000000000,ensemble
4,0.07877856297091103,0.0,0.14144054254182067,0.1253843078844063,0.1253843078844063,0000000100100000000001000000000000000000000000000000000000000000000100000000000010100000011000000000,ensemble
5,0.07837564838591099,0.0,0.14144054254182067,0.1107023683665637,0.1107023683665637,0000000011100000000000000010000000000000000100000010000000000000000000000100000000001001010000000000,ensemble
6,0.08160737382174743,0.0,0.0,0.0,0.0,0000110000010000000000000000101000000000000000010000000000000000000000000010000100000000000000000000,ensemble
7,0.08241950955862462,0.0,0.0,0.0,0.0,0001000010000001000010000000000000000000000000000000101000000100000000000001000000110000110000000001,ensemble
8,0.08322744091758373,0.0,0.0,0.0,0.0,1000001000000000000000010000010000010000000000100000000000000000100000000001000010001100000000000010,ensemble
9,0.0755489397240336,0.0,0.24229218908241482,0.1511898014076107,0.15118980140761074,1010000010000000000000000000000010010000000000001000110010000000000010000000000000000000001000000110,ensemble
10,0.14141606440873872,0.06565938310249937,0.10627369308465985,0.10543102291351705,0.1009099945455733,,ergodic
11,0.061503874908534095,0.06565938310249937,0.015383092505630691,0.02385880219510572,0.019337773827161966,,complexity
