,Avg Cell Entropy,Avg Stable Cell Entropy,Last Cell Entropy,Stable diag LR,Stable diag RL,Initial,Kind
0,0.20923027813330897,0.0,0.0,0.0,0.0,00000000000000000000000000000000001000110000000000000000000000000011000001000000000000100000100000000010000100010010000100000000001000000000000001100000111000010000000000000000001001000100000000100010,ensemble
1,0.1736119742558088,0.0,0.0,0.0,0.0,00100000000100000000000000000000010000000000000001101000000100000000000001010000000100100000001000000000100000000000000000000001000100000000100100010000001000001001001000000000000000000100000000001010,ensemble
2,0.23170703890151387,0.0,0.0,0.0,0.0,00001000000000000000000000001000000000000000000000010000000000000000100000100000000000000000000000000001100001100000000000001001000010010000100001000000000000001000000000000000000000010000100000000000,ensemble
3,0.22097459097876773,0.0,0.0,0.0,0.0,10000000000000000000000000000000000000000001000000001000100000000000001000001010000100000000010000000000000100000000001001100000000010000000001000000100001000100000000000010000000000000000000001000000,ensemble
4,0.23542269422964565,0.0,0.0,0.0,0.0,00010100100000000000000000000000000000010000100000000000010000000000001001000110000100000000110000000000100000000000000000100000010010000100000000000000000000101000000000000000000000000000000000000100,ensemble
5,0.23212794526722738,0.0,0.0,0.0,0.0,,ergodic
6,0.07727906240141547,0.0,0.0,0.0,0.0,,complexity
