,Avg Cell Entropy,Avg Stable Cell Entropy,Last Cell Entropy,Stable diag LR,Stable diag RL,Initial,Kind
0,0.04264466100713302,0.0,0.0,0.0,0.0,00001000010000000000000000000000000000001110001000100000000000000000000000001000000100000000000000100000000010000000000010100000110100000000100000000000000000100010010100000011000000000010010010100000,ensemble
1,0.044485081458107735,0.0,0.0,0.0,0.0,00000010010010000000000000000000000100000000100010000001010000000000000000000000000000000000000001000000000010000000000000000000001000010000000000000000000000000000010000000100100000000000000000000000,ensemble
2,0.04420782675258038,0.0,0.0,0.0,0.0,10000010000000000000000000000000000000000000000000000000001000000000000000000000100000000000000000001010000100010000100000000000010000000000000000001000001000001000000011000000000000010000000100000000,ensemble
3,0.04375367982924244,0.0,0.0,0.0,0.0,00000000000000000000000000000000000000000000100010100000000000001000000000000000110000001010000100000010010000000000000001000000000010000000000000000000000000000010000000000000000000000100001100010010,ensemble
4,0.04408111577862817,0.0,0.0,0.0,0.0,00000001010000000000100100000000000000000000000000000000100000000000000000000000000010000000001000000000000000000000000101100000000100000100000000000000000000001000000000100000000000000010000010000000,ensemble
5,0.04459182852886251,0.0,0.0,0.0,0.0,,ergodic
6,0.016984178238709235,0.0,0.0,0.0,0.0,,complexity
