,Avg Cell Entropy,Avg Stable Cell Entropy,Last Cell Entropy,Stable diag LR,Stable diag RL,Initial,Kind
0,0.40252441639694475,0.3985623243949352,0.4021791902022729,0.0,0.3683273733375751,00010000000000010101000000000000000100000100001000000000000000100000000000000000000000000000000000000000000000010010000000100000000000000000000000010000010010000000010000000010000010000011000000000000,ensemble
1,0.4693027078809808,0.46678611729188957,0.4689955935892812,0.0,0.47344258683847407,00000011010000000000000100000001000000000000000000000001000000000000001000000000100000000000000110110010001001000100000001000001000010000000000000000000000000000000010000001000001000000000000000000100,ensemble
2,0.46915019541215747,0.4682640992159404,0.4689955935892812,0.0,0.4362303587508136,00000000000000000001000010000110000000001000100000000010000000000000000100000000100000100000000000000001000010000100000000000010010000000000000000000000001000010000100000000000000000100100100000000000,ensemble
3,0.38510823309931447,0.38054804164539163,0.38431154412649704,0.0,0.3617365799666632,00000000000000000000000000000000000000010000000000000000000000001000000000000000110001000000000000000000000001001100000000110010000010000000000101000000000000010000000000001000000001000001000010000010,ensemble
4,0.48532544242994985,0.482151628675169,0.48464773973144537,0.0,0.47944618762427754,00000100100000000000010001001000001001000000000010010000000000000000000000000000010000000011100100011000100000000000100000000000000011100000000000000000011000000000000000001000000101100000000000000000,ensemble
5,0.44357065626747855,0.442750772237526,0.44311055824469103,0.12743546064601177,0.4240463395571214,,ergodic
6,0.0029047395390198183,0.007878766591940423,0.002899109427733526,1.0,0.0004945739038325625,,complexity
