,Avg Cell Entropy,Avg Stable Cell Entropy,Last Cell Entropy,Stable diag LR,Stable diag RL,Initial,Kind
0,0.4689955935892813,0.4677286365261997,0.4689955935892812,0.0,0.4259684350280836,00000000010100001000000000001000001000000000000100000000100000000101000000000000010000010000010000000000000000000001000000000000000100000001000000100000110000000000000000000000100000000000000000000100,ensemble
1,0.4689955935892813,0.4660792140239877,0.4689955935892812,0.0,0.39937280196638164,00000000000000000000000010100010001000000000101100001000000000000000001010000011000000000000000000000000000000010000000001000000000000010000000000000000100100000000100100000100000000000000000000000000,ensemble
2,0.3659236509002231,0.3637910701732949,0.36592365090022316,0.0,0.3360206836730761,00000000000000000000000000000000000001000000001000100000000000000000000100000000000000100000000000010000000000000000000001000000000000000000000000000000010000001000001010100000000001000000100000000000,ensemble
3,0.4689955935892813,0.4675602343927318,0.4689955935892812,0.0,0.4292879094224793,00000110000000000010000000010010000000000010000000000000001000001000000000000111000000010000000000000000000000001000000010000000000000100000000010001000000000100100000000000000000000000000001000000000,ensemble
4,0.4689955935892813,0.4630415887413231,0.4689955935892812,0.0,0.45057743445082793,01000000000100000000010000100000000000000000000000000000000000000000000000000000000100000001000110000000000000000000010010000100000000000000000000010000000000000010100100010010000001000000000001000001,ensemble
5,0.4496822131225002,0.4494254479332777,0.4496822131225001,0.131514275975864,0.4375040017600496,,ergodic
6,0.0028931721848559633,0.008422529652420074,0.0028931721848558523,1.0,0.06687607138260376,,complexity
