,Avg Cell Entropy,Avg Stable Cell Entropy,Last Cell Entropy,Stable diag LR,Stable diag RL,Initial,Kind
0,0.7661242181556573,0.751846777645214,0.7601675029619657,0.0,0.7543900398520993,01000101001000000000001000000001000000000000010000000000000100001000000000100010000000010010001001000000000000110100010000001000000000000001000100000000100000000000001000000000000000000000000000000000,ensemble
1,0.6659618498522262,0.6562484591622464,0.6577047787442195,0.0,0.6212487252177757,00000000000100000000000000000000000000011001000000001000000000000000001000000100000000010000000000000000000100000000010000000001100000000010000100000000000000001000000001010000000000010100000000100000,ensemble
2,0.5409367812858333,0.5259720722740114,0.5293608652873644,0.0,0.4997450951357023,00000100000000000000000000000000000000000000000100001000000100000001010000000000010000000000000000000000000000000001001000000000000000000000000000000000000000000000101000000010000000000000000010000000,ensemble
3,0.7288496840300772,0.714801168370504,0.7219280948873623,0.0,0.7070026568796342,00001000010000000000000000000000000001000001000000000010000000000000000000000000010000000000100010000000000000100000001000000100000001000000010010000010000000001000000000000001000100100000000100000000,ensemble
4,0.6191814163502848,0.6062623330342478,0.6098403047164004,0.0,0.5862566352699062,11000000010000000000000000000010000000000000000000000010001010000000010000000100010000000000000000000000000000000110000000000000000000001000000001011000000000000000000100000000000000000000001001000000,ensemble
5,0.6704846510319069,0.6616144006050062,0.6622595460438849,0.20659827163673686,0.675134698527123,,ergodic
6,0.00935720316257116,0.016003639730452046,0.009753331247556618,1.0,0.0613300844208291,,complexity
