,Avg Cell Entropy,Avg Stable Cell Entropy,Last Cell Entropy,Stable diag LR,Stable diag RL,Initial,Kind
0,0.997998496226191,0.9957925182545719,0.9964625048848765,0.0,0.8456000076948866,00000000100000000000000000000000000000000000000010000010000001100000000000010000010000000000000000010000000000001001001000000001000011000000000011000000000000000000000010000000000000100000000001000000,ensemble
1,0.9984122953365089,0.997265471301381,0.9974015885677396,0.0,0.7681820022574604,10000001100000000000011000000000011010000000000000000000000010000010000000000000100000000000000000100000100000001001000000110000000000100000101000000001000000010001100000000000000000000000000010000000,ensemble
2,0.9987154321169776,0.9973089161965314,0.9974015885677396,0.0,0.7615291502966476,00000000000010000000000000000000000100000000000000000000000000001100000011000100000000000000100000000000000000000000000000000000001000000000010000010100000000100000100000000001000000101001001000000000,ensemble
3,0.9991867990004064,0.9981119898415716,0.99819587904281,0.0,0.8468077573044744,00000000000000000000000001000000000010000000001100000000001000000000000000001000000000100000000000000000000001100010000001010000000000000000000010000100000010000000000000000000000000000010001000000000,ensemble
4,0.9985209324012007,0.9972538919761266,0.9974015885677396,0.0,0.9079075765504592,01010000100000100000000000000001000000000000001100000000000000010000010000000101000100000000100000000000000000000000000100000000000000001100000000000000000100000000001010010000001000000000000000000010,ensemble
5,0.9988455082343449,0.9973602354471263,0.9974015885677396,0.3634084378225579,0.9181510831783929,,ergodic
6,0.000279039366739231,0.00021424348544829552,2.9034084054413434e-05,1.0,0.10036015427724942,,complexity
