,Avg Cell Entropy,Avg Stable Cell Entropy,Last Cell Entropy,Stable diag LR,Stable diag RL,Initial,Kind
0,0.4814390497723018,0.4628608457782615,0.4689955935892812,0.0,0.45430671249179666,01001010010000000000000101000000001000000000010000000000000000001000010000100000000000001000000000100000000000000000000000000000000000110000000000000000000000100010001000010000000000000000010001000000,ensemble
1,0.49640426792491893,0.4773991149012599,0.48464773973144537,0.0,0.44755834034136444,00000100000000000000000000000001001010000000000000000000000001100000000000000000000000000000010100000000000000010001110000001001000000001010100010001000001000010000000010000000000000000000101100000000,ensemble
2,0.3814614206764246,0.36220450020865486,0.36592365090022316,0.0,0.3661883981377958,00100000000000101100000000000000000000010100000000000000000000000000000000000010000000000000000000000011000000000000000000000000000000100110000000010000000010000000000001000000000000000000000000001001,ensemble
3,0.36336643192227586,0.34291776483715014,0.34698128810061335,0.0,0.3371701153668459,00000000000010000000000001000000000000000000000000000000000000001000000000000000000000000010000000100100000000000000000000000100000000000100000000100001000000000100100000000000000000000000110000000000,ensemble
4,0.4497303656182631,0.43522849911772665,0.4364698170641029,0.0,0.38430694598207243,00000000000000001100000000001000001010000000000100000010000000000000000000000000000100010000000000100110000000000000000000000010000000000000000000001000100000100011000000000000000010101000000000000000,ensemble
5,0.4367303204918392,0.4217130474135223,0.4229754912346309,0.11047901204936449,0.39275636526044994,,ergodic
6,0.0051519512235110865,0.01325759892704792,0.005607590526284234,1.0,-0.013111785470644621,,complexity
