,Avg Cell Entropy,Avg Stable Cell Entropy,Last Cell Entropy,Stable diag LR,Stable diag RL,Initial,Kind
0,0.7209167524200579,0.7111522741299089,0.7219280948873623,0.0,0.7203319340846727,10000000000000000000001000000010010000000010000001000000000000010001000000010010000000100001000000000000100010001000000001000000000000000000000010000000000000000001000000000000000000000000000100010000,ensemble
1,0.5702474474492,0.5504007815128965,0.5709929600768897,0.0,0.538693269941956,00000000000000000000000000000000000000000000000000000001000000000100010000000000000000100000000000010001110000001000001000000010000000000001000000000000000100000000110000000000000000001000000000000000,ensemble
2,0.7592439506291538,0.7461006165843493,0.7601675029619657,0.0,0.749768759319795,00100010100100001011010000100000000000100000000001000000000000001000100010000000000000000000100000000000010000000100000000000100000100001000000000000000000000000000000000000000000000001000000011000001,ensemble
3,0.6089544365540174,0.6067902040137078,0.6098403047164004,0.0,0.6085216841010442,01000000000000000000000011000000000000100010000000000000000010010000000000000000000000000000001000100000000000000000000000000000000000101001000000000000000000000000000000000000100001010000000000010000,ensemble
4,0.7940726499019212,0.7923334470728772,0.7950402793845223,0.0,0.7968302828562998,00100000000010000000000000000100000000000000000000001001000010100010000000000000000100000000000100001010000000000010000000101000000000000110100000001000000000000001000000000000000000101010010000000010,ensemble
5,0.6984474353211004,0.6981784040309296,0.6993748439640959,0.22428346568035948,0.7167639940827897,,ergodic
6,0.01111091191374014,0.02409547369419396,0.011125672628664374,1.0,0.047344465266368374,,complexity
