,Avg Cell Entropy,Avg Stable Cell Entropy,Last Cell Entropy,Stable diag LR,Stable diag RL,Initial,Kind
0,0.44973036561826313,0.43341702454362685,0.4364698170641029,0.0,0.4536904485492216,01001000000010001000010000000000000000000010000000000000000000000000000000001000000000000010000000001001010000000000101000000000000000010000000000000000100000001000101000000000000000000001000100001000,ensemble
1,0.4657849845088816,0.4522440172951375,0.4529425481872832,0.0,0.4402552145888924,00000000001001000000000010000000000000100000001000000000000000000101000100100000000000001000000100000000010000100001000000000000000000000000100000000000000000010010010000000000000000000000001010001000,ensemble
2,0.5258700143395285,0.5119209259157995,0.5148156530047155,0.0,0.4766056588769252,00000000000000000001110000001001000001000000000000000000000000000100001000000001000000000000000001000001010000000100000000011000000000000000000010000100001000100001000100000000011001000000000000100000,ensemble
3,0.3993203668301487,0.38354884796517796,0.38431154412649704,0.0,0.3658859445302145,10000000100000000000001000000100000000000000000000000000000000100000100000000000000000001000001000000000010001000000000000000000000000100000001000000000010000000000000010100000001000000000000000000010,ensemble
4,0.46562445405486164,0.4494727605658504,0.4529425481872832,0.0,0.44118986250729164,01000001010000000000010000000000001000000000001010000000000001000000000000000000000000100000010000000100000000001000000000000000000010100000000000000000100000001000101000001001000100000000000100000100,ensemble
5,0.46260081440018935,0.44883565126893105,0.4496822131225001,0.13167039025220362,0.44449211792737975,,ergodic
6,0.0028853760916596194,0.00604884216335555,0.003081711858027636,1.0,0.02017289341075701,,complexity
