,Avg Cell Entropy,Avg Stable Cell Entropy,Last Cell Entropy,Stable diag LR,Stable diag RL,Initial,Kind
0,0.8224334774705118,0.7864294341349323,0.7866261099706012,0.0,0.6154486667677024,00001000100000100000000000000000000000000000000000100000000100000000000000000010000001000100000000000000000000000000000000000000001000000000000000000010000000000000001000100001000000000000000000000000,ensemble
1,0.7734273743651974,0.7505770191487815,0.7509319796338465,0.0,0.6346149841382955,00001000000100100000000000000000000000100000000000010000000000000010000000000101000001000000001000001100000010100000001000000010000000001100001000000000000000000000000010000000000000001010100000000000,ensemble
2,0.8021782329562012,0.7682777539947919,0.7691928290130138,0.0,0.619949566872332,01000000000000000000000010110000000000010100000000000100000000000000010000000000000000000000000000000000000000000000010100000100000100100000000000000101000100000100000000000000000000000100000000000100,ensemble
3,0.7950782910096893,0.7598983949792073,0.7601675029619657,0.0,0.5748687686038922,00000000000001000000000000000000000101000000000001000000000000100000000000000000000000010001000110010110000000000000000000000000000000000000000000000100000100101000101000000000000000000001000000000001,ensemble
4,0.7734171425421691,0.7503544601128973,0.7509319796338465,0.0,0.7093683455440826,00000000000000100000000011001000000010000011000101000000000001000100000000000000000000010000001101001000000000000010000000000000000100000000101000001000000001010100000100000000000000000001000000000000,ensemble
5,0.7948285037448062,0.7637350002613635,0.7638026659331061,0.2445478134700895,0.692287305697911,,ergodic
6,0.0019143753261030572,0.0008217350089058106,0.00030451018414201503,1.0,0.08874529231864747,,complexity
