,Avg Cell Entropy,Avg Stable Cell Entropy,Last Cell Entropy,Stable diag LR,Stable diag RL,Initial,Kind
0,0.07743218375751006,0.04039656794795559,0.0454146923337941,0.0,0.03837023992830952,10100000100000000001000000000000000000000000000000000000000000100000100000000000000000000001000000000100010010000110000000010000000000000000000100000010000100000000000000000000000000000000000001000100,ensemble
1,0.07831664484656299,0.04039656794795559,0.0454146923337941,0.0,0.031947605236379795,00000000000000000000000000000000100000001000000000000000000010000000010000000000000000100000001000000000000000000000000000000000000000000000000000000000000000001001001100000000000000100000001000000100,ensemble
2,0.07619393823283596,0.04039656794795559,0.0454146923337941,0.0,0.04093410292874079,00100001000000000000000000000010000000000000000000000000001010010100000010000000000000000000011000000000010000100000000000010000010000010000100000010000000100100000100100001000001001000000000000000100,ensemble
3,0.04178151694709056,0.0,0.0,0.0,0.0,00010000001000100100000000000000100000100000100000100100010000000000000000000000000001000000100000000000000100000000000000000000000000000000000000000000000001000000000001000000100000000000000000000000,ensemble
4,0.10873043906597823,0.07323848742716053,0.08079313589591118,0.0,0.06889926421967904,01000000000000011010000010000001000000001100000000000010000010000000000000000000000000000000000000001000000000000000000000000000000100100000001001000100000000010000000000000001010000001000000010000000,ensemble
5,0.07749463860529064,0.045243702087829865,0.0454146923337941,0.007307384804377938,0.05216271395990097,,ergodic
6,0.012951786773369722,0.14052925689594864,0.044198246232348914,1.0,0.3092720886739261,,complexity
