,Avg Cell Entropy,Avg Stable Cell Entropy,Last Cell Entropy,Stable diag LR,Stable diag RL,Initial,Kind
0,0.5454193992596139,0.0,0.0,0.0,0.0,11000010010000001010000000000110000000101001000000001000000000000000001000000010001010000000010001100000000000010000000010000000000000000000000001000000010000000000001010000000010000100000000001000000,ensemble
1,0.7811517015700076,0.37271132399761603,0.0,0.23234558219553136,0.4578920830034115,00000000000000000000100000000000000011000000000000000000000000100100000100100001000000000010000000000000000000000000000000000100000000010000100000010000000000000000000000000100000000000000000010000000,ensemble
2,0.5304442554438622,0.0,0.0,0.0,0.0,00000001001000000000000001000000000010000110100000001000000000000001000000000010010000000001100000000000000000000000000001000000001001000010000000000010000000000000000011000100000000000000000100000000,ensemble
3,0.6540673813878584,0.006562523877397732,0.0,0.004256721075659383,0.01550622525369085,00000100000000000000000000000000100110000000000010000000000001000000000000000000000000000000000000010000000100001101000000100000000010010000000000000101010001000001000001000100000000100000000001000000,ensemble
4,0.3659236509002231,0.3569708594757481,0.36592365090022316,0.0,0.34867734107187853,00000000000000000000000001000000000010000000000010000000000100000000100001000100000000000000000100000101000000000100001000000000000000000000000000000000000010000000000000000000000000000000000000000100,ensemble
5,0.9303570280325324,0.7561538493435185,0.6930283686032682,0.32351936846616347,0.3996778203526925,,ergodic
6,0.3815263814052764,0.8052658971477937,0.8943986516345047,0.8537322173983307,0.5886308384070216,,complexity
