,Avg Cell Entropy,Avg Stable Cell Entropy,Last Cell Entropy,Stable diag LR,Stable diag RL,Initial,Kind
0,0.049851586057943084,0.0,0.0,0.0,0.0,00000000000010000000000100000000001000100110000000100000001000000001000000000100000001000000000000010000000000000000000000000001100000000000000000000000000000000000100001100001000000000000000000001010,ensemble
1,0.05007136538016988,0.0,0.0,0.0,0.0,00000000000000000000000001010000000000000100000000000100000000000000100001000000001000000000000000000100000000000000000000000000000000000000000010000000001000000001000000010001000000010000011000000000,ensemble
2,0.04726265997060624,0.0,0.0,0.0,0.0,00000000000000000000000000000000000000000000001100100000000000100000000000000011100100000000000000000000000000000000011000000001000000000000010000100000000001100000000000100000001000000000000010000000,ensemble
3,0.05009041972696315,0.0,0.0,0.0,0.0,00000100000100000000000100000000000100000010000100000000000000100000000100000000000000000000011000000100000000000000000000100000000000001000000000000000000000001000000000000001000000010000000000000000,ensemble
4,0.049509561829673,0.0,0.0,0.0,0.0,00000000001000000001000000010000000000000000000000000000000000000001000000000000001000000000000000000000000010000000000000000000000000100000001000000000000100000100010000000000001000010000000001110000,ensemble
5,0.04976359085187463,0.0,0.0,0.0,0.0,,ergodic
6,0.008168065283179593,0.0,0.0,0.0,0.0,,complexity
