,Avg Cell Entropy,Avg Stable Cell Entropy,Last Cell Entropy,Stable diag LR,Stable diag RL,Initial,Kind
0,0.9963358393823718,0.9962826466049245,0.934068055375491,0.9832399633040945,0.9733537767159418,00010000000100000000000001000000000000000000000001000000000000000100000000000100000000000000000000100000010000000000000000000001000101000000000110000100000000000100000000000000000000100000000000000000,ensemble
1,0.996303347283621,0.9962392169951627,0.9709505944546686,0.9839308389269641,0.9738583212830655,00010100100000000000000100010000000000000000000000000100000000000000010000000000000000000010000000000000000100001001000000001000000000000000101010001000000000000010000010000000000000000000000000001000,ensemble
2,0.9945016238904194,0.9944483469351578,0.9837082626231857,0.9814833048179955,0.9507739000641329,00000100001100000010000100000000011000000011000000001000000000010000100100000000000000100000000000000100000000000100000000000000000000000100000000100000100000000000000000000000000001000000000000000010,ensemble
3,0.9963510295685886,0.9962653113942891,0.934068055375491,0.9866136944615186,0.9822944423520364,00000000000000000000000001001000000000000000000001000000000000000000010000010001010000000000000000000000000110000100000000000000000101000000000000001001000000000001000000100000000000000000000000000001,ensemble
4,0.9952459760780624,0.9952129147482589,0.9790514648094594,0.9828971014959199,0.9757319518800122,00000000010000100000000000000000010000000000000000000001000000000000100000010000000000010000001100010000011000000000000110011010000000000000001000101000000010001000000000000000000100000001000000001000,ensemble
5,0.9958455202693927,0.9959112434530332,0.9634967421655787,0.9906443382193139,0.9839435036398632,,ergodic
6,9.836568703303072e-05,0.00022246572566697598,0.0032459431371716363,0.007077572997205239,0.012948939785356717,,complexity
