,Avg Cell Entropy,Avg Stable Cell Entropy,Last Cell Entropy,Stable diag LR,Stable diag RL,Initial,Kind
0,0.18551683707327682,0.0,0.0,0.0,0.0,00000000000001000000010000000000000100100000000000000000000000000000001001101001000000000000000000000000001000010000000000000000000000000000100100000110000000000000010000010000100000000001000000100110,ensemble
1,0.23706469645156944,0.0,0.0,0.0,0.0,00000010000010000000000000000000000100000001110100000000100000100001000001100000000100000000000000000010000100000001110000000000001000000010000000000001000000000000000000000000000010100000000000000000,ensemble
2,0.3381603540742628,0.0,0.0,0.0,0.0,00000000000000000001010000010000010000000000000010101000001000000000000000000000000000010010000000000000010000000000000000000000000000001000000000000000000000100000000000000001000000000000000000000000,ensemble
3,0.22058851308742114,0.0,0.0,0.0,0.0,00000100001000000010010000000100001000010000001000001000010000000000000000000000000000000000000000001000000000000000000100000000000010000000000100000000000000101000100000000000000010000001010100000000,ensemble
4,0.2066118773241461,0.0,0.0,0.0,0.0,00000001010010000000100000000000000100000000000000100000100001000101110000000000000000000000000010100000000000000000000000000000000000000000011100000000000001000110000000001000000100001000010000101000,ensemble
5,0.2525546510455707,0.0,0.0,0.0,0.0,,ergodic
6,0.059259235106048136,0.0,0.0,0.0,0.0,,complexity
