,Avg Cell Entropy,Avg Stable Cell Entropy,Last Cell Entropy,Stable diag LR,Stable diag RL,Initial,Kind
0,0.04349774215272556,0.0,0.0,0.0,0.0,00000000000011000000000000010000000010010100000000001000000000000001000000000000011100000000100010000000010000000010000000000010100010010011100000000001100001000001000000000000000000000100000010010000,ensemble
1,0.043547923396583935,0.0,0.0,0.0,0.0,00000000000001000000100111001000000000000000000000001100100010000000000001000000000000010000000010000000000000001000000011000000000000000000100010000100000000000000000010000001100000100000000010100000,ensemble
2,0.04513743762826675,0.0,0.0,0.0,0.0,00100100000000000000000010000000000100001000000000000000000010001000000010000000010010010000000000000000000000000000101000001000010011010000000000000000100000000001000001000000000001000000000001000010,ensemble
3,0.045591584551604676,0.0,0.0,0.0,0.0,00000000000000001000000000000000000000000000001000000000000000001000000000000000000000000000000000000000000000000010000001000001000000001000000000001000000010100001000000000100001000000000010000010000,ensemble
4,0.04359810464044233,0.0,0.0,0.0,0.0,00000000000000000001000010000000011000110100000000000000001000000000000000100000001000000001000000000100000000000001000000000000000100000000001101100000000000000000000000000000000000010000000000001001,ensemble
5,0.04447231389240067,0.0,0.0,0.0,0.0,,ergodic
6,0.0044467085511780136,0.0,0.0,0.0,0.0,,complexity
