,Avg Cell Entropy,Avg Stable Cell Entropy,Last Cell Entropy,Stable diag LR,Stable diag RL,Initial,Kind
0,0.29860690747647817,0.0,0.0,0.0,0.0,01000010100000000000100001000000000000000000000000000000000000000000000000000100000000000000000000010000100001110001000000000000000000000000000000000010000100010000000000000000000001000000000000111000,ensemble
1,0.27169035373720357,0.0,0.0,0.0,0.0,00000100000000000000000000000000001100001000000000000000000000100000000000000000000000100010000000001100100000010000000000000000000000000000100000000000000000000010000000000000000010000000000000000000,ensemble
2,0.2665479702634384,0.0,0.0,0.0,0.0,00000001000100000100000000000000000000000010000000000000000000000000000000000000010000101110000100000000000110000000000000000000000000000000001110000100000000000001000000000000000000100000000010000000,ensemble
3,0.20271012471313565,0.0,0.0,0.0,0.0,00100000000000000000000000001000000010000000010000000000000000000000001001000000010000110100000100010000000000000000000000010001000000000000000010000000011000000001000000000000000010000100000001000000,ensemble
4,0.3271786835831989,0.0,0.0,0.0,0.0,00000000000101000000000001100100000000010000000000100000110100100001000000000000000000000000000000000000000000000000000000001000000000000100001000000000000000000000000011010000000000000000000000000000,ensemble
5,0.3068773750450871,0.0,0.0,0.0,0.0,,ergodic
6,0.10926373143497381,0.0,0.0,0.0,0.0,,complexity
