,Avg Cell Entropy,Avg Stable Cell Entropy,Last Cell Entropy,Stable diag LR,Stable diag RL,Initial,Kind
0,0.04433453772653258,0.0,0.0,0.0,0.0,00001000000010000010001000000010000000000001000000000000000000000000001100000001000000000100001000000000000000100000000010000010000010000000000000100000000000000000000000000100000000000000000010000000,ensemble
1,0.042063803109842875,0.0,0.0,0.0,0.0,10000000000000000100000010100000000000000000010111010100001000010000010000100000000000000000000000000000010000001100001010000000101100000000000000001100001000000000000010000000000000001001000000000000,ensemble
2,0.043302048634516976,0.0,0.0,0.0,0.0,00010000010100000000100000000001000010000000000001000001000000000000010010000000000000000000000001010100010000100000000001000001000000000100100000010010001000000000000010000010001000010100000001000000,ensemble
3,0.04383020955933626,0.0,0.0,0.0,0.0,00010000100000000000000000100000000000010000000000100000010010000001000000000000001000100000000000011000000000100001000001010000000000000000000000000000000000000000010000000000000100001010000000100000,ensemble
4,0.044181478266344956,0.0,0.0,0.0,0.0,00000000000010000000000100000000000000010100000000000101000000000000000000000100010000000000000000000000000000000000000000000100000000000000010000000000100000000000000000000100000000000000000000110000,ensemble
5,0.04443281786024473,0.0,0.0,0.0,0.0,,ergodic
6,0.020039296263644424,0.0,0.0,0.0,0.0,,complexity
