,Avg Cell Entropy,Avg Stable Cell Entropy,Last Cell Entropy,Stable diag LR,Stable diag RL,Initial,Kind
0,0.16925848940736316,0.0,0.0,0.0,0.0,00001000000000000100000000000010000000000001000000001000101000000000100000000000000000000000000000000000000000001000000000000000000000011000000000000000000000001001010000001000000000000000000000000010,ensemble
1,0.12003691986337837,0.0,0.0,0.0,0.0,00000110000100000000000000000000000101000000000001010100000000100100000010100000000010010000000000000000000000000000010000100101001010000000000000000100001010001000000000000000100010000000000000000010,ensemble
2,0.11008926398010957,0.0,0.0,0.0,0.0,10000000010000000000001000000000000000010010000100000100000001000000000100000011000010000000000010000000000000001010000000000000001010000000000000010000000000000000000010000001001000010000000000000000,ensemble
3,0.1810842517517942,0.0,0.0,0.0,0.0,00000000000000000000000000000000000000010001010000000000011000001000010000000000000000000000000010000000001000000000000000010000101000100000000000000000001010000001000000000000000000000000010000000000,ensemble
4,0.2238593785715043,0.0,0.0,0.0,0.0,10000000000000000000000010000000000000000000000000000000000000000000000010000000000000000000000000000000000010101000000000000000000000000000000000000000001000000000001001000000000000101000000000000100,ensemble
5,0.1753510774861638,0.0,0.0,0.0,0.0,,ergodic
6,0.08260808532800057,0.0,0.0,0.0,0.0,,complexity
