,Avg Cell Entropy,Avg Stable Cell Entropy,Last Cell Entropy,Stable diag LR,Stable diag RL,Initial,Kind
0,0.8345917667689219,0.8315561375136237,0.9709505944546686,0.7635340528653448,0.41283690017041935,10000000000001000000110000010000000000100000000000001000000000000000000000000000000000000000100100001000000000000000000010000000000100001000000001000000000000000001100000000100100000110000100000100000,ensemble
1,0.8039453215472275,0.8017554366814963,0.9426831892554922,0.7434787810899618,0.3981984492616054,00100000001000001000000000000000011000000100000010000000000000000001100001001000000100000000000000000000100000001000000000000000000000000000100000000000000000010000000000001000000001000000000001100000,ensemble
2,0.8160567739561003,0.814588894019682,0.9544340029249649,0.7825636472669875,0.4117454423383052,01000000100000000000000001000010011100000000000000000000000000000000000000000000000000100000000100000100010010010000000000010000000000000010000000000000001000000000010000000000010000010000000000001000,ensemble
3,0.754778016000704,0.7554226563511635,0.8341980958607492,0.6619444560496139,0.4228325855277776,00000010100000100000000000000000000000000101000001000000000000000000000000000000000000010000100000000000100000000000000001000000100010000000000000000000000000000001001000001000100000100000000000000000,ensemble
4,0.7639868258976001,0.7622480307889135,0.8032566997760642,0.6465027530887472,0.4134956519158682,00100000001000001010000000000001000000010000001000000000000000001000000010000000000000000000000000000000000000000010000000001000000010001000000000000001100100000000000000001100000000000000000000100000,ensemble
5,0.7972869576633483,0.7986227085826932,0.9139014134928695,0.7585824055269715,0.5554801913819949,,ergodic
6,0.0032801450018724587,0.006897471675321287,0.014002491789100957,0.05138224558182769,0.25862017722322017,,complexity
