,Avg Cell Entropy,Avg Stable Cell Entropy,Last Cell Entropy,Stable diag LR,Stable diag RL,Initial,Kind
0,0.9998863814707301,0.9998384004510925,0.584238811642856,0.9910820109904307,0.9871320126776978,00000110000000010000010000000100000000000000000100010000100010000001110101000000000000000000100000000000001000001010000000100100000000000000011000000000001000000010000110001000001000000000010000000000,ensemble
1,0.9999992786404566,1.0,0.28639695711595625,0.9905900274963715,0.9898088524144539,00000000000000000000000010001000100000000010000000000000000011000000000000000000000000000000000000000001100000000100000000000000000000000000000000100000000000000000000000000000000000000000000100010000,ensemble
2,0.9999628499835156,0.9999278604382025,0.4689955935892812,0.9880849483479385,0.9834423099697325,00010001000000001000011100000000000000000000000010000000000000000000000100001000000000100000000100000010000000000000000000100000000000000000000000000010000100001000000001001000000000000101100001000000,ensemble
3,0.9998225381930241,0.9996623383374197,0.5148156530047155,0.9918506087370255,0.9863707376612031,00000000000000000100100000000000000000000000000001010000010100000000100000000000000001000000010000000000000001000100000000000000000000000000000000010101001000000010000000000000000010000000010000001100,ensemble
4,0.9998200130016406,0.9996565648623154,0.48464773973144537,0.9918691242416725,0.9880448721416313,00000000000100110000000000000000000001000000000000010000000000000000000000000100000000010100010101000000000000000000000000000000000000000000100001000000000000100000001000000000000011000000000000001010,ensemble
5,0.9999363614482277,0.9999269396339787,0.47530357178344457,0.9964156476361242,0.9941957212588509,,ergodic
6,3.815161826825619e-05,0.00010991484659150785,0.015747032446042253,0.005740881013869159,0.007278209039911165,,complexity
