,Avg Cell Entropy,Avg Stable Cell Entropy,Last Cell Entropy,Stable diag LR,Stable diag RL,Initial,Kind
0,0.15351916107873836,0.03,0.9997114417528099,0.9916381873724817,0.9920392440587812,00000000000000000000000110001010010001000000000000010000000000000010001000000000000000000000000000000000001001011000000001000000000000010000000000000000100000000000000000001000100000000000010000000100,ensemble
1,0.14096743312683283,0.05,0.9988455359952018,0.9911197485839237,0.9921073058321344,00000010000000001000000001000000000001001000000000000101000000000000000000000010010001000000000000100010110000001000000011000000000000010000000100010000000000001000000000000000100000000100000000000000,ensemble
2,0.1492176419788736,0.03,0.9999278640456615,0.9903937410371919,0.9920271211450955,00000000000000101001010000000000000000000000000000010000000000101000000000000000000000011000100010110000000000000000000000001000000000100011000101000000010110000000000000000000000001010000000000000010,ensemble
3,0.18283833441402686,0.04,0.9997114417528099,0.9920384496105423,0.9918821001487551,00000000000011000000010000000000010001000000000000100000000100000000100000000000010000000000000000000000000000000000000000000110001000100010000000010000000000100000000000000000000000000000000000000010,ensemble
4,0.15414741816002128,0.04,0.9993506898146105,0.9918427660848425,0.9920609236799359,00000001000000000000000000000010000000000000000000000000000000000000001000001000010000001000000000000100000000010100010000000001100111000000001000010100001000001000011001010000000000000001000000000000,ensemble
5,0.8759281858028478,0.8690843544979381,0.9995844639313987,0.9964151515823816,0.9965249940137008,,ergodic
6,0.8217456633061904,0.9562758208644174,7.510046613234955e-05,0.005026592617174863,0.00451735286902244,,complexity
