,Avg Cell Entropy,Avg Stable Cell Entropy,Last Cell Entropy,Stable diag LR,Stable diag RL,Initial,Kind
0,0.7813624407700138,0.78,0.5148156530047155,0.9919960880623021,0.9920815708744605,00000000010000100110010000000000000000000010110010000000000000000000000000001011100000000100000000100000000100010000000000000000000000100000000000010001000000001000000000010000010000000000000000000000,ensemble
1,0.850454146923338,0.85,0.4021791902022729,0.9918420376707092,0.9920100997420161,00000000001000000000000000000000000100000000000010000001000000000000000000100100000000000000000000000000000000000001001000000000110000000001000000011010000000000000000000000000000000010010000000000000,ensemble
2,0.7913624407700138,0.79,0.499915958164528,0.9917826605614739,0.9920758244699169,00000000000000000000000100000011000000010000000000010000000001001010000000110100000000100001100000000000011000000000000000000000000000000000100000000010000000000100000000000000000000000000001010010000,ensemble
3,0.820454146923338,0.82,0.4364698170641029,0.9920959164362272,0.9921952426870889,00000000000010000000000100000000000100000000001000001000011000010000000000000000000000000000101000100000000000000000000000101000000000000000000000000001000000000000000000000100000000000000010101000000,ensemble
4,0.7704541469233379,0.77,0.5148156530047155,0.9919163691298218,0.9921952426870889,00000000000000100000000000100000010000010100000000010000100100000000000000000000000000000000100000100000000001000010110000000001000000100000000000000000000010000000000000010000000000100100000010000101,ensemble
5,0.967871869214121,0.9678057110082849,0.47530357178344457,0.996590564790542,0.9966074895120898,,ergodic
6,0.17053332161222057,0.171321277734086,0.0035015884461644387,0.004679906255599886,0.004511197705504566,,complexity
