,Avg Cell Entropy,Avg Stable Cell Entropy,Last Cell Entropy,Stable diag LR,Stable diag RL,Initial,Kind
0,0.9917985354019049,0.9914961238704052,0.819107179827683,0.9784047500693537,0.9662343680523354,00010000010000000000000000000000000010000000000000100010010000000010000000000100000101001011000000000000001000000101000000100000100100000000001000000100001001000000000000000000001010000001000000000000,ensemble
1,0.9946628586290474,0.9944656963919217,0.7219280948873623,0.9857179176767074,0.9798673775771399,00100000000000000000001000000000000000010000100111000000000100010000100000000000000000000000000000001000100000000000000000010000000001010000100000000000000000010100000000000000000001000000100010000000,ensemble
2,0.9947119403220338,0.9945617672777759,0.7601675029619657,0.9869968977323633,0.9820134100052194,00000100000000000001000000000000101100000000000100000001001000000000000000100000001000000000010000000000000000000001011000001010000001100000000000000000000000000100100000000000011000000100100000000000,ensemble
3,0.9977390608237181,0.9976351973402018,0.597185045253784,0.9890674076030678,0.9856006338435509,01010000100000000000000001000000000000010000000000000000000010100000100000000000000000000000010011000000000000000000000000000000000010100000000001000000000000000000000000000001000000000000000000000000,ensemble
4,0.9933264910320015,0.9925318113768763,0.7691928290130138,0.9833857558600827,0.9761753009432668,00000000000000000000000000000000000000000100000000010011001000001000000000100001000000000000000000000000000000000000100111000000000000000010010010100000000000100000000000100100010000000010100100010000,ensemble
5,0.9947441246232526,0.9946615552270006,0.7395669234392042,0.9883735555110982,0.9843214105912761,,ergodic
6,0.00029791317603788947,0.0005262453070733475,0.008181535515818572,0.003702051418090657,0.006444228926365869,,complexity
