,Avg Cell Entropy,Avg Stable Cell Entropy,Last Cell Entropy,Stable diag LR,Stable diag RL,Initial,Kind
0,0.9963176104044574,0.9920816176761713,0.9988455359952018,0.9882609339325072,0.9678551802926305,00010000001100000000000000100000000010000100000000001000100000000000000000000000000000000100010100000000100000010000000000010010000000000000000000000011000010000000000001000000000000000000000000001000,ensemble
1,0.9952591216383143,0.9936894983622955,0.9993506898146105,0.9880012812789398,0.9703828042683869,00000000000000000000000010000000001000000001010000000000000000000000000000000000000000000000010000000000000000000001000000000000000000110000000000000000101000000000010000001100000000000010000000000000,ensemble
2,0.9958529337422707,0.9924641599091686,0.99819587904281,0.9821855795925799,0.9668641540374152,00110100000000000000000000000000000000000010001000000000000100000000000000000000010000000000010000000000000000000000000000000000000000000000010001100000001000110000000000100000000010000000000000000010,ensemble
3,0.9943783318407955,0.9908986577419556,0.9974015885677396,0.9842101231262935,0.9670526984216398,00001000000100000001000000000000000100000100000100000000000000000000010000000000010000000100000000000000010000000010000000100000000000100100010000110000000010000000000000001100000000000000000000000000,ensemble
4,0.9962072734256133,0.991799971623463,0.9953784388202258,0.987384719707131,0.9658460909115713,00000000001000000000000000000000000100100000000000001000100000000000000000000000101000000000000000000000000000100000100000000000000000000000000000001000000000000100000010000000000010001000000000010010,ensemble
5,0.9988784717857542,0.9981889767022857,0.9998153271549207,0.9943993077282658,0.9829563115738392,,ergodic
6,0.003279095173218005,0.00601308547756596,0.001981266592941733,0.008438039060932545,0.015622389120146463,,complexity
