,Avg Cell Entropy,Avg Stable Cell Entropy,Last Cell Entropy,Stable diag LR,Stable diag RL,Initial,Kind
0,0.9999913436133302,1.0,0.0,0.9921952426870889,0.9921952426870889,00100000000001001000000000000000110000010000000100000000000100000000000000000000000000000000000000000000000000011001010000001000000000000000000000000100100000000000000000000100000100000001000000110000,ensemble
1,0.9999909829335585,1.0,0.0,0.9921952426870889,0.9921952426870889,00000000000000100000001000001001010010000000000000000000000000010010000100100010000100000000000000100000000000000000000010000010000000000011000100000001000000000000000000000000010000000000001000000000,ensemble
2,0.9999924257247943,1.0,0.0,0.9921952426870889,0.9921952426870889,00000000000000010000000001000000100011000000000000000010000000000000000000100000100000000000000000001000000001000000010000000010000000000000000100000000000000100110000100000001000010010000010000000000,ensemble
3,0.9998914317088524,0.999855720876405,0.16866093149667025,0.9920769864258894,0.990624426124987,01000000000100001000000100000001000000000000000000000000001000000000000000000000000000000000100011100010000000000000000100000001000000000000000000000000000010000010001000100111010000010000010000001000,ensemble
4,0.9999906221816377,1.0,0.0,0.9921952426870889,0.9921952426870889,00000000000010000000100001000100000000000000001000000000000100001000001000000000100001100000001000000000000000000000000000000100000000001000000000000000000000001010000000000000000000000000000000001010,ensemble
5,0.9999914447803872,0.9999942292044475,0.0454146923337941,0.996644274816477,0.9966393318409893,,ergodic
6,2.008371977324508e-05,2.3085162386249358e-05,0.25724067331767075,0.004487743013876666,0.004774297295222496,,complexity
