,Avg Cell Entropy,Avg Stable Cell Entropy,Last Cell Entropy,Stable diag LR,Stable diag RL,Initial,Kind
0,0.0061309834650622045,0.0,0.0,0.0,0.0,00000000000000000010000000010001001010000000000100000000000000000100000000000001000000000001001001001000000001000000100000010000000000010000000000001010000000000001010000000000001001000000010000001000,ensemble
1,0.005903910003393234,0.0,0.0,0.0,0.0,00000100000000010000100000001001000000000000100000010001000010000000100000010010000000000000100010001000000100000000000001010000000001000000000010010000000000000000000100000000000000000100001000000010,ensemble
2,0.006989096067879701,0.0,0.0,0.0,0.0,00000000000010000000000010000110000000000010000010000000000000101000000000000100000000000000000000000000000001100100100000000000000100000100000000100000001010100000011000100000100011001100000000000000,ensemble
3,0.0047685426950483814,0.0,0.0,0.0,0.0,00000000000010000000000000000000000000000000000000000000001100000100000100000010000000100100000000010000000000000001000000000000010100000000000000000000000010000001000000000011000001110000000001000000,ensemble
4,0.0031790284633655876,0.0,0.0,0.0,0.0,00000000000000000000000000010000010000000000000000000000000100000000000100000000000000000001000000100000001001001000000000000000100100100000000000000000000001000000000000000000000001000000000000000000,ensemble
5,0.006526075869683037,0.0,0.0,0.0,0.0,,ergodic
6,0.17342178566921607,0.0,0.0,0.0,0.0,,complexity
