,Avg Cell Entropy,Avg Stable Cell Entropy,Last Cell Entropy,Stable diag LR,Stable diag RL,Initial,Kind
0,0.8602238273437237,0.86,0.8485481782946158,0.9770083437031648,0.9765219348589773,00000000000100000000000000000000001000000000000000010000000000001000000000000000000000100000000010000010101100000000000000001000000001000010000000000000000000100000000000100100100000000100110000010000,ensemble
1,0.8802259914223538,0.88,0.7219280948873623,0.9805395853972864,0.9800753759656323,00000000100011000000001000000000000000000001000000000000010000000001000000000000010000000000000000000000000100000000001000000000000001001000000000000000000011010000000000000000000000000001000000000000,ensemble
2,0.9199971145618264,0.92,0.6098403047164004,0.9880798714963305,0.9877224308762204,00000000000000000000100000010000000000000101101000100000010100000000000000000000000000010010000000001000000001000000000000000000000000000000001000000000000000000100100000000000000000000000000000000000,ensemble
3,0.8599978359213698,0.86,0.7950402793845223,0.9727459727049875,0.9714658404953459,00000000000000001000000000010001010001010001100000000000000000100010000000000100000000001000000000000000000000000000000000000000000000000001000001001100001000000110000000010000000000000000000010000100,ensemble
4,0.8104512614851643,0.81,0.9199534913630799,0.9505598098002833,0.9501199028432677,00000000000000000000010000000011000000000011010000100000000010000000100000000000000000010000000001000000000010000000010100000000001000110100000000000000010000000100100000001000100011100110001000100010,ensemble
5,0.9722210420692616,0.9722635809836039,0.7950402793845223,0.9822333566158626,0.9727503513395371,,ergodic
6,0.10907173506209666,0.10929503383856143,0.020097358674324828,0.008599422874981388,-0.0004428121436896859,,complexity
