,Avg Cell Entropy,Avg Stable Cell Entropy,Last Cell Entropy,Stable diag LR,Stable diag RL,Initial,Kind
0,0.40226607673245424,0.3978354241029305,0.4021791902022729,0.3736564622619145,0.0,01000000000010000000000000000000000000000000000011000000000000010000000000000010000000100000000000000000001000100000001000000000000100010010000000000100000000000001000000001000100000000000000000000000,ensemble
1,0.40226607673245424,0.396530604697553,0.4021791902022729,0.39512505317706237,0.0,00000000000000010000000000000000001000000010000010001001000000000000000010000000001000000000010010001000000000000001000000100000000000000000000000000000000000000000000000001000010000000000000000000011,ensemble
2,0.4366345443753347,0.4349243153734799,0.4364698170641029,0.41569528717920956,0.0,01000000010000000100000000000000000000100001001100000000000000100010000100000000000011000000100000000000000000000000000100000000000010000000000000001000000000100001000000000000000001000000000000001000,ensemble
3,0.38475823527839137,0.38377919373379343,0.38431154412649704,0.3625418932433219,0.0,00000000000000010000000000000000000001000000000000000000000000100000001001000000010000000000000000000001000000000000001000000000000000001110000010000000000000001110001000000011000000000100000000000001,ensemble
4,0.4197256294468027,0.41637613063769424,0.41955649623854696,0.3891694000002808,0.0,01001000000100100000000000001100000000000000000000000000100000001000000000000000000000000000000000100000100000000000000000100000000010000000100000100000000000000001000010000010000000000000000011000000,ensemble
5,0.40937854382870387,0.4090911220023591,0.4091874050295285,0.4056049853181454,0.11237416677208216,,ergodic
6,0.000606849868810988,0.00782707842105268,0.0006064640791475506,0.04528387670427836,1.0,,complexity
