,Avg Cell Entropy,Avg Stable Cell Entropy,Last Cell Entropy,Stable diag LR,Stable diag RL,Initial,Kind
0,0.9969370334878472,0.996410950756566,0.5435644431995964,0.9893278954632602,0.9879948012565374,00010001000000000000000001000010000000000000000000001100001000000000001010001000000000000000000000000000000000000000000000000000001000000000000000000000000000000000000000000000000000001000000000000001,ensemble
1,0.9938752282522744,0.9932554520629284,0.6908938714350409,0.9837605419419666,0.9730382041894057,01000010010000000000000000000000000000000000000000011000000000000000101000001000001000100010010000000000000000000000010010000000000000100000000001010000000000000000000000000000000000010000000000000001,ensemble
2,0.9922892167029264,0.991671738458754,0.731816079376955,0.9851243409966446,0.9740994441541637,00000010010100000000000000000000010000001000001000010000000001000100000000000000000000000000000010000000000000000001000000000000000001000000001100000000000000000001010000000010000000001001010000010000,ensemble
3,0.9957430633422986,0.995472289613131,0.6343095546405662,0.9834136227299287,0.982507133179939,10010000000000001000000000000100000000000000000001000000000000000011000000100000000010000000000000000000000000000000000000000000000000100100010001010000000000000000000000000000000000000001000000001100,ensemble
4,0.9927288637930693,0.9925821006001437,0.7601675029619657,0.9837008006928917,0.9735606837536213,00000000000011000010000000000000000000000100000101100000000000100000000110000000000010010000000000000000000001000010000110000000010001000000000000000001000000000000100000000010000010000000100100000000,ensemble
5,0.9947255047436286,0.9946172073413879,0.6778845244622075,0.9908895644025958,0.9897219141357945,,ergodic
6,0.00041300200506211304,0.0007426988369303444,0.008459013198349297,0.005877672191621941,0.011601097909493818,,complexity
