,Avg Cell Entropy,Avg Stable Cell Entropy,Last Cell Entropy,Stable diag LR,Stable diag RL,Initial,Kind
0,0.0020700096412561647,0.0,0.48464773973144537,0.48355558729811565,0.48355558729811565,01000000000000000000000000001000000000000000000001010000010000010000010000000001000001000100000010000010000100001000000000100001010000000010000000000100000000000000010000010000001000010000000000010010,ensemble
1,0.0030284847317904318,0.0,0.38431154412649704,0.3712413333052325,0.37124133330523246,10000000001100000000001000000000000000010000001000001000000000000000010000000010000010000000000001000000000000000101010000000000000000000100000000100000001000000000010000110000100000000100000000001100,ensemble
2,0.0031551957057426323,0.0,0.38431154412649704,0.3913598714122663,0.39135987141226636,01000000000000100010000000000000000000000000100000000000000000101000000000001000001101001010000000100000000000000010000000000000010000010000010001000000000000000000100100000000000000100000000100000000,ensemble
3,0.0009082938466758821,0.0,0.38431154412649704,0.3979179203283587,0.3979179203283587,10000001000100000000000000010000010000000110001000000000000000010000000100000000000000000000000001000000000000000110000100001001000000000000000100000000000000000000000000000000000000000100001000000000,ensemble
4,0.0010851860644864675,0.0,0.3072683598607598,0.32219576349159684,0.32219576349159684,01000000001000000100000000100000000010000000000000000000000100000001000000000001011000000000000000000000000000000000000000000000000001000000000000000000000001000000000000000001000010000000000000000000,ensemble
5,0.25728017988666396,0.2554164522443954,0.39151926988152996,0.4246453845701028,0.36499609474986,,ergodic
6,0.9920342328783619,1.0,0.006510850635684018,0.07392353842434507,-0.07742000756643663,,complexity
