,Avg Cell Entropy,Avg Stable Cell Entropy,Last Cell Entropy,Stable diag LR,Stable diag RL,Initial,Kind
0,0.8849837137242516,0.88,0.8750927867718321,0.9766149272738153,0.9799514714778184,01000000000000000000001000000000000000000000010000000000000000001000000000000001000000100000000000000000000000100000000000000000100000001000000000000000000000000000000000000100000010000001100000000000,ensemble
1,0.8857880382854937,0.88,0.9149263727797274,0.9758031859985044,0.9790295629303097,10000000000000001000000001000000000000001000000000100000000100000000000000000100000000000000010001000000000000000000000000000000000000000000000100000000000000000000100000000000100010000010000000000000,ensemble
2,0.9045483407233468,0.9,0.904381457724494,0.9770382345628366,0.980802028913687,00101001000000001000100100000000000000000000000000000000000000000000000011000000000000010001000001000000000000000000010001001000000000000000000100000000000000010000000000000000000000000000000010000000,ensemble
3,0.8714514775616786,0.86,0.994149171480893,0.9763080449027935,0.9772925959622102,00001000010000000000001000000010000010100000001000000010000001000011010000000000000000001000000100001000100000000000000000000000000000000001000000000000000000000000000100000000100000101000000000000000,ensemble
4,0.8677418149518852,0.86,0.9679505356936394,0.9772728223171537,0.9772451594229511,00000000010010000000010000010000000010010000010000000010000000000100000000000000000100000100000000000000000001001000000000000000000000000000000000000000001000000000010000100000100000001001000000000000,ensemble
5,0.9727375208432509,0.9721553299217008,0.9418499821369987,0.981132071790944,0.9855411823976489,,ergodic
6,0.09235260475615603,0.09890943037821476,0.011201271377575872,0.004611640889145674,0.006774976810212885,,complexity
