,Avg Cell Entropy,Avg Stable Cell Entropy,Last Cell Entropy,Stable diag LR,Stable diag RL,Initial,Kind
0,0.5288920700071171,0.5256302006903258,0.6343095546405662,0.49158098367312086,0.08025824904018228,00000000000000000010000100000000000000000000001000000000000000000000001001001000000000000010001000000000100000000000000000000000000000010100000000010000010000100000000100000000100000100000000000000000,ensemble
1,0.5075840480097971,0.5047983839618824,0.597185045253784,0.4576344700587641,0.07022979223820168,00000100101000000000000000010001001000000000100000000100000000100000000000000000000000000010000000000000000000000000001000000000000000000000100001000010001100000100000000000000000000000000000000000000,ensemble
2,0.5078039986068245,0.5007802153618308,0.6098403047164004,0.45637655965703994,0.08025672722069961,00000000000000010001000000010100000000000000000000000000000000000001000001000000000001000000000000000000000000000001000010000000100000001000000000100000000001000010001010000000000000000010000000000000,ensemble
3,0.4372047946788284,0.43415248138694923,0.499915958164528,0.41681703370359047,0.05684629152372159,00000000000010100000000001000000000000000000101000001010000000000000000000001000000000000100000100000011000000000000000000000000000000000000010000000000011000000010000000000000010000000000000000000000,ensemble
4,0.5072210302002734,0.4942237963993999,0.584238811642856,0.4748765493872172,0.08694070483017048,00000000000000000000000000000000000000000000000000000000000100001001100000000000000000000000000010100010000010000000000000010000000010000000001000100100000000000001000000000000100100001100000000000000,ensemble
5,0.498675758983059,0.496830629278479,0.586851742115917,0.48282538711768647,0.20296020640658938,,ergodic
6,0.0018741048981339992,0.00988991706396436,0.0029885013648704994,0.048399003957188325,0.6309308396122957,,complexity
