,Avg Cell Entropy,Avg Stable Cell Entropy,Last Cell Entropy,Stable diag LR,Stable diag RL,Initial,Kind
0,0.999955275275415,0.9998874588183553,0.4364698170641029,0.9921469887995992,0.9842214292490686,00000000000000000000011000001000000000001010000000000000000000100000000000100000000000000000000000100001000000001000000000000000100000100001000001000000000000000000000001000000000001010000000000100010,ensemble
1,0.9996612866227744,0.9995468977067842,0.5709929600768897,0.9913098662735162,0.9825096132725012,00001000000010000000010000000010000001010000000000010000000000000000000000000100110000000000000011110000000010000000000000000000000000000001100000000000000000000000010000000000001100010001000001000000,ensemble
2,0.9998611310004846,0.9997287055680799,0.4529425481872832,0.992027290571355,0.9836003434099873,00100000110000000000011000001000000000100001000000000000101001000000000000000000000000000011010000000000000000001000000000000000100000000000000000000010000001000000000000000000000000000000010000000000,ensemble
3,0.9998531945299414,0.9996940647063416,0.499915958164528,0.9920334374455813,0.9813234072212877,00100000000000000000000000000010000000000000101000001000010000000001101000000000000000000001000000000100000000100000001000000000000000000100000000010010000100000001000000000011000000000000011000000000,ensemble
4,0.9998059432430517,0.9996623371712263,0.4689955935892812,0.9916364190437373,0.9793770301972411,00000100000100000000000000010110000000000000000000000000000000000000001000000000000000000000000010000100000001000000000000000000100011100100000000000100000110000000000000010100000000000000000000000000,ensemble
5,0.9998868454417033,0.9998684191975048,0.48773158354050183,0.9964560703842162,0.9942405157524472,,ergodic
6,5.948603848615619e-05,0.00016454805471244338,0.003830402186635551,0.004641719886030793,0.012103863091238565,,complexity
