,Avg Cell Entropy,Avg Stable Cell Entropy,Last Cell Entropy,Stable diag LR,Stable diag RL,Initial,Kind
0,0.00045414692333794104,0.0,0.38431154412649704,0.4452388648452259,0.44523886484522596,01000001001010000010000001000000000000100000000000000000000000000000000000000000000001000000001000000000000100000000000000011010000000000000000000000000000000000000000000000100000100000000000000010001,ensemble
1,0.0011353673083448527,0.0,0.4364698170641029,0.42016348537773907,0.42016348537773907,00000000000101000000000100000000000000000001100000000000000000100000001000010000000000000010000000000000000000000000000000000100000101110010000100000100000000101001000001010000000000000000000000000010,ensemble
2,0.0009082938466758821,0.0,0.32744491915447627,0.31669562285731606,0.31669562285731606,00000000001000000000000000000000000011000100000000000000000011000000000000000000000000100000000001000000010010000000000000000000001000000010000000000000000000000100000010010000000000000000000000000001,ensemble
3,0.001362440770013823,0.0,0.34698128810061335,0.3259190445879854,0.3259190445879854,00000110001000001100001100000000000000000000000000000001000010000000010000000000000000000000100000000000000100010000000000001000000000000100001000100000000000000000000000000000000000010000000000000100,ensemble
4,0.0011353673083448527,0.0,0.34698128810061335,0.32244594644187996,0.32244594644187996,00000000000000000000000000000000000000000000000000100000000000000000000000010000010000000000000000100000000001100000011100000010000001010000000000000000010000000000001000000010000010000000000000001001,ensemble
5,0.23353304373757985,0.23251349689993803,0.36964442262777,0.3404526426542962,0.41220937559674353,,ergodic
6,0.9957217050942642,1.0,0.0032643568917701815,-0.07531135598723626,0.1118770836009062,,complexity
