,Avg Cell Entropy,Avg Stable Cell Entropy,Last Cell Entropy,Stable diag LR,Stable diag RL,Initial,Kind
0,0.004945434912858966,0.0,0.0,0.0,0.0,00010000000100001100100000000000000000000000000000000010000010010000000000000000000000101000100100000000000000000010001000000000000100000000000000100000000000000000000000001010000000000000000000001000,ensemble
1,0.00431439577171044,0.0,0.0,0.0,0.0,00000000001010010000000000000100000000000000000100000010001000000000100000001000000000000100000000000000001000000000010000000001001000100000001000001000000000000000000000000000000000000000000000100000,ensemble
2,0.002724881540027646,0.0,0.0,0.0,0.0,00000000000000000000000010000000000000000000000000000000000000000010100000001000000000000000000010000000100010000000000010000100000000000000000000000001000000000000000000000000001000000000000000000000,ensemble
3,0.00643458665682499,0.0,0.0,0.0,0.0,10000010000100000100000000000000000000000000000000100011000000010010000000000000010000100000000010000001001000010001100010000000000000100010000000000011000100000101000000000000000000000000000000000000,ensemble
4,0.004718361451189996,0.0,0.0,0.0,0.0,01000100000000000000000000000000000000000001010000000010000000000000101000010000000000000000000010000000001000000000100000001000000000010100000000000000000000000000000000000000001000000000001100000000,ensemble
5,0.005581589235916218,0.0,0.0,0.0,0.0,,ergodic
6,0.17092930509014814,0.0,0.0,0.0,0.0,,complexity
