,Avg Cell Entropy,Avg Stable Cell Entropy,Last Cell Entropy,Stable diag LR,Stable diag RL,Initial,Kind
0,0.9720805148534681,0.9654741984517905,0.9858150371789198,0.8821109366955907,0.9530834502131114,00000000000010000000000000100000000010000000000010001000001000000000000000000000101000000000000000000001010000010000000000000000001000100000000000110000000100000000010000000000000100001000000000000000,ensemble
1,0.9551982600956961,0.951427989254683,0.9858150371789198,0.8570846394867556,0.9328868215697894,00000000000001000000000000001100010000000000010000000000000000000001000001000000000000000001001010000000000000000000100100000011000001010010100010000000000000000000000100000000000000000100100000000001,ensemble
2,0.9573996309111559,0.9556714535808664,0.9647995485050872,0.8567686401349939,0.9310208694320395,00010001000010001000000000000000010001000000000000000000000000000010000000011100000000010001000100000000010000100100100000000000000001001000000000001000100000010100000000000000000000000000100000100100,ensemble
3,0.9631395821276091,0.9536933992119698,0.9993506898146105,0.8562731298194824,0.9416399384531052,00010000000000000000000010000000001000101000001100000001000000000001000100000000100000000000000000000000010000001001010000000000001000000000100000000000000000011000000000000000000000000000000000000000,ensemble
4,0.9665944465024825,0.9608119436679909,0.9974015885677396,0.8660764624561729,0.9402283711993005,01000010001010000000010100000000001000000000000000001000000000001000000000000000000000000000010100000000000000010000000011000000000100000000001000100000000010000000000000000000000000000000011000000001,ensemble
5,0.9649465994609646,0.9618482592136656,0.99819587904281,0.9054360832688921,0.9497311271322132,,ergodic
6,0.002139095120948009,0.004608276136850553,0.011580391220247566,0.04613613519739446,0.010486375221602673,,complexity
