,Avg Cell Entropy,Avg Stable Cell Entropy,Last Cell Entropy,Stable diag LR,Stable diag RL,Initial,Kind
0,0.40217919020227283,0.3936018187112854,0.4021791902022729,0.3463116095461399,0.0,00000000000000000000001000100000000000000000000000001000000000000100000001000000000010000000000000000000000000001001010000000100000010001000011000100000000000000100000000000000000000000000000000000000,ensemble
1,0.5293608652873643,0.5263795108867386,0.5293608652873644,0.5274176914215407,0.0,00000010001100000000010000000001001000000000110000000000010000010000010001000000000000010000001100001000000000000001000000000000001000001000000000000000000011000000000000000000000000100001000000000001,ensemble
2,0.4196410628426749,0.41783978854980647,0.41955649623854696,0.3728424139169834,0.0,00000000000100000011000000100000000100000000000100000000000000000000010000000010000000000000000000000000000000100000000000000001000001000000100000010000000011100000000000000000100000000001000000000000,ensemble
3,0.4846477397314455,0.48356026101756455,0.48464773973144537,0.4650319958577515,0.0,00010000000000001000000000001000001000100000000000000000000010000000000010000000001000000000000001000100100000000000101000000000000000000000001000000000000000000000100010000100000000001000100000001010,ensemble
4,0.4690738543199921,0.46803786734849007,0.4689955935892812,0.48959507467045615,0.0,10000000001000001000000000100000000000011100000000000000000000000000000100000000000000001000000110000000100000110000000000000000000000000100000000000100000000000000000000000000000101000010000000001001,ensemble
5,0.4626554331422807,0.4625405497491,0.462623491762443,0.46062281214267564,0.14016913504332087,,ergodic
6,0.0036201685867065514,0.010067658822234926,0.003621767555032074,0.044251075984026,1.0,,complexity
