,Avg Cell Entropy,Avg Stable Cell Entropy,Last Cell Entropy,Stable diag LR,Stable diag RL,Initial,Kind
0,0.9999877368156131,0.9999509450979778,0.8112781244591328,0.9921952426870889,0.9642596692742983,00000000000000000001000000000010100100000000000000100010010001000000000001000000000000000000000010000000100010001000000000100010000100000000000101000000000100100100000100000000000000101000000000100000,ensemble
1,0.9999924257247943,0.999945173933034,0.7414827399312737,0.9921952426870889,0.9536712926363702,00010000100000100000000100010100000000001000001000000000000000000000000000000001000000001000000001000001010000010000000000000000010000000001010000001000000000000000000000100000000010000000001000000000,ensemble
2,0.9999920650450227,0.9999394027680901,0.7414827399312737,0.9921952426870889,0.9700495693675516,00000000000000100001001000000000000000001000000001000100000011000110000000000010000000000000100100000010000001000000000000000010000000000000000100100000000001000000000000100000000100001000100000000000,ensemble
3,0.9999945898034247,0.9999596018453935,0.6343095546405662,0.9921952426870889,0.9726792317169547,00000000000000000000000010000000000000000000000000000010000001000000010000001000100000000000010001010000000010000000000000000110000000000000001000000000000000000100000000000001000000001000010000000000,ensemble
4,0.9999953111629679,0.9999653730103373,0.584238811642856,0.9921952426870889,0.9876689444138527,00000010000000000000000110000010001000000100000000001000000000000000001000000000000000100000000010000000000000000000000000000000001000000000100000001000000000000000100000000000000001000000000000000000,ensemble
5,0.9999977638175025,0.9999892662464027,0.7097645542842426,0.996651268010553,0.9834214739282133,,ergodic
6,5.338119074993486e-06,3.7167314380859295e-05,0.010152888193309617,0.004470997495802931,0.01398762668000475,,complexity
