,Avg Cell Entropy,Avg Stable Cell Entropy,Last Cell Entropy,Stable diag LR,Stable diag RL,Initial,Kind
0,0.0009082938466758821,0.0,0.36592365090022316,0.400951645682753,0.400951645682753,00010000010001000000000000000100010000000000000000000000000000000000000000000100000110000010011000000000000000000000000000111000000000000000000000000000000000000000010000010000000000000100000000000001,ensemble
1,0.0017162252056349939,0.0,0.499915958164528,0.5015064628130252,0.5015064628130254,00000000001001000000000100000010010010000001100000000000000000000000000101001000000010000000000000000000100000010000000000000000010100000000000000000000010000000001000100100001001100010000001000001000,ensemble
2,0.0023472643467835203,0.0,0.41955649623854696,0.3086460386218179,0.3086460386218179,00000000000000000000000000000000000000000000000000000001100000000000010101000000010000000100001001001001000000010100000010000000000000010010000000000100010001000000000010000000000001100000000000000000,ensemble
3,0.0006310391411485264,0.0,0.41955649623854696,0.3928609597555987,0.39286095975559876,00010000100000000000000000010000000000000000000000001000000000000000100000000000000000100000010000000000000010000010100000001000010000000001000000100001000000100000000000000010000000001000000000000000,ensemble
4,0.00022707346166897052,0.0,0.4021791902022729,0.4134402706092098,0.4134402706092098,00000001000100000000000000000000000000000000000000000000100000000000000000001000000000100010000001000000000000000000000001000000000000000000100010000000100001100000000000000010000000000001000010000001,ensemble
5,0.2784561901527065,0.27732568912916183,0.4229754912346309,0.4059023525898003,0.44005653416096735,,ergodic
6,0.9958127014531695,1.0,0.0036624648895978718,0.005965171371564493,0.08311536319810109,,complexity
