,Avg Cell Entropy,Avg Stable Cell Entropy,Last Cell Entropy,Stable diag LR,Stable diag RL,Initial,Kind
0,0.9966989004271798,0.9945641901954805,0.9964625048848765,0.9802649403038874,0.9715132286384961,00000000010000011000000000000000100000000000000000010000000000000000000100000000000011000000000001010000000001000000000000000000000110000000000000100000000001000000000000000000000000000000000000000000,ensemble
1,0.9964688861604771,0.9914312700005574,0.9877746553159469,0.9787674268818781,0.9730633404036971,00000000000000000000000000000001000000010000000000000010000000000000000000000000000000010000100000000000100000100000000000000000000000000000100000001000001000000001000000000000100000000000000010000000,ensemble
2,0.996504915458583,0.9919291079915156,0.9953784388202258,0.9819740825030308,0.9696065696843617,00000000000000000000000001000100000010000000000000000000000000001100000000001100000000001000000000110100011000001000000000010010000010100000001000000000010001100000000000001000000000000000001000010100,ensemble
3,0.9969044776208656,0.9919807909386031,0.9877746553159469,0.9790339773468955,0.9657708982266134,01100010001010001000000000001000000000000000000000000000000000000000000000010010010010000000000000000000000000000000000000000000000000000000000110010000000100000000000000000000000000000010100001000000,ensemble
4,0.9965055384264133,0.9916632198567688,0.9988455359952018,0.9838836313721823,0.9645021640395536,01000001000000000000000001000000010000000010000001000000010000001000100000000000000010001000000000000000000100010000100000000000000000010010101000000000100000000000000001000000000011001000010000000000,ensemble
5,0.999230876675663,0.9983409404048045,0.9999278640456615,0.9911650170046191,0.9881178197402867,,ergodic
6,0.002616345349191751,0.006037240750414896,0.006681187933089583,0.01047273172979224,0.01945778039585977,,complexity
