,Avg Cell Entropy,Avg Stable Cell Entropy,Last Cell Entropy,Stable diag LR,Stable diag RL,Initial,Kind
0,0.6335192620135156,0.632607287944818,0.6343095546405662,0.6330800168841971,0.0,01000001000000000100100000100000000000000000000101000100000000000010000000001000000000000000000000100000000010000000100000010000000000000000000000000010000000010000000000000000001000000000000000000000,ensemble
1,0.49982324412621254,0.4964449718750103,0.499915958164528,0.4712756363787694,0.0,00000000000000000001010000000000000000000000000000000000000000000100010000000001000010100000000000000000000010000010000000000000000001010000000000000000000000000010000000000000000000010001100000000000,ensemble
2,0.6796777613221273,0.6718813571506829,0.6800770457282799,0.644550888054713,0.0,00000010100000000010000000001001010010010010000001000010000000000000000100000000000000000010110000000100000001000000000000000000000000010000000000000100000000011000000100000000000000000100000000000000,ensemble
3,0.6792474549279006,0.6795484015271375,0.6800770457282799,0.6898638875164347,0.0,01000001000100000000000000100000001100000000001100000000000000001000000000110000000000010000000000001000000100001000001000000000000000000000000100100000000000000000100000000000001000000000000000100000,ensemble
4,0.6794613990694568,0.674638654380771,0.6800770457282799,0.6622188233406184,0.0,10000000100000010000000000000000010000000000001000110010010000000001000000000100000000000000100000000000000000000000100100000000000000001000010000000000000000000001000000000000000000000000101000101000,ensemble
5,0.6385128796656504,0.6376234472529013,0.6390727927547213,0.6463353622465676,0.20242775002132626,,ergodic
6,0.006526188439597069,0.010349858847960247,0.006543014824195947,0.04043955094886187,1.0,,complexity
