,Avg Cell Entropy,Avg Stable Cell Entropy,Last Cell Entropy,Stable diag LR,Stable diag RL,Initial,Kind
0,0.9999913436133301,0.9999711441752811,0.4689955935892812,0.9921952426870889,0.9827572797909618,00000001000000100000000000000000000000000000000000000100000000000000000000100100100000000000000000000000000000000000000000000010100000000000000000010000000100000000000000000001000000000000000000000000,ensemble
1,0.9999884582473058,0.9999538306804496,0.6800770457282799,0.9921952426870889,0.9664543984482971,00000000000010001000000000000001000010001000000101000110010000000000000100010000000000000000000011000010110001000000000000000000100000000000000000000000010000001001000000000000000010000000000000000000,ensemble
2,0.9999844906976679,0.9999451739330338,0.7780113035465377,0.9921952426870889,0.9589823430337122,01001001000010000000000000000000100000010000000000000011001000100000010010000000000000000000001000000000100000000000000000100000001000010000000010001000100000100000000000000000110000001000000001100000,ensemble
3,0.9999899009663926,0.9999653730103372,0.584238811642856,0.9921952426870889,0.9804262367295608,00000000000000100000000000000000000000000000001000000000101001100000000100000000000000000000010010001010000000000010000000000000000000000000000000101000000010000000010000000000000001000000000000000010,ensemble
4,0.9999852120572114,0.99993940276809,0.7414827399312737,0.9921952426870889,0.9621250939206379,10000000000100100100000000000001000100000000000000001000000010000000000100000000000000101000000000000000110000000000000001000000010000000000001001000010001010000000000100000001100000100000000000000100,ensemble
5,0.9999978648057609,0.9999898433444259,0.6622595460438849,0.9966520936008745,0.9839118756938275,,ergodic
6,9.983710696492842e-06,3.485878503617368e-05,0.017664444742430563,0.0044718221557965565,0.013987843473774908,,complexity
