,Avg Cell Entropy,Avg Stable Cell Entropy,Last Cell Entropy,Stable diag LR,Stable diag RL,Initial,Kind
0,0.4999159581645279,0.4993323795158696,0.499915958164528,0.0,0.44541083059314845,00100000000000000000000000100000000010100000000101000000001000000000010001001000000000000100000000000000000101000000000100000000000000000000000100010100000100000000100000000001010100000000000000000000,ensemble
1,0.3844008823568759,0.3822721669869917,0.38431154412649704,0.0,0.3616977533175211,01000000000000000000000000000000000000000100000000100100011000010000000000000000000000000000100000000000000000000000000100000000000000000000000010000000000000000101000010000010000000000000100000000100,ensemble
2,0.3274449191544763,0.3230335364228996,0.32744491915447627,0.0,0.33207628364284336,00000100000000000000000000000100000000101000000000000000000000000001000010010000000000000000000000001000000001000000000000000000000000000000000000000000000000010000000000000000000000000000000000100100,ensemble
3,0.41989476265505826,0.4168843431695403,0.41955649623854696,0.0,0.4012844054302538,00000000000000000000010000000000100100001000000000000000000000000100000000000000000000000000000000100000000000000001000110000000000001001000011000000001000000000011000000000000000010001011000000000010,ensemble
4,0.4196410628426749,0.4181275200880025,0.41955649623854696,0.0,0.37873420395045315,00000000000000000010010000000010000100000000000110000000000000000000001000000000001001001000000000000000000000000000000000000001000001000001010000100000010000000001000000000000000000000000000000100000,ensemble
5,0.41276634478347474,0.4124983341447727,0.4126626559236274,0.12282803172948804,0.40191647118596685,,ergodic
6,0.006073236785007596,0.011074820259780016,0.006071722515090139,1.0,0.04497396124569186,,complexity
