,Avg Cell Entropy,Avg Stable Cell Entropy,Last Cell Entropy,Stable diag LR,Stable diag RL,Initial,Kind
0,0.9909475853960287,0.9905431195201178,0.7950402793845223,0.9677670329741024,0.9806796432589159,00000001000100010000000000000000000000000001000000100000000000000010000000010000000100000000000000010000000000000010001000000101000010000000100010000000011000010001110000000000000001100001000000010000,ensemble
1,0.9893941144616847,0.9889867973996175,0.8112781244591328,0.9662868843227079,0.9809633239879221,00000000000000100000000000010000001101000010000001000010000100000000000000010000000000000000000100000010001000000000000000000100000010000000010000000010000010000000000010001010000110000100001001000000,ensemble
2,0.999064888828274,0.9987326106205078,0.36592365090022316,0.9857999999641517,0.9901134376410409,00000000000000000000000000000000000010000000000100000001000000000000000000000000000000000000000000000000000000000100100000000000000000000000000000010000100000000000000000000000000000000000000000000000,ensemble
3,0.9951369988844266,0.994183081104827,0.6577047787442195,0.9647098088462963,0.9860132257407364,00001000000000000000000010000000000000000000000000000000000000001000000000000000000000100000001000010100001001000000000000100010000000000001000000000000000000011000000000000000000100000000000000010011,ensemble
4,0.9981510426507796,0.9978602176188699,0.4689955935892812,0.9835419911268014,0.9899113974210739,00000000100000000000000100000000100000000000100000000000000000000000000000000000000000000000010000000000001000000000000100000000000000000000001000000000000000000000000000000000000000000000010010000000,ensemble
5,0.9954639433603806,0.9953945509589194,0.6484721588056482,0.9871530445818514,0.9898031601158895,,ergodic
6,0.0009292323667889901,0.0013395549582292388,0.0442326983520801,0.013708007293612101,0.004310912187279747,,complexity
