,Avg Cell Entropy,Avg Stable Cell Entropy,Last Cell Entropy,Stable diag LR,Stable diag RL,Initial,Kind
0,0.815227073461669,0.815,0.5293608652873644,0.9893377039596849,0.9894864579761464,00000000000000000000000000000100000000000100010000000000000000000000000001000000000000000000000000000001000000000000010000001000000000000100000000000100000001000000001000000000010000000000000000000000,ensemble
1,0.5906812203850069,0.59,0.819107179827683,0.980569340286503,0.9853342649334657,10000000010001000000000000000100001010100001000001000000001000001001010100000000000000100000100001000010001000010001010000000000001000000100000000010000000000000000000000001000000001000000010000000000,ensemble
2,0.685227073461669,0.685,0.731816079376955,0.9858742551230878,0.9858497403919587,00000100000000000000000010000000100000000000010000000100010000100000000001000000000000100000000000000000000100000001010000000000010000001001000010000000100000000000000000001001000001000000000010000000,ensemble
3,0.7102270734616689,0.71,0.7219280948873623,0.9868742365551194,0.9867234499007049,00000000000100000000001000000000100001000000010000000000010000000000000010001001000010000000000000000000010000101000000000000000010000000000101100000000001000000000000100000000100000000100000000000000,ensemble
4,0.7704537862435663,0.77,0.6690158350565576,0.987963822559653,0.9881117098277046,00000000001000000000000010000000000000000000000100000000000000001000000000000000000100000000010000000100000000000000000100000010100010000000000000000000001100100000000010000000000000011000100000000000,ensemble
5,0.9487459350535591,0.9487428834934986,0.7035587015314071,0.9917288354349176,0.9921181386356757,,ergodic
6,0.247044736626578,0.2474251850291821,0.013237119552286458,0.005651709961271845,0.005056871590493062,,complexity
