,Avg Cell Entropy,Avg Stable Cell Entropy,Last Cell Entropy,Stable diag LR,Stable diag RL,Initial,Kind
0,0.9989169995301879,1.0,0.9999278640456615,0.5588758353065822,0.5588758353065821,10100000000000000000000000000000000000000000001000000000100000000000000000100000000100100000001010000000000000010000000000000000000010000000000011000000000000000000000000000000000001101000000000000010,ensemble
1,0.999381474028892,1.0,0.9999278640456615,0.7139286148403543,0.7139286148403543,00000000000000000010001100000000000000000000000000100000000010000000000001000000000000000001010001001000000010000000000000000111000000100000000000000000010000000000000010001000000000100000000000000000,ensemble
2,0.9996850184900652,1.0,0.9997114417528099,0.8454810348083532,0.8454810348083532,01000010000010000001001001000000000000100000000100000000101000000010000000100000000000000100000001100001000000000001000000000000000000000000000001010000000010000000100000000000000001100100000000000000,ensemble
3,0.9995991680716255,1.0,0.9997114417528099,0.5585943010911935,0.5585943010911935,00000000000000000000011100000000010000000000000000000000000001000100000000001000000000000001000100110000000000000001000000000000001001010000000000000000000000100000000000100000000100010000010000000001,ensemble
4,0.9987984829493601,1.0,0.9999278640456615,0.8845427349245472,0.884542734924547,01000010000000100001000000000000000000001010000000000100000000000000100011000000000000000000000000000000000000000000000000001000001000100000000001000001000000000000000000000000000100000000001001000000,ensemble
5,0.9996280132766109,1.0,0.9999971146079947,0.9115423018910359,0.7752938636304273,,ergodic
6,0.000351915570504735,0.0,0.00015581992907531816,0.21859413137871986,0.0812715828049646,,complexity
