,Avg Cell Entropy,Avg Stable Cell Entropy,Last Cell Entropy,Stable diag LR,Stable diag RL,Initial,Kind
0,1.0,1.0,0.499915958164528,0.9880025542573072,0.9880025542573072,00000000100001000001000000000000000000000010000100000100001000000000000000000110000001000000100000000000001100001000100000100000010000000000101000000010000100000000000000000000000000000000001000000000,ensemble
1,1.0,1.0,0.5148156530047155,0.9875629575209177,0.9875629575209177,00000001011000000000000000000000000000010000000000000000001000000000000000000000000001000011000000100000110000000000001000000000001101001000100001010100000000000000000000000000100000000001000001000000,ensemble
2,1.0,1.0,0.34698128810061335,0.977917906801418,0.9779179068014178,11000100000100000000000000000000000000000000000000000000001000000010100000000000000000000000000000000010000000000000000000000000000000100100000100000000000000000000000000000000000000000000000100000010,ensemble
3,1.0,1.0,0.5435644431995964,0.98032094696672,0.9803209469667201,00100000000000000000000000000000001000000100000010010000000001001000110000000000000000100000000000101000000010100000000000010000000000001000000001000000101010000000000100000000010000100000000000010010,ensemble
4,1.0,1.0,0.5709929600768897,0.9849427265295504,0.9849427265295504,00000101000000000010000100110010000000001000000000000100000000010001101000000001000001010000100000000000000000000000000010000110000000000001001000000001000000000100000101000000000010000000000000000000,ensemble
5,1.0,1.0,0.499915958164528,0.992726060067178,0.9954580789086225,,ergodic
6,0.0,0.0,0.00932536275172291,0.009042415640209911,0.011762082946051078,,complexity
