,Avg Cell Entropy,Avg Stable Cell Entropy,Last Cell Entropy,Stable diag LR,Stable diag RL,Initial,Kind
0,0.6445633904476358,0.6382182521572662,0.7509319796338465,0.11358143259276088,0.6191196966863386,00000010000000100100100001001010000010000000001000100000001001010000000000000000000101000000000000000010000000001001000000000001000000000010000000000000001000000000000000001000000011001000000001000000,ensemble
1,0.5280276514222174,0.5253320895025552,0.584238811642856,0.07997305832535005,0.5249233484767881,00000000000000000000000001000000000000001000000000000000000110001010001000000000000000100000010000100000001000000011000000000000000000000011000000000000001000000000000000000000000001000001001000001100,ensemble
2,0.5906052079040957,0.5877971957153845,0.6800770457282799,0.09354595412118827,0.5914719497187583,00000000100100001000010000000000000000000000000000000000000100000110000000000000100000010000100000101001000000000000010000000010000000000000100000000010001000000000000000000010010000000000000000110000,ensemble
3,0.5709929600768896,0.5683753210769577,0.6800770457282799,0.09359058130239521,0.522932792257912,00000000000010000100000000001000010000100000000000000000010000001000000000000000100000000010000100000000000000000001000010000000001000000000010000001001000001000000000100000000000000000000000000000000,ensemble
4,0.5294031607622723,0.5255896998971556,0.6098403047164004,0.07661893400883588,0.5293864078732257,00001000000010000000000000000000000100100000000000000000000010000000000000000000100000000000000000010000000000011000000000000101000011000000010000010000000000000000000000000010000000100000010000000010,ensemble
5,0.5746849061443072,0.5742353269737248,0.6645217109262895,0.24864638666805675,0.5717504280696015,,ergodic
6,0.0034217568630405815,0.009008180202221605,0.005249901363635123,0.6321603812718665,0.02480730817270227,,complexity
