,Avg Cell Entropy,Avg Stable Cell Entropy,Last Cell Entropy,Stable diag LR,Stable diag RL,Initial,Kind
0,0.9998921527076499,0.9998037688411088,0.5148156530047155,0.9806913059498462,0.9920850725385577,01000000000001000010000010000000000001000010011000000000000000000010001001000000000000000000010000000000100010100000000000000000000000000000000000100000000000000000000010000000110000000000100100000100,ensemble
1,0.9998986459538021,0.9998239736938132,0.4689955935892812,0.9840652186661142,0.9920979605049305,00000000000000000000000000000100000000011000000100000001010101000000100101000000000000000000000000100000010010000010001000101000000000000001000000010000000000000000000110000000000000000000001000000000,ensemble
2,0.9999859334889039,0.9999365171856183,0.5293608652873644,0.9717519445960936,0.9921952426870889,00010000000010000000010000000000000000100001000000001000010000010100100000000000000100000000001000010010000010000001000001000000010000010000000100000100001000000001010000000000010000000010100000000000,ensemble
3,0.9998856597501811,0.9998008844137171,0.5435644431995964,0.9868049780906117,0.9920284907900881,00000000000000001000000010000000001000010000000100000010000000000001001000000000000000000000000000000000110000000000000100000000001000000000000010000100001000001001000000011000001010010001000010000000,ensemble
4,0.9999888189270775,0.9999509450979778,0.4364698170641029,0.9690991255046233,0.9921952426870889,00000001001000000000000000000000100000001000000000101000000100000000000000000000000100000000100000000101000100000000000100100000000000000001000000000010100000000000000010010010000000000000001000000000,ensemble
5,0.999968476727729,0.9999519858673702,0.499915958164528,0.9864200049172185,0.9966091667767736,,ergodic
6,3.823576752259861e-05,8.877228324755126e-05,0.0025497960501120742,0.00804676539019189,0.0045040373747918805,,complexity
