,Avg Cell Entropy,Avg Stable Cell Entropy,Last Cell Entropy,Stable diag LR,Stable diag RL,Initial,Kind
0,0.9940611969659037,0.9949135246419221,0.9999278640456615,0.8376374715376107,0.8943816607271949,00000000000000000000000000001000000010010000000000000000001010000000000000000000000001111000110000000000000100001000000000000010010000000010000000000000010000001000000000000000000000000000000010000000,ensemble
1,0.9943876026551232,0.9957255877295205,0.92481870497303,0.8921501653252994,0.9057457937974978,10000000000010000001000000001000000000000001000101000000100000100000000000000000000000000000000010000000000000000000000000100000010000000000100000000000000000000000011000100000000000000000000010100001,ensemble
2,0.995320919962956,0.9944105784410797,1.0,0.9060904828138779,0.8994434023203199,00000010000100000000100000100000000000000100001000000000010001000000010000000000000000000010000000000000100000000000001001000011000000100001000000000000010000000000000000000000001000000000100000000000,ensemble
3,0.992450330175974,0.9927116035374358,0.9974015885677396,0.9300786590936297,0.9440013628873173,00000000000001101000000100000001000001000000000000010000100100001000000000000000000000000000010000001000000000000000100100010000000000000010000000000000000110000000000000000000001000000000000000000000,ensemble
4,0.9947402674992298,0.994805045964452,0.9709505944546686,0.8625179897275691,0.8410862232292733,00000000000000000001000000000000010000000000000000000000010000000000100001000100000010100100000001000100000000000000000001100000000001000000100000000000010000000000001000100101000000000000000000000000,ensemble
5,0.9964008314996274,0.9977481497093673,0.9998586112670831,0.9157910776149395,0.9463670106019848,,ergodic
6,0.0022167464919372604,0.0032421825562168882,0.02124186421912988,0.032863526027927414,0.05223694555690217,,complexity
