,Avg Cell Entropy,Avg Stable Cell Entropy,Last Cell Entropy,Stable diag LR,Stable diag RL,Initial,Kind
0,0.9999953111629679,1.0,0.08079313589591118,0.9921882437599842,0.9921882437599842,01000000000000000000000000000000000000011000000001001000001000000000000000000100000000000000000000000100000100100000100000010000000000000000000000000000000010000000000000000010000000000100000000000000,ensemble
1,0.9999938684438812,1.0,0.08079313589591118,0.9921942776093392,0.9921942776093392,10001000000000001000000000001000000000010000000000000000000000000000000000000000000000010100001100001001000000000000000000000000000010000000000000000001000000000010001000100001000001010000000000000000,ensemble
2,0.9999931470843377,1.0,0.14144054254182067,0.9921894514479613,0.9921894514479613,00000000000000000000000000001000000000000000110001100000010000000001000001000000000000100000001000000000010000000000000000000010000000010000001010100000010000000000100000001010100000100000000010000000,ensemble
3,0.9999938684438813,1.0,0.08079313589591118,0.9921900879703297,0.9921900879703297,00000000000100100000100100000000000000001000000110001000000100000000000100000000000000000100000101000001000000000100000100000000000000000000000000001000000000010000000000000000000000100000000000000000,ensemble
4,0.9999960325225113,1.0,0.0,0.9921952426870889,0.9921952426870889,01000010000000000100001000000000000000000000000000000000000000000000000000000000000000000100000000010000000000000000000000000000000100100000000000000000100000000000000000000101000000000000000000000000,ensemble
5,0.999998600583377,1.0,0.08079313589591118,0.9966551494522142,0.996652810743511,,ergodic
6,4.155057675703233e-06,0.0,0.04986990299759164,0.0044786692365226255,0.004476333182908632,,complexity
