,Avg Cell Entropy,Avg Stable Cell Entropy,Last Cell Entropy,Stable diag LR,Stable diag RL,Initial,Kind
0,0.45301651812847554,0.4481881222401748,0.4529425481872832,0.0,0.41781785185166115,00000001010000000000000001000000000000000000000000000000000000001000000000010000110000000000001000000001100000000101000111000000010000000000000000000000000000010000000100000000010000010000000000000000,ensemble
1,0.3843089428907446,0.37842806097207365,0.38431154412649704,0.0,0.3476506205155714,00000000001000000000000000000000001000000010000000000000000000000000000101000000000001000000100000000000100000000000100110000000101000000000000000000000000000000000010000000000000000100000000000000000,ensemble
2,0.4195564962385471,0.4184853070083919,0.41955649623854696,0.0,0.40352277459542163,00000000000000000001000010001000001000000000000000100000000000000000000000000100010010000000000100000100000000000000000001000000000000100000000000000000000000000000000010000010000010000000001000010000,ensemble
3,0.38431154412649704,0.37830149493027476,0.38431154412649704,0.0,0.3662307524746233,00001000000000000100000000010001000000000000001000010000000000000000000100000001000000010000000000000100000000000000000000000000000000000000000000000000000000000001000000000000000100001010000000000010,ensemble
4,0.5293557407718079,0.5287238337267425,0.5293608652873644,0.0,0.5029636390486911,00010100000000000000000100010000000000100010000000100001000000001000000000000000110100000000000000000010000000001000000000001100000000000000010000000000000101000000000000100000011010000000100000000000,ensemble
5,0.43648549361952915,0.4361874397023214,0.4364698170641029,0.12684201832315012,0.45300413547123053,,ergodic
6,0.005442666991323786,0.013210091355959741,0.005437300308251736,1.0,0.10014700578140312,,complexity
