,Avg Cell Entropy,Avg Stable Cell Entropy,Last Cell Entropy,Stable diag LR,Stable diag RL,Initial,Kind
0,0.9980766949419917,0.9992669349822032,0.9993506898146105,0.0,0.2847065975586823,00000000000001000000000000000000000000000100000100000000001000000010000000000001000000000000110000100100000000000000010000000000000000000000000000000110000000000100000000101001000000000110000000000000,ensemble
1,0.9948572914095845,0.9961609905899228,0.9988455359952018,0.10436144608415071,0.3784864664888579,00000000000000000010000000000000000000010100000000000000000000000001000010000000000000000000000000000000000000000000000000000001010000000000000100000000000000000100000000000000100100100000000000010000,ensemble
2,0.9984201802329065,0.9989434260117269,0.9993506898146105,0.0,0.22347432373481732,00000000000000000000000001000100000000000000000000000001001101000000001000000000000100010000000100000000000000000000001000000000101001000000000000000000000000110000000000000000000000000100000000001000,ensemble
3,0.9977127158035287,0.997730057087659,0.99819587904281,0.0,0.9181781211168166,10000000000000000010100001000000000001000000000000000001000000000000100000000000000000000100000010000000000010000010000000000001001000000000001000000000000010000100010000010000000010000001001100001000,ensemble
4,0.9988466722834766,0.9994082961310714,0.9997114417528099,0.0710653053845802,0.22820704904443675,00000000000000011000001000000000000010000001000000000010000000000000000110000000000001000000001000000011000000000000001000000000000001000000000000000000000000000000011000000100010000000000000001000000,ensemble
5,0.9988669635735288,0.9990350046226569,0.9991659615315874,0.43145112475606034,0.5982216821313459,,ergodic
6,0.0012857093948093201,0.0007337717484856565,7.517694804537456e-05,0.9186805914260087,0.32030128005382696,,complexity
