,Avg Cell Entropy,Avg Stable Cell Entropy,Last Cell Entropy,Stable diag LR,Stable diag RL,Initial,Kind
0,0.998990159137974,0.9981004174016725,0.99819587904281,0.9283226268761972,0.0,00001000001000010000000000000000000000000000000000010100000000000001001100000100000000000010000000100000000000000011000010001000001000000000000000100000000000000010000010000000000100000000000010010000,ensemble
1,0.9992131390930004,0.9980830587418239,0.99819587904281,0.8506698412017172,0.0,00000000010001000000000000000000000011000001000000000000000001000000000000000100000010000000000000010000000000000000000000000000001000100100100000000001000000000000000000000010000000000000000000010000,ensemble
2,0.996841441076652,0.9952477509261225,0.9953784388202258,0.8910930560519457,0.0,00001000010000000000000000100001000001000000011000100100000000000011000010000100000000000000000000000100000000001000000010000000010000001000000000000000000000000110000010001100000000000000001000000010,ensemble
3,0.9994569670140939,0.999151396064176,0.9993506898146105,0.9010912656244134,0.0,10000010000100000000000001010000000000000100010000000000000100000000000000000000010010001010010001000100000000100000100000000000010000000000100000000000000000000000000000000000000000000010000000001000,ensemble
4,0.998453795177904,0.9971872813487471,0.9974015885677396,0.8892674498437602,0.0,00001000000000000000000000010100000010000000000000001000000000000000000000000000000001000000000010000000000010100000000010010100100000100000000001000000000001010000100001000000001010010001000100000000,ensemble
5,0.9990770216009353,0.9978717974503621,0.9978955271597411,0.9429154350518918,0.41037704055428387,,ergodic
6,0.00048637021020836446,0.00031849437439324113,0.0001914349718006303,0.05390365375606365,1.0,,complexity
