,Avg Cell Entropy,Avg Stable Cell Entropy,Last Cell Entropy,Stable diag LR,Stable diag RL,Initial,Kind
0,0.9947091102783997,0.9943437971071691,0.41955649623854696,0.9865835507104003,0.9796341847995457,00100010001010000000000000000000000000000001000000000000000000100100000000100000000000000001000000000000000000000000000010000000001000001000000000000000000001010010000000000000100000000000000000000010,ensemble
1,0.9904684270333151,0.9899066594099837,0.5148156530047155,0.9819395182071112,0.953111312098152,00000100000000000000010000010010000000000000100000000000010000100010000100001010000000000100001100000000001010000000000000000000000110000000000100001100000000010100000000000000001000000000001000100000,ensemble
2,0.9926250812720074,0.992080899034492,0.4689955935892812,0.9857885044105874,0.9750057675373461,00000000100000101000000000000010010000000000100000100000000010000000000000010000000000000001000010000000000000000000000000001000000000011000000000000000001000000001000000101010000000000001000000000001,ensemble
3,0.9919448566346546,0.9914610117923955,0.48464773973144537,0.9841506065538789,0.9696740810033545,00001000000000000101000000000001010010010000100000000000000000001000000000000000000000001000001001000000000110000000000000000000100000000000000010000000000001011000010000100000000100000000100000000000,ensemble
4,0.9981245750148783,0.9978804467167416,0.28639695711595625,0.9862297599316072,0.9777125529127192,00000000100000000000000000000000000100000000000000000000000000000000101010000000000000000000000000000100000010000000000000000000000100000000000000000000010000000100000000000000000000000000000000000000,ensemble
5,0.9941115202924453,0.9938938165477172,0.4397989082715623,0.9893831039765582,0.9811313876802682,,ergodic
6,0.0005402917427576037,0.0007639183612170308,0.011178791586580084,0.004492411479412706,0.01029811922940671,,complexity
