,Avg Cell Entropy,Avg Stable Cell Entropy,Last Cell Entropy,Stable diag LR,Stable diag RL,Initial,Kind
0,0.5075038804201861,0.5056369439691556,0.597185045253784,0.47204406715733277,0.07355645160033206,00000000100001010000000000000010000000000000100100000000100000000100000000000000000010000000000000000000000010000001000000000100000000010000000000000000000000000000000110000100000000000000100000000000,ensemble
1,0.5292263486638735,0.5227807772767575,0.597185045253784,0.5059339999817987,0.07996560995277442,00100100000000000000000000010000100000000000000000000000001100010000000100000000000010010100000000000100100001000000000000001100011000001000000000001000000001000000000100000000000000000000000000000000,ensemble
2,0.5849612368622344,0.5795465451720535,0.6800770457282799,0.5464709923439343,0.09350597447581441,01000000000000000011000100000000000110010000000000010101000000100110000000000000000000000001000000000001000000000000000100000000000000000000000000000001001000010000001000010011000001010000000000000000,ensemble
3,0.5264506764943421,0.5255118718013533,0.6222126380063133,0.5021306626668124,0.08013804758090642,00000000000100001000000000001000001000000000000000000000000000000001100000000010100010000000000000000000000100000000100000000000001000000000000001000010000000000000000000100000000000001000000001000000,ensemble
4,0.5706087231761552,0.5681284456123861,0.6690158350565576,0.5371159759026835,0.083571265720531,00000000011000100000000000010000100000000000000000100001000000000000101000100100000100000000000000010000000100000000100000000000000000000000000000000000001010000000010101000000000000000000000000000000,ensemble
5,0.5464834441423576,0.5459316116479447,0.6343095546405662,0.519586021252856,0.22797698209837491,,ergodic
6,0.005001562349777888,0.010277285216489074,0.001851513621748735,0.01317757091661953,0.6396677019321889,,complexity
