,Avg Cell Entropy,Avg Stable Cell Entropy,Last Cell Entropy,Stable diag LR,Stable diag RL,Initial,Kind
0,0.9827357027089343,0.9867950461404053,0.9858150371789198,0.9610975214141423,0.9590109311633522,00000000010000000000000000100000100000000000000000100000000111100010011010000000000100010000000000000000010000000100000010000100000101000000101010000000000101000000000000000001000000010000000000010000,ensemble
1,0.9725648849254478,0.9839812603627033,0.9997114417528099,0.9536406107778362,0.9702170724224345,01000010000000000000001000000000000001000000010000000000100000000000100000000000000000000100000000000000001000000000000000100001001000000000000010000010000000000000000000001100000100000000000100000000,ensemble
2,0.9745739589504341,0.9862884649482083,0.9974015885677396,0.9665794750824379,0.965472565123733,00000000000000000000000000000010000000000100000001010000000000000000000000000000000000000000000100010100000000000011001000001000001001000110000000100100000000000001000000001100100000000000001000000001,ensemble
3,0.9651513417809656,0.9802109543765415,0.9974015885677396,0.949991251131846,0.9554984509733234,00000000000001010000000000000100000000100000000000000000000000000000000000000000000100000100000001000000000011000000000000000010000000010000000000001000000000001000000100000100001000000000001000000000,ensemble
4,0.9710573675750637,0.9803724650586197,0.9953784388202258,0.9496476017547034,0.9669463199973689,00000010010101000000000010100000101000000000000000000000000100000000000101000000000001000000000100000000100000010000000000100000000000000001000000000000100000000000000000000000000010010000100000000000,ensemble
5,0.9879605114707642,0.9952446427355656,0.9970433402104208,0.977808624681576,0.9802199011677699,,ergodic
6,0.014923531974619153,0.011770979772440349,0.001907360649470391,0.022107938203574817,0.017129659591407997,,complexity
