,Avg Cell Entropy,Avg Stable Cell Entropy,Last Cell Entropy,Stable diag LR,Stable diag RL,Initial,Kind
0,0.9974775659943725,0.9971235908598317,0.8267463724926178,0.9799125867990848,0.9885560597343063,00000000010000000100000000001000001000000000000000000000000000000000000000100010000000010010000000000000000000000000000000001001000000000001000010000000000000000000000001000000000000000000000000000000,ensemble
1,0.9974563429148914,0.9971177545068683,0.7950402793845223,0.9827961672455685,0.9892628470671517,00100000000000000000000000010000000000000010100000000000000000100000000000000000000001000000000000100000000111000010000000000000000000000000000000000000000000100000000001100001011000100000110000000000,ensemble
2,0.9955616766957627,0.995088119810648,0.9097361225311662,0.9782197260964317,0.9859904000714252,00100000000000000000000000001000000000011000000001000001000100100000101000000000000000000010000000000000000000000000011000000001000001000000100000000001000000001000000000000000000000001000001001000000,ensemble
3,0.9974787051358291,0.9971988501496041,0.8414646362081757,0.9832882409295696,0.9892764830274877,10000000000010000010000000000000000000001010000000000000100000000000000000000000010000000000000000010000000000000000000000000001000000000010000001000100010000000000010100000000000010000000000000000000,ensemble
4,0.9954608108927426,0.9951432294278716,0.9467554496831931,0.9757787161751686,0.9863139143047434,01000000001000000011000000010000000100000000000010000000001000101000010000001011010000000000000010000010001000000000000000001000000000000000000000010000000000000100001101110000000000001000000000001100,ensemble
5,0.9968201722049165,0.9966212102383102,0.8712907840103599,0.9877038582435258,0.9927366385449163,,ergodic
6,0.00013357662887403254,0.00028787395291018925,0.008426821544732066,0.007800689174245923,0.004892231751426279,,complexity
