,Avg Cell Entropy,Avg Stable Cell Entropy,Last Cell Entropy,Stable diag LR,Stable diag RL,Initial,Kind
0,0.9355387352257768,0.9194456947908389,0.9679505356936394,0.9378373723646375,0.5955184115304505,00000000000000000000001000010000000100000010001001010000000010001000000000001000000000000000000000000000000010000000000000010000000000000000001000000000000000000000001000000100000000100000000000000000,ensemble
1,0.9318688728050663,0.9184381507083498,0.9580420222262995,0.9435089721946369,0.8598827337303798,00000000000001000000001000010001000100000100000000000000000100000100000000000000001000000100000000000000000000000000000001000000100010000001001000100000000000000000000000000100000000000000000000010000,ensemble
2,0.934473166641384,0.9182403040644838,0.9814538950336535,0.9497294410578035,0.7434941046934724,00001010000000000001000000010000000000000000001000000010000000000100000100010000000000000000101001000000000000000110000000000000000001000000000000000001010000000000000000000000000000000000000000000000,ensemble
3,0.9417533516247665,0.9183886890473832,0.9295231861792264,0.9223877805972455,0.5693358252938444,00000000000000000000001000000000000000000000000000000000000000000010000000000000000000010000000000000000000010000001000010000000000000000000000000100010100000001000000101000000000000000100000000000000,ensemble
4,0.9280581467421608,0.9183392273864169,0.9858150371789198,0.9514138708681432,0.7460761285176845,00000000010000000100000000001000000001000000000000000000000000100000000000001000001000000000000000000100000000000001010000000000000100000000001000100000000000000001000000000001001000010000000000000001,ensemble
5,0.9607126042900447,0.9484767313094621,0.9673324338116666,0.954670583687899,0.7110188330716004,,ergodic
6,0.027452694556562074,0.03153089277022003,0.0028692292869600955,0.0143453632126187,0.011472821729902827,,complexity
