,Avg Cell Entropy,Avg Stable Cell Entropy,Last Cell Entropy,Stable diag LR,Stable diag RL,Initial,Kind
0,0.9996342289994865,0.9995671048752054,0.16866093149667025,0.9915075747127907,0.9916140082136495,10010000001100000000000000000000001000000000000101000000110011000000000000000001000001000010101000000000000001000000000000100000000100000011100000000000000000000000000001000100000000000001000000000000,ensemble
1,0.9998809709132357,0.999855720876405,0.08079313589591118,0.9920979943375761,0.9918282091518915,00001000001000000010000000000000010000001000000000000011000000010010000000000001000000000000000101010000000000000000000100000000010000001000000100000100000000000000000000000000000000000000000011000000,ensemble
2,0.9999029749047034,0.999855720876405,0.11236071009937676,0.9917356659828765,0.9917797006441251,01000000000000000000010000010000000000001000000000001110001000001000000000000010000010000000000000010000010000000000000000000000000000000110000010000000000000000000000000000000000000000100000010000000,ensemble
3,0.999874478027916,0.999855720876405,0.08079313589591118,0.9913152233885553,0.9911001834387866,00100000000100000000000001000010000000000000000110000000000000001000001001000000010010000000010001000000000110001000000000000000001000000100010000000100000001000000000000000100000001000100010000000100,ensemble
4,0.9998997290032924,0.999855720876405,0.08079313589591118,0.9920705773552956,0.991394622200124,00100001000000100000001000000000000100000000100010000000000000000000010000110100010100000000000000000001000100100000100000100000000000000000100000000000000000000010000110000000001000010010100000000000,ensemble
5,0.9998708017203566,0.9998692263145434,0.10627369308465985,0.9963802302291889,0.9962768150249447,,ergodic
6,3.2329527549279646e-05,7.123795442820491e-05,0.014994145603224096,0.004651661015698583,0.004751159741794075,,complexity
