,Avg Cell Entropy,Avg Stable Cell Entropy,Last Cell Entropy,Stable diag LR,Stable diag RL,Initial,Kind
0,0.004087322310041469,0.0,0.0,0.0,0.0,00000000000000001000000100000000010000000010000000000010001000000000000000001000000000100100001000010000000000000000001000000000100001000000000000000000010000000100000000000000000100010000000000000000,ensemble
1,0.003355920681176172,0.0,0.0,0.0,0.0,00000010000110000000000000100000000000000000001000000000000000000000000000000101000000000000010000000010000000000000000000000000000000000010000000000000001000000000000000000000010001000000100000000000,ensemble
2,0.007015444554115131,0.0,0.0,0.0,0.0,00010000000000100000000100000000000000000000000011100001100100000000100000001000000000000000000001000000100000100000000001000000000000001000000101000000000011000000000000000011000000000110000100100010,ensemble
3,0.004718361451189996,0.0,0.0,0.0,0.0,00100000000000000000001000010000001000000001001100001000000000000010001010010000000000001000000000100000000000001000000000101010010000000100000000000000000000000000000000000000000000000000000000000000,ensemble
4,0.004264214527852055,0.0,0.0,0.0,0.0,00000000000000000001000000001000001001000000011000000000000000001000000010100000000000100000000000000000000001010000000001000000000001000000010000001000001000000000001000000000000000000000000000000000,ensemble
5,0.0057989211485726735,0.0,0.0,0.0,0.0,,ergodic
6,0.19153018557099788,0.0,0.0,0.0,0.0,,complexity
