,Avg Cell Entropy,Avg Stable Cell Entropy,Last Cell Entropy,Stable diag LR,Stable diag RL,Initial,Kind
0,0.9459762576570483,0.9380431342201114,0.99819587904281,0.9732079791365517,0.8385700969380212,00011000000000010000010100000000000000010100000100000000000000010000000000000000000000000000010001000000000000010000000010000010000001000010000000000100000000000000000000000100000000000000100000100000,ensemble
1,0.9891578211644847,0.9881784959555688,0.9544340029249649,0.9761295726766849,0.878520884582877,01010000000001001100000000000000000000001000000010100000000001001000000000000110000000000001010000000000100000000001000000000101000000000000001000000000000000000000100000000000000000000000000000000001,ensemble
2,0.9717358139484825,0.9614637295802612,0.9988455359952018,0.968771470862813,0.8317666365595214,00000000010000000001001100000000000000010000000000000000001000000000100000010000000100001000000000000010000000100000000000000010100000000000010000000000000010000001000001000000000000000010000000000001,ensemble
3,0.987460669769752,0.9840421639557259,0.99819587904281,0.9752219636903676,0.8721092813149681,01000000000010000000000001000010100000000000110000001001010000000001000000000110000000000101011000000000000000000000000001100100000100000000000000100001000000000000000000000000001000000001001010000010,ensemble
4,0.9940265416129241,0.9910917942990038,0.8485481782946158,0.9845121960512693,0.8986284492615418,00001000000010000000000100000000000100000000000000000000000000000000000000000000000000000000000000000000000000000000000000000000000000000000000001000000100000000000100000001110000000000100100000000000,ensemble
5,0.9870514743961959,0.9868250854139995,0.9795438195294626,0.9825392632905176,0.9162736460239724,,ergodic
6,0.009503104760970604,0.014451620679952981,0.020315502045576084,0.007094502039171058,0.05713858138316119,,complexity
