,Avg Cell Entropy,Avg Stable Cell Entropy,Last Cell Entropy,Stable diag LR,Stable diag RL,Initial,Kind
0,0.45342013055674485,0.4518725873675528,0.4529425481872832,0.4320586687665193,0.0,10000000000000010001101000000001000000000000000000000000001000001000010000000000010010001100000000000000000000010000000010010000000000100100000000000000000010000000101000000100000000000000000000100000,ensemble
1,0.3660155903663545,0.36325133995681524,0.36592365090022316,0.3283093852721714,0.0,00000000100000000000000010000001000001000001000000000010100000000000000010000000010000010000000000000000000100000000010000000000000000000000000100000010000000000000000000000000010000000000000000000000,ensemble
2,0.46954341870425703,0.4676915244236868,0.4689955935892812,0.4528544609455288,0.0,00001000001000000000000000001010000100000000101000000000101000000000001010000000000001000000000000000100010000010000000000001010000001000000000000000000001010100001000000010001000000100100000000001000,ensemble
3,0.2424045533066812,0.23996487351998938,0.24229218908241482,0.2544258267862967,0.0,00000000000000000000000100000000000000000000000000000000010000000000000000000000000000000000001000001000000100010000000000000000000000000000000000000000000000000010100000000000000000000000000000000100,ensemble
4,0.38457710711743615,0.38114352943719754,0.38431154412649704,0.3604084885932075,0.0,00010000000100000000000000000000100000000000000000000010000000000000001000000000000000000000000000101000000000000000011000000010000000100000000100000000010000010001000000000000000000000001000000010000,ensemble
5,0.3882487980196586,0.38783769391959927,0.3879256793719374,0.384401803139211,0.10268989679805203,,ergodic
6,0.013024220641908557,0.01818524369633112,0.012973037007875665,0.04888228128227934,1.0,,complexity
