,Avg Cell Entropy,Avg Stable Cell Entropy,Last Cell Entropy,Stable diag LR,Stable diag RL,Initial,Kind
0,0.993152478587871,0.9930179849848679,0.99819587904281,0.971963129469034,0.9769549952137941,11000000000000000001000000000000000000001100000000011000100100000000010010000100000000000000000010000010100000000100000001000000000100100000000100100000000000000000001000000010100000001000000000000100,ensemble
1,0.9981279729211309,0.9979702361576847,0.8414646362081757,0.9883713899240475,0.9886622105925322,00000000000000000000001000000011000000000000000000000100000000000001000000001000000000000000000000000000000000000000000000100000000000100000000000000100000001000000000000000000000000000010001000000000,ensemble
2,0.996364490654741,0.9963319954960863,0.9580420222262995,0.9842184969529562,0.9878755815867996,01000001000000000000000100000000010101000100000000000000000000000010010000000000000000001100000000000000000000010000000000001000100000100001000000000000000000000010000000000101000000000000000000000000,ensemble
3,0.9957398406486084,0.9956434583091539,0.9709505944546686,0.9725533979948636,0.980405441842595,10000010000000000000000010010000000000000000000000100001000000000000000010000000000001000100001000011000010000000000000101100001010100000100000000001000000000000000100000000000000000000000000000000001,ensemble
4,0.9966385390677922,0.9964117939638484,0.9506720926870659,0.9685483711334962,0.9829029806236157,00000000000010000000000000000000010100111000010100000000000000010000000010011001000001010001000000100000100000000110000000000000000000000000000000000000000000000000100000100000000000000000000000010001,ensemble
5,0.9962436835654378,0.9962877013059613,0.9573326906403246,0.987205068419569,0.9897976454152283,,ergodic
6,0.0002399204063745497,0.0004141449534027508,0.014067884496363092,0.010204679500701253,0.006503757079216355,,complexity
