,Avg Cell Entropy,Avg Stable Cell Entropy,Last Cell Entropy,Stable diag LR,Stable diag RL,Initial,Kind
0,0.0006812203850069115,0.0,0.48464773973144537,0.5017030215104903,0.5017030215104903,11000100000000100000000000000000110001000010010000100000010000000000000000000001001000000000000010000000000000010000100000000010000000000000000000000000000000001000001000001001101000000000000000000100,ensemble
1,0.00045414692333794104,0.0,0.4021791902022729,0.3245107194836353,0.3245107194836353,00000000000000000001100000000000100000000000100000001100100000001000000000000001000000001000000000000010001010000000000000100000000000001000000000001000001000000000000000000000000100000000000000000000,ensemble
2,0.00045414692333794104,0.0,0.5148156530047155,0.5088000449846624,0.5088000449846624,00001000000000000010000000100000000000010100000000001110000000010000000010000010000001000001000000000010000000100100010000000100000010000000000000000000000010000010000000000000000000010010000100000100,ensemble
3,0.00022707346166897052,0.0,0.38431154412649704,0.38265946798545797,0.382659467985458,10001000000000000000000000000000000000010000000000100100000000000000000000000000000000000000000000000000000000000000000000100100010000000010000000000000100100010000000010000001100000000100000000000000,ensemble
4,0.0011353673083448527,0.0,0.5148156530047155,0.5162215587139686,0.5162215587139686,00000001000010010000000000000000100100100001100000010000000000000101000001000000001100000000000001000000010010000000000010000000000001000000000011000000000000000100000000110000000000000001000100000011,ensemble
5,0.32116048402836334,0.3206413748224036,0.462623491762443,0.4665753844013317,0.481285894281162,,ergodic
6,0.9981616947610304,1.0,0.005338111428595194,0.04242920335604472,0.07169736772995994,,complexity
