,Avg Cell Entropy,Avg Stable Cell Entropy,Last Cell Entropy,Stable diag LR,Stable diag RL,Initial,Kind
0,0.09097773224110921,0.0,0.9974015885677396,0.9890964897542128,0.989096489754213,00000100000010001000010100000000000000000000101000000000000000001000000000000000000100000000000000000001000000001000000100001010000000000000010000000001000000001011000000000000000000000010000001000100,ensemble
1,0.1258277057500701,0.0,0.9988455359952018,0.9910753741362631,0.991075374136263,00000000000000000000001100010000001000001000000001000001000000000000000010000000100000000000000000000000010000001000100000000000000000000000100010000010000000000001000000000000010010000000000000000000,ensemble
2,0.12295308810991937,0.0,0.99819587904281,0.9829295947996304,0.9829295947996304,01100000000001000100000000000000000100010000000100000000100000000000000000000000000000000100001000000000000000000010000000000000000010100100000000000000000000000000000000100000000000010000000001001000,ensemble
3,0.1011350044302635,0.0,0.9974015885677396,0.9877320343063144,0.9877320343063146,01000000000010100010010000000011000000000000000000000001100111000000000000000000000000000000000010001000000000001001000000100000000010000000100010000001000100000000000000000101000000001000000000000000,ensemble
4,0.16458591645153775,0.0,0.9993506898146105,0.9908506918523001,0.9908506918523001,00000110000000000000000000000000000000001000001000000000000000000010000000000000000001000000000000000010000000000000000000000000000000000000001000000011000000000000000000000010010100000000000000000000,ensemble
5,0.8457821102654682,0.8284029999917227,0.9983373765218819,0.9946821697458448,0.9946578005591021,,ergodic
6,0.8568237753827977,1.0,9.848386584920821e-05,0.0063792565797393674,0.006354912800970225,,complexity
