,Avg Cell Entropy,Avg Stable Cell Entropy,Last Cell Entropy,Stable diag LR,Stable diag RL,Initial,Kind
0,0.9999502253977787,0.9999278604382025,0.14144054254182067,0.9921488791594587,0.9921114207272268,00000000000000010000000000000000000000000000001000000000000000000000010001000000101000000000000000000000010000001000000010000100000001000001000000010000000000000000000000000000000000000010000000010011,ensemble
1,0.9999523896929431,0.9999278604382025,0.11236071009937676,0.9920692131940134,0.9913433361299733,01000000000000000000000010000000000000000000000001000100000000000001000000000000000001010000000011000000000010000000000000010000000001000010000000000000010000000000000000000000000000000000000100000000,ensemble
2,0.999947339959692,0.9999278604382025,0.11236071009937676,0.9921303676747516,0.992126081583337,10000000010000000100000010000000000001000000101000000000000000001000001100000000100100000000000000000000000000100001000000000000000000000000000000100100010000000000000000000000000000010100000000000000,ensemble
3,0.9999466185279994,0.9999278604382025,0.16866093149667025,0.9921469887995992,0.9920261751524362,00000100000010000000000000000000000100000001010110010000000000000001000000000000000000010010000001000000000000001000000000001000010000000000000000000100000000010100001000000000000010000000000000000000,ensemble
4,0.9999516682612506,0.9999278604382025,0.11236071009937676,0.9921555202850082,0.9920250482274346,00000000000000100000000010000000100001000000100000000010000010000000000001000000010000000000000010000100000000000000000001000000000010010000000100000000000000000000000000100001100100000000000000000000,ensemble
5,0.9999779842822923,0.9999763395849578,0.13005884617909685,0.9966027945872555,0.9965754435878604,,ergodic
6,2.8336538208884043e-05,4.848029381931962e-05,0.004783414047176082,0.004487846902478054,0.004665006802737737,,complexity
