,Avg Cell Entropy,Avg Stable Cell Entropy,Last Cell Entropy,Stable diag LR,Stable diag RL,Initial,Kind
0,0.17214363966450288,0.04,0.9988455359952018,0.9921952426870889,0.9902776676650558,10000100000001000000000000000000010000001000000000000100000000000000000000000000000000000000000100000001000000010000100000000000100000000000000000000000000000000010000001000000010000010000100100000000,ensemble
1,0.14113810707519645,0.04,0.9993506898146105,0.9919438547211418,0.9919704381046965,00000000000000100011000000000000000000000000000100100000100001000000001000000000000000100000000000000000100000000000100001100001000000000010000000001000001000100000000001000000101000000000000000100000,ensemble
2,0.19225935631244032,0.08,0.99819587904281,0.9912773178656399,0.9909621945669058,00000000110000100000000000000000010100000000000000000010000000000000000000000000000000000000001000010000000001000000000000000000001001000100100011101000000000000001010010000001000010000001000010000000,ensemble
3,0.12461838765073073,0.04,0.9988455359952018,0.9921952426870889,0.9914805138200377,00000000001000000000000100000000000000010001000001000000010000010000001000000000001000000000000101000100000000000010000000000000000000100000001000000000000100000000100000000010000000010100010000001000,ensemble
4,0.12832868885109683,0.03,0.9999278640456615,0.9919531583152048,0.9920375099804701,10000010001000000000000000100101000000010000000100000000010000000001000100000010000000010000001000000000000010000000000000000000000000110000000100000000000000000000000011000000010000000110000000000000,ensemble
5,0.8687904444856271,0.858008370229124,0.9991659615315874,0.9966241835541926,0.9959113781796186,,ergodic
6,0.8253921450521857,0.9463874694046213,0.00013297145620005946,0.004727178385495745,0.00458445746501146,,complexity
