,Avg Cell Entropy,Avg Stable Cell Entropy,Last Cell Entropy,Stable diag LR,Stable diag RL,Initial,Kind
0,0.7804541469233379,0.78,0.499915958164528,0.9921952426870889,0.9921568216663295,00000000000010000010000000100000000000000001010000000000000001000100000100100001010000001000000000000110100000000000101000000000010010000000000000000000000000000000000000000010001000001000000000000000,ensemble
1,0.8109082938466758,0.81,0.4689955935892812,0.9920100997420161,0.9919217946213188,00000010000000000000000000100000000000000010001000000000000000000001000000000000000000001100000100100000000010000001001000010100000000000000000000011100000000000000000000010000010001000000000000000000,ensemble
2,0.7913624407700138,0.79,0.5148156530047155,0.992064210407814,0.9881066696101393,00000000000000000000001000000111000000010000010100000000000000000100000011100000000000000000000001000000000000000011000000010000100000000000000000000100100010000000000010000000001000000000000000010100,ensemble
3,0.8904541469233379,0.89,0.3072683598607598,0.9921952426870889,0.9920317758691186,00000000000001100000001000000000000000000000000000000010000000000000000000100000000000000001000000000000000000010000000000000010000000000000000000000000000000000010000000000000000000000000000100100000,ensemble
4,0.9,0.9,0.28639695711595625,0.9921952426870889,0.9921441284409905,00000000000000000100000000100000000010000000000000000000000000000000000000000000000000000000000100000000000100001000000000000000000000000000000000000010000000000010000100000000000010000000000000000000,ensemble
5,0.9712860123051437,0.9712383836581374,0.4229754912346309,0.9966322685781964,0.9966133822380661,,ergodic
6,0.14068997687731521,0.14130247112066718,0.017724400214536362,0.0045154678188346065,0.00535929407699931,,complexity
