,Avg Cell Entropy,Avg Stable Cell Entropy,Last Cell Entropy,Stable diag LR,Stable diag RL,Initial,Kind
0,0.002724881540027646,0.0,0.08079313589591118,0.0473719062991039,0.0473719062991039,00100000000000000000000000000000000000000000000000000000000000010000000001000000000100100000000000011000000000100010000000000000000010000000000001000000000000010000000000000000000000000000100000000100,ensemble
1,0.003406101925034558,0.0,0.14144054254182067,0.09233836763909613,0.09233836763909613,00000000000000000000010000010000010000010000000100000000100000000000000100000000000000000000100000000000000000000000000000000000000000000000000001100011001000000000010000000000000001000000000101001010,ensemble
2,0.002951955001696617,0.0,0.14144054254182067,0.09200297185954079,0.09200297185954079,00010000000001000000001000000000000000000000001001000000000000000000000100000000100001000000000000000000000000000000000011000000000000010000000000001100000000100000000000000000000000000001010000000001,ensemble
3,0.002951955001696617,0.0,0.08079313589591118,0.07307000673949911,0.07307000673949911,00000000000001001000000000000100000000010000000000000000000000000000000000010000000000000001000000100100000000001000000010000000000000000000000010000000000000000000000001000000000110000000000000000010,ensemble
4,0.0034061019250345576,0.0,0.14144054254182067,0.13403778198636807,0.13403778198636807,00000000000000000000001000000001000000000000000000000000000010100011000001001000000000100000000000001000000010100100000000000000000000000000000010100000000000000000000000000100000000000001100100000000,ensemble
5,0.06125044519858007,0.05775424759098899,0.11835001140827504,0.09485942563346209,0.11476100401907667,,ergodic
6,0.9495807896793934,1.0,0.009872677754017345,0.07479719259693274,0.23524364696101308,,complexity
