,Avg Cell Entropy,Avg Stable Cell Entropy,Last Cell Entropy,Stable diag LR,Stable diag RL,Initial,Kind
0,0.6927806430226081,0.6304941531776492,0.9912540071703689,0.9561684767269197,0.9531055238066797,00000000000000000000000100000000000000000010000100000000000000000000000000000000000000000000000000000000000000100000100001001000000000010000000000000010010000000000000000010000000000100000010000001000,ensemble
1,0.7210159170124802,0.6926432126033695,0.9384543826025638,0.9553002214790496,0.9576670271784454,00000000100000000000000000000000010001010000000000000000000000010010010000000110000000000000000000000010000011100001010100000000000000100000000000000000000000000000100000000000000000000000000111000000,ensemble
2,0.629658310845384,0.5612414460887558,0.9912540071703689,0.9574873160696031,0.9442074748541053,00000000000000000000000000100011000000000000000110000000000100000000000000000001100000010000010100000000000000000010000000000000000000000000000000000100011000000000100000000000000000001000000110001000,ensemble
3,0.6969357440074846,0.6730838706548724,0.9580420222262995,0.9526162635047977,0.954772215961834,00000001000000000110000000010000000000001010000000000000000000000100000000000000000000000001000000100001000000000000000000000000000000000000000001000000000000000001010000000000000000100000010000000100,ensemble
4,0.6755617417807176,0.6276244607515473,0.9738003694382253,0.9554326842646246,0.9647115040556999,01000000000010000000000000001000000010100000000000000000000000000000010000000000000001000100000000000010000000000000000001001000000000000000000010001001000000110000001000001001000001000000000000000000,ensemble
5,0.9213177403983479,0.9145397907395852,0.9743523445292506,0.9609797824341192,0.9663442934846328,,ergodic
6,0.25846378358204025,0.3034557543525962,0.0038911866215265434,0.005805314666443295,0.011850377127996192,,complexity
