,Avg Cell Entropy,Avg Stable Cell Entropy,Last Cell Entropy,Stable diag LR,Stable diag RL,Initial,Kind
0,0.4849531041001071,0.48226486663753193,0.48464773973144537,0.44381551252835105,0.0,00000000000000000000000000001000000001010100100100000010000000000010000001010000000000000000000000000010000100000001000000000001000000000100000100000000000001000100100001001000001000100000000101000000,ensemble
1,0.38396208232086915,0.37847670004411393,0.38431154412649704,0.35149339659259254,0.006688963210702341,00000001000000000000000000000100000010000001100000100000000000000000000000001000000000000000001000000000000000010000000000000000000000000000000000000000000001000000000100000010000001000000010000000000,ensemble
2,0.43424485973683874,0.42627924955066077,0.4364698170641029,0.40527861191085857,0.026753920369217137,00000000000000000000000000000000000000000000100000100010000000000000000000001100000000000000010011000000000000000000000000010000000000000001000000110000010000000000001000000000000000001000000000000000,ensemble
3,0.4688714850515298,0.4665778819196942,0.4689955935892812,0.4351000042516342,0.006688963210702341,00001000000000010000100000000000001101000000000001000000100000000010000100000100000000000000010000000100000000000101000000000100000000000000000010010000001000000000000000000001000000000000100000000000,ensemble
4,0.4687168832286535,0.4635734993907367,0.4689955935892812,0.42679402516598175,0.006688963210702341,00000000010000010010010000001000010000100000001000000010000000000110000000000000000001000010000000000000000001000000000010000000000000010000000010000000001000000000000000010000000000000000000000000000,ensemble
5,0.44964723384502364,0.4490969789255824,0.4496822131225001,0.4374914436133397,0.12915372680321707,,ergodic
6,0.003330501879480252,0.012608723021432788,0.002219690868908497,0.05713285114107758,0.9274959985124364,,complexity
