,Avg Cell Entropy,Avg Stable Cell Entropy,Last Cell Entropy,Stable diag LR,Stable diag RL,Initial,Kind
0,0.9966327741540368,0.9921855815808275,0.9988455359952018,0.9831894971181765,0.9666834799830376,00000001000000000000000000100100000000000000000000000000100000000000000010010100000000100000000000000000000010000000000000000000000000000000000100000010000000000000000100000000000000000001000000001000,ensemble
1,0.9962453416659725,0.9930963382228196,0.9993506898146105,0.9823920275616355,0.9713359515444963,00000000100010000000000000010000000000000100001000100100010000000001100001010000000010000000001000000000001000000000000000000000000000000000010001100000000000000000000000100000000100000000110000000000,ensemble
2,0.9973230319579575,0.9934182756868688,0.994149171480893,0.9858956018488307,0.9702526918546133,00000000000000000000100000000000000101000000001000000000000100000000001000000000000000000000000000010010000000000100000000010001001000001000000000000010000000010000000000000000000100000000010000000000,ensemble
3,0.996194676995572,0.9928836617249062,1.0,0.9825034853246607,0.9738494818303304,00100000110000100000000000000000000000000000000000000100010100000110000110010000000110000000000000000000000000100010010000000000000000000000000000000000000000000110000100000000000100000010000000000000,ensemble
4,0.9964333278729484,0.9905142305864628,0.9993506898146105,0.9866666658962482,0.971317619518808,00000000000001000001100000000000100100000000000000000000000011000000000000000000000011001001001000000000000000010100000000100001000000110000000001000100000001000000000000001001000010000000000000000000,ensemble
5,0.9993379623594675,0.9988735654875466,0.9995123141215678,0.9919163331193784,0.9848220283137632,,ergodic
6,0.002773968301599261,0.006461226075213489,0.0011736690823419549,0.007850337079317926,0.014352017888660473,,complexity
