,Avg Cell Entropy,Avg Stable Cell Entropy,Last Cell Entropy,Stable diag LR,Stable diag RL,Initial,Kind
0,0.0,0.0,0.4689955935892812,0.43047510589480054,0.43047510589480065,00000000000000000000000000000010100000000100100000010010000000000000000010000000000100000000000000000000000001000100100000000000000000011000000110000100000000000001000000000000000100000000000000000011,ensemble
1,0.00022707346166897052,0.0,0.5709929600768897,0.540229748722004,0.540229748722004,00000000100001000000000000000000001010001000000011000000000000100000000000010000001000000001101001000000010000111000000010000000000100010000000110000000010000000000000000001000100000000000000000001001,ensemble
2,0.0,0.0,0.38431154412649704,0.37370632761058575,0.3737063276105858,00000100000000000100100000000000000000000100000000000011010100000000010000000000000000000000000000100000000000001000100000000000000000000000000000000000000000100000000000000001000000000000000000100000,ensemble
3,0.0,0.0,0.36592365090022316,0.325910803015857,0.325910803015857,01000000000000000000000000000000000000100001000000100000000001000000100000000000001000000000000010001000000000010000000000000001000000000000000000001000000000000001000000001000000000000000000000000000,ensemble
4,0.00022707346166897052,0.0,0.5709929600768897,0.5040310822809463,0.5040310822809462,00010000000000000000000010010000000000010010111000000000000010000000001100110000000010100001000110010001000000000010011000001000000000000000000000000000000000000000000100000001000000000011000000000000,ensemble
5,0.33402753751606595,0.33396052124138714,0.4784338654596383,0.48741868767308183,0.4391733974047301,,ergodic
6,0.9997280781538461,1.0,0.01293914196423962,0.10780890330468362,0.009797460240803302,,complexity
