,Avg Cell Entropy,Avg Stable Cell Entropy,Last Cell Entropy,Stable diag LR,Stable diag RL,Initial,Kind
0,0.09648371685756509,0.0,0.9999278640456615,0.9920575312565395,0.9920575312565395,00000000000000100000001000000000000000000000000000000000010000000000000001101100000000001001000000000000000000000010000000000000000000000000000000000000001000000000000100010010000000000000000000000010,ensemble
1,0.08125238866644413,0.0,1.0,0.9919581694048688,0.9919581694048688,00000000000100000001000000101000000000000010000000000000000000100000000000000000001000001000000000000000010000000000000010000000000000001000001000110000000000010000000010000000000000000000000000000000,ensemble
2,0.056911384411129216,0.0,0.9999278640456615,0.991743471330664,0.991743471330664,00000000000000000000000011000000000000001000000000001000100000001000000100000000000110000001001100000000010000000000000000100000010000001000000010000100000000000000100001010000000100000001001000000000,ensemble
3,0.07611306609869883,0.0,1.0,0.9921633951213455,0.9921633951213455,00000000101000100000000010000000000000001000000100001000001000000000100000000001000000000100000000000000000100000000000000000100000000000000000000000000000000000100000100000000000000000000000000010000,ensemble
4,0.10270948941678223,0.0,1.0,0.9917552736065477,0.9917552736065475,00100000000000000001000000100000000000000000000000000000000000000000000000000000000000110000010000000000000001000010011000000101000000000000000010000000000000000001001000000000100000001000000000000000,ensemble
5,0.8117098341313865,0.7985203000436459,0.9999884584088952,0.9964732788716674,0.9965170279674729,,ergodic
6,0.8981236821177422,1.0,1.7312990450157884e-05,0.00455377060668638,0.0045974726922874964,,complexity
