,Avg Cell Entropy,Avg Stable Cell Entropy,Last Cell Entropy,Stable diag LR,Stable diag RL,Initial,Kind
0,0.14064103431566213,0.0,0.99819587904281,0.9900421133675399,0.9900421133675399,00011000010000000000000000000000000000000000000000010010000100001000100000000011000010000000000000000100010100000000000000000010000000000000000101010000000001000000010000000000110000000000000000001000,ensemble
1,0.15979476106821516,0.0,0.9993506898146105,0.9916488729425877,0.9916488729425877,00000000000000010000001100100000000010000010010000000100000000000000000000000010000010000000000000000000000000000001000000000000000001001000000010100000001000000000000000000000000000000001000000000000,ensemble
2,0.12093899837320073,0.0,0.9974015885677396,0.9834296793105214,0.9834296793105216,00000100101000010000000001000000000000000100011001000000000000000000000000000000000110000000000000101000000000000000001000100000010000100000000001000000010000000000100000000001000000000001000000100010,ensemble
3,0.23288241870003276,0.0,0.9997114417528099,0.9916492345959361,0.9916492345959362,00000100000000000000000000000000000000000000000000000000000000000100010100001000000000000000000000000000000000000000000000001000000000110000000000000000010000000000000000000000000010000000000000000000,ensemble
4,0.21390671656060917,0.0,0.9993506898146105,0.9915806928640848,0.9915806928640848,00000000000000000000000000000000000000000000000000000000001000110001000000000000000000000000001000000100000000001000000000001000000100000000000100000000000000000000000000000000000000100000000000100000,ensemble
5,0.8789604504030605,0.8598960458019631,0.9989581233509568,0.9957281016132,0.995273311657471,,ergodic
6,0.8024566569247547,1.0,0.0001562283230824857,0.006083973111988383,0.005629803367283803,,complexity
