,Avg Cell Entropy,Avg Stable Cell Entropy,Last Cell Entropy,Stable diag LR,Stable diag RL,Initial,Kind
0,0.14861309045075036,0.0,0.99819587904281,0.9895683688470148,0.9895683688470148,00000000000100000010000000000001010000010000000000000000010000000100001110000100100000010010000000000001000010000000000000001000000000000000000000000000000000000000000000000010000000000000100000000000,ensemble
1,0.20736338056966006,0.0,0.9988455359952018,0.9903753365791855,0.9903753365791855,00010100000000000000000000000000000000100000000000000001000000000000100000000000000000000000000001000000000100010000001011000000000000000000000000000000000000000000000000000000000000001000001001000100,ensemble
2,0.12827527896372504,0.0,0.9993506898146105,0.9911436521635082,0.9911436521635082,00000000000000000000100000000000000000000000000000000010000010000000000000001000000000011000000001000000000000010000000000000000000010000000000101000000001000000000000010000000000000000110001100010010,ensemble
3,0.13087214477046535,0.0,0.9993506898146105,0.99157138517386,0.9915713851738599,00011000100000001000000000100000000000100000001000000000000000000100000000000000000000010001000000000000000001001000000000010000000000000000000000000000000000001000010000010000000000000010000000000000,ensemble
4,0.22507233761436837,0.0,0.9988455359952018,0.9902084350780083,0.9902084350780085,00000000000100000000100000010000000000000000000010000000000000000000001000000000000000000000000000000000000000000000000000000000000000000000000101000000000000100000100000000000000100100010000000000000,ensemble
5,0.8638756252103483,0.8520482797577256,0.9989581233509568,0.9951103733523814,0.9950440194034078,,ergodic
6,0.8054821301007569,1.0,4.049941386352618e-05,0.00455923072008757,0.004492850314072316,,complexity
