,Avg Cell Entropy,Avg Stable Cell Entropy,Last Cell Entropy,Stable diag LR,Stable diag RL,Initial,Kind
0,0.005172508374527937,0.0,0.0,0.0,0.0,00000000100000000000010000100000000010011000000000000001000000100000000100100010000010000001000000000001000000000000000000000000000000000000000000000000010000000010000000100000000010000010000010000101,ensemble
1,0.005122327130669552,0.0,0.0,0.0,0.0,00000000000000000110000001000000000000010000000101001000001000000100000001000000000000000000000100000000000001001000101010000000000000000000011000010000000000000000000000000000000000010000000000000010,ensemble
2,0.002724881540027646,0.0,0.0,0.0,0.0,01000000000000000000000000000000000000000100000001000000000000000010000000000000000010000001000100000000001001000010000000000010000000000000000000000000000000010000000000000000000000000000000000000000,ensemble
3,0.004037141066183084,0.0,0.0,0.0,0.0,00001010000000000100000000000000000000000000000100000000000000010000000000000000000000001000000001000001010000000000001000000000010000000000000000000001000110000000000100000000000000000000000010000001,ensemble
4,0.005021964642952781,0.0,0.0,0.0,0.0,00000000000000000000000000000000000000000100000000000100000011000100000000001000000000000000000000000000000000000110001000000000001000000000100000000000000000000001001100001100010000000010000100000000,ensemble
5,0.005375307345589222,0.0,0.0,0.0,0.0,,ergodic
6,0.17850938244571046,0.0,0.0,0.0,0.0,,complexity
