,Avg Cell Entropy,Avg Stable Cell Entropy,Last Cell Entropy,Stable diag LR,Stable diag RL,Initial,Kind
0,0.45318334386831316,0.4515492576080554,0.4529425481872832,0.0,0.41058841979996996,00010000000110000000000000000000000000100100000100000000001011000000000000000000000000000000001000000000010101000000000000010001000001000001000000000001000000000100010000001000010000000000000000000000,ensemble
1,0.40235296326263564,0.39597626867649544,0.4021791902022729,0.0,0.38435390576958955,00000000000000000100000000000000001000100000000000000000100001000000000001101000000000100001000000000010000001101000000000000000000000000000001001100000000000000000000000000000000000000000000000001000,ensemble
2,0.45302281341429324,0.4465329340675843,0.4529425481872832,0.0,0.448131129139836,01000001000010000010000000000010000000000000001001001000000000000000100000110000000000000000001000000000000000000001000000000000000000000101000000000000000000100000000000000000000001000001000010000010,ensemble
3,0.46923037578141374,0.466778385071032,0.4689955935892812,0.0,0.45738484378202726,00000000000000000000000000010000000000010000010000000000000010000000000010000000000011000000000110100000001010010000000000001000000010000001010000001000000000001000000000000000001000100100000000000100,ensemble
4,0.43655218071971885,0.4340578102817452,0.4364698170641029,0.0,0.4239590046639516,00000000000000000000000010000000001100000000000000000010000000000100000000000000000010000000000010000001010010001100000100000000000000000000000000000100000000000001000100100000000000000000001100000000,ensemble
5,0.4432752772109401,0.4428629461448321,0.44311055824469103,0.12829634077734026,0.4211419297174714,,ergodic
6,0.0009180340582619628,0.008770241533323953,0.0009131328313395359,1.0,-0.008884251720348901,,complexity
