,Avg Cell Entropy,Avg Stable Cell Entropy,Last Cell Entropy,Stable diag LR,Stable diag RL,Initial,Kind
0,0.9999220926642701,0.999792225356141,0.6461380758647463,0.9837970187353468,0.9921952426870889,00000000000000000000000000001000000000000000000000000000000000000000001000010000000011100000000000000000000010000000001010000000000010100000000000110000010000000100000000000000000000000000011001100101,ensemble
1,0.9999927864045662,0.9999451739330338,0.7014714598838974,0.9863832264402919,0.9921952426870889,00000100001000000000011000000000000010000010000000000001001000010000000000100000100000000000000000000000000000000000000010100000000000000100000000110100000000000000000010000000001001000000100000000000,ensemble
2,0.9999902615740152,0.9999567162629215,0.7014714598838974,0.9475560627742347,0.9921952426870889,00000000000100000001000000010011000000000000000000010000100000000000010000010000000010010010001000000000000010000000000000000000000000000000010000000000000000000000000010000000100000000000100010110000,ensemble
3,0.9999917042931018,0.9999567162629215,0.7014714598838974,0.9866121318702336,0.9921952426870889,00000001000100010000000000010000000100000000010000000100000000000000001000000000000010000000000010000010000000000000000000000000000000010000000011000000000000001000010010010000010000001000000000000000,ensemble
4,0.9999938684438812,0.9999682585928091,0.6577047787442195,0.9697623424795818,0.9921952426870889,10000000100100000000100000000010000000000010000000001000100000001000001011000000000010100000000100000000000000000000000000000000000000000000001000000000100010000000000000000000000000000000000000000000,ensemble
5,0.999994618726482,0.9999819949609033,0.6822597925960409,0.9861371658800002,0.9966524031972451,,ergodic
6,1.6476139177767912e-05,5.81779268338245e-05,0.0008916628980795149,0.011474072584989115,0.004472131402942114,,complexity
