,Avg Cell Entropy,Avg Stable Cell Entropy,Last Cell Entropy,Stable diag LR,Stable diag RL,Initial,Kind
0,0.6794741557531087,0.6834534068948457,0.8414646362081757,0.40106143599206096,0.4929160838453818,00000000000000000000000000100000000000000000000000001000000000000000000000000000000000000000100000000000000000000000001000000100000001001000000000000000000000000000000000001000000000000000000000000000,ensemble
1,0.7734008101686086,0.7724517406418849,0.9149263727797274,0.3962824871560686,0.7311028881998973,00001000000000100000010000000010000000000000011000100000000000000000000000000000000000000000000010010000000000000000000010000010000100000010100000000000100000000000000000010000000000000000000000000001,ensemble
2,0.8025779056859954,0.8012107746829658,0.934068055375491,0.4103426578736492,0.7416782765720994,00000000000000010010100001000000000000000100000000000000000000000011000010100100100000000000000000010010000100000000000000000000000001000000010000000000000100000000000000100010000001000010000000000000,ensemble
3,0.848788989071674,0.849549801966574,0.9858150371789198,0.4032454776204966,0.8105073006879205,00000001000000000010100001100000000000000110100000000001001001011000000000000000000100000010010000000000110000010000000000100000000010000000000000000000000000000000000000011000000000011000000010000000,ensemble
4,0.735469370851211,0.7324860132987598,0.8485481782946158,0.4116640123695807,0.6516496514103923,00000000000000001000000000000000001000000000000000000000000001000000000000000000000001000000000000000000000000100000001000000000100000001000000010010000100010000101000100000000000100000000000000000000,ensemble
5,0.7744693721163182,0.7767742767696548,0.9159448069797607,0.5523789336953644,0.691177518844313,,ergodic
6,0.008427868222035229,0.011514193428036279,0.011988005094522358,0.26767805662649957,0.008111778158741867,,complexity
