,Avg Cell Entropy,Avg Stable Cell Entropy,Last Cell Entropy,Stable diag LR,Stable diag RL,Initial,Kind
0,0.999823259696866,0.9997835813146075,0.499915958164528,0.9864402105860964,0.9911695645063293,00000000000000100010000000000100000000100001000000000001010000000100000000000000000001000100000000000000000010000100000001110100000000000100000000000000000000000001100000000000000000000000000001010000,ensemble
1,0.999918124609588,0.999855720876405,0.4689955935892812,0.990249590722074,0.9914449048118181,00101100100100000000010000000010000010000000000000001000000000000001000000000100000001010100000000000000000000000000000000000010000000000000000000000000000000000000000000000000110000000000100000000010,ensemble
2,0.9999635713430589,0.9999278604382025,0.4364698170641029,0.9861257136262156,0.9878835532382463,00100010000000000000000000000110000000000000010000000100001100100000001000000000000100000000000000100000000000000000000000000000001001000000100000000000100000000000000000000000000010110000000001000000,ensemble
3,0.9996804094355568,0.9995901987756219,0.5293608652873644,0.9863465535353134,0.9913495504245254,10100000100000000000001000000000000010000000001000000000010001010000000000000000000000010000000000000000000000000000010100000011100010000000000001100000010000110000000000000100000000000000000010010000,ensemble
4,0.9999008103211157,0.999855720876405,0.4689955935892812,0.9845959257663532,0.991603225282098,00000000110000110001000000000000000000000010001000000000000000000000000000000101000100000000110000000000100000000000000100001000000000010000101000000000001000000000000001000000000000000010000000000000,ensemble
5,0.9998935981968079,0.9998826180791501,0.4815485438118001,0.9924866690754924,0.9961104713377308,,ergodic
6,3.6366985083691183e-05,8.001101474841565e-05,0.0016633385837868664,0.005778485905129749,0.005441476463798223,,complexity
