,Avg Cell Entropy,Avg Stable Cell Entropy,Last Cell Entropy,Stable diag LR,Stable diag RL,Initial,Kind
0,0.6566534860503503,0.6439334331220562,0.6577047787442195,0.0,0.6293101925952702,00000100000000000010001001000000000000010000000001010000011000000000000000100000010000000010000000000000000000000000000000000000000100000000000000000000000000010001000000000000000001000000000100000111,ensemble
1,0.7399625453885804,0.7221219089586461,0.7414827399312737,0.0,0.6785520838448416,00000010000000100101000010000000000000000000000001000000000000000100001000000000000000000000000000000000000000000000000000100100000000110000100001010001000000000001000001000000010001000000000000101000,ensemble
2,0.825277957377642,0.8192429053212442,0.8267463724926178,0.0,0.8318443034260823,00010010000000000010010000000100000100000100000001100000100000000000010010001001000001000000000100000000100100100100000011010000000000000000000000000001000000000000010001000000000000010000000000000010,ensemble
3,0.6788479825277862,0.6689828705251909,0.6800770457282799,0.0,0.6904312815038928,10000000100000000000000000000000000100000000000000000000000000000000000000001000000000000010010000100000000000000000100000110000010000000001000001000000000000110000000000001000101000000010000000000100,ensemble
4,0.6998611867723626,0.6916500878357361,0.7014714598838974,0.0,0.6862227652372028,00000000000000000001100000000000000000000000000000000010000000010000010000000000000000000000100000000000000100011001010000001000000100000000010000000000000000000000000001001010000010000010010000001000,ensemble
5,0.7245248088340478,0.7247956587865062,0.7259101060407926,0.23254968814179977,0.6800248892223903,,ergodic
6,0.0060787113940115045,0.021536301224631682,0.0060801284456659666,1.0,-0.03418586064644025,,complexity
