,Avg Cell Entropy,Avg Stable Cell Entropy,Last Cell Entropy,Stable diag LR,Stable diag RL,Initial,Kind
0,0.9999278640456615,0.999763363756021,0.4529425481872832,0.9839683286889688,0.9921952426870889,00000000001000000001100000000000000010000000000000000010000000000000000000000000010000110001000000100000000000000100000000000000100000000000000000110010100000000000000000000000000000010000000101000000,ensemble
1,0.9981958790428104,0.996513648453478,0.48464773973144537,0.981189959715096,0.9921952426870889,00000001000000001000000000000000000010000000010000000000000000010000000100000001000100000000000010000000100000000000010000000000000000010100000100000100000000001000100010000000000000000010010000010000,ensemble
2,0.9997114417528098,0.9992523601467045,0.4021791902022729,0.9874867915111167,0.9921952426870889,00000000000010000001000000000100100100000100001000000000010000000000000000001000000000000001100000000000000000000000000000000000000100000000100000000000100000010000000000000000000000000000010000000000,ensemble
3,0.9999278640456615,0.9974240364807535,0.38431154412649704,0.9866608101823541,0.9921952426870889,01100000001000000000000000000000000000110000100000000000000000000000000000000010100000000000000000000000000000000000000000000000000010000010000000000000000000010000000100000000000000000101010000000000,ensemble
4,0.9974015885677397,0.9957090474261184,0.5574381850279891,0.9781491898959556,0.9921952426870889,10000000000000000010001001000110000000000000000100000000010000000000101000000000110000000000000000000000100000001100000000100010000000100010000000000000000000000000100000000000000001011000110001000000,ensemble
5,0.9999971146079946,0.9997686832369772,0.45941303270472067,0.988203147123815,0.9966540543778879,,ergodic
6,0.0009641898991238351,0.002036663098677338,0.006767747164938331,0.004768383038276536,0.004473780717805909,,complexity
