,Avg Cell Entropy,Avg Stable Cell Entropy,Last Cell Entropy,Stable diag LR,Stable diag RL,Initial,Kind
0,0.9960024574958297,0.9916495422003218,0.99819587904281,0.9718357926389833,0.9887083532026233,00110001000100000000000100000000000010000000000000000000000010000101000000000100010010000000000000000000000001100100111000000000001000000000000000000000000000000000010000000000000000000100010000001000,ensemble
1,0.9940855761144056,0.9915630358657362,0.9993506898146105,0.9671238762001189,0.9885480218463203,01000000000100001000000001000010000000000000000000000000000000000000000000000000000000110000000000000000000000001000010000000000000000000000000110000000010010001000000000000000000000000000000001000000,ensemble
2,0.9966596587305147,0.9945046636110715,1.0,0.9712085858879707,0.9849904727010262,00000000100000000110000000000000011000001000000000000000000000000100000000000011000001000000000010100000000001010000000000000000101000000000010100000000000010000001001000010001000000000000010000000001,ensemble
3,0.9954390952027058,0.9916849671843678,1.0,0.9780720172745095,0.9871733735089095,00001000000000000000100000000100000000000000000000000000000000000010000100101011010000100010000100010100000000000000000000000010100000100000000010000000000001000000000000101010001110000100100100010000,ensemble
4,0.9963182990648545,0.9914441556566364,0.9988455359952018,0.9725877144635127,0.9877069179650322,00000100001000000100001000000000010000000100000001000000010000001000000000010000010000100000011000000000000000000100000000000000000000000000000010000000000000000000100000000000000000000010000110011000,ensemble
5,0.9989828940937059,0.9985481833897687,0.9998961234639354,0.9859924361537449,0.9946860200374706,,ergodic
6,0.003285218186865113,0.006388184959174925,0.0006177666648721214,0.014023270720679104,0.0072993809568319135,,complexity
