,Avg Cell Entropy,Avg Stable Cell Entropy,Last Cell Entropy,Stable diag LR,Stable diag RL,Initial,Kind
0,0.9999462576316934,0.9999278604382025,0.08079313589591118,0.9919966532128544,0.9916178007893056,00000000000000000000000100000000100001000000000000100101100000000000000000010000000000100100010000000000000000000000000000010100000001010100000001000000110000000000000000000000000000000001000000000000,ensemble
1,0.9999448149126933,0.9999278604382025,0.08079313589591118,0.9921439276328721,0.9921469887995992,01000000000000010000001000000000001000000000000000000100000000000001010000001000000000001010000100000000000000000000100000100000000010000010001100000000110000000000000000100000000010000101100000000000,ensemble
2,0.9999469786304042,0.9999278604382025,0.08079313589591118,0.988553775694783,0.9920609582687261,00000000000000100000000101000010000000000100000111000000000100010000000000000000000000000000011000000000000110000000000100000000010000000001000000000000000000000000001000000001010000000100000100000000,ensemble
3,0.9999520290853205,0.9999278604382025,0.11236071009937676,0.9921180282535286,0.9918634267493627,00000000000000000100000000000000000000000001000010000000000000010000111010000000000100100001001000000000000000000110010000000000000001000000000100000000000000000110000000000000000000100000000001000000,ensemble
4,0.9998589668496186,0.999792212650259,0.16866093149667025,0.9919891057904492,0.9920498838496045,00000000000101100000000000100000000000000000010100000000000000000010000000000000001100100100000001000100000000000100000000000000000000010000000000000000000000100000000001000000000000110110001000000000,ensemble
5,0.9999575407756504,0.9999569491320153,0.10627369308465985,0.9965070262397869,0.996379376921926,,ergodic
6,2.7732531206137168e-05,5.622067175015122e-05,0.014994145603224096,0.005164768523820751,0.0044476685620457035,,complexity
