,Avg Cell Entropy,Avg Stable Cell Entropy,Last Cell Entropy,Stable diag LR,Stable diag RL,Initial,Kind
0,0.5835790515219496,0.5811209132658801,0.584238811642856,0.0333951328829705,0.5651404898764886,00000000011000000010000000100000010000000001001000100000000000000000100000100001000000000000000001000000100000001000110010000001000000000010010000001000000000000000000000000000011000000001100000000000,ensemble
1,0.46811654652215007,0.4639718377253893,0.4689955935892812,0.020058186735076033,0.44556399419392156,00010000010010000000000000001000000001000000001000001000000000000010000010000100000111000000000000000000001000000000000000000000000000000000000010000000000000100000000000100000000000000000011000000000,ensemble
2,0.3842204219853596,0.3745956305546496,0.38431154412649704,0.013363318217737154,0.3671060756246603,00000000100000011000000000000010000100000000000000000000100000100000000000000000000000000000000010000000001000000000000000000000000000000000000000000000000000010000000000000001110100000000010000010000,ensemble
3,0.34668151267948305,0.3443410998799413,0.34698128810061335,0.006688963210702341,0.34915296270735324,00000000000000000000000000000001000000000100000000000000100000010100000000000000000000000000010010000001000000100000000000001000000000000000000000000000000000000000000000000000000110000000000000001000,ensemble
4,0.499733538986045,0.4915056913985785,0.499915958164528,0.006688963210702341,0.44370648661426615,00000000001001000100000010010000000000100001010000000100000000010000000000010000000000000000000100000000000000000000000000000000010000000100000100000000010000000000000100000001000000001100001000001000,ensemble
5,0.4624190036893128,0.4602843694497285,0.462623491762443,0.1453515991193578,0.47659226556493006,,ergodic
6,0.012873150330808825,0.019938402200822658,0.012396371433365916,0.8896543763631588,0.08908718590148335,,complexity
