,Avg Cell Entropy,Avg Stable Cell Entropy,Last Cell Entropy,Stable diag LR,Stable diag RL,Initial,Kind
0,0.9965208710073787,0.9918928642949959,0.9877746553159469,0.9767886284826733,0.985780387640616,00000001001000000000010010000000000001010000001000000010101000000000000001100000010001000001000001000000000000000000000010000000000100010000001000000000001000000010000010000011000000000000000000000000,ensemble
1,0.9970142971209891,0.9932950746874993,0.9974015885677396,0.9658352039422128,0.98666502197714,00000000000000000000000000000000000000000000100100000000000000000000000000000000000000000000000011000000000000000000000000000000001000000000001000000001000100100000000100000000000000010000000000001000,ensemble
2,0.9965358826996481,0.9940707671131764,0.9858150371789198,0.9615860764028816,0.9860353565345422,00000100100000000000101001100100000000000000001000000000000000001000000000100001000000000000000000000000000000000000000000000000000000001000001000000000000000100000000000010000000000100110000000001000,ensemble
3,0.9962125669516911,0.9930643639097384,0.9993506898146105,0.9684943618078142,0.9860688321216567,00000001010011000000000000100000000000000000000000001000000010000001001000001000000000000100100000000000001000000000000000011000110000000000010000000000000000000000000000000000000000110000001000000010,ensemble
4,0.9973316764848825,0.9938975032047646,0.9997114417528099,0.96695971382429,0.9852138488759938,10000000000000000000000010000010000000001000000000000000000000000000000000100000100000000000000000000000000000000000000000000010100000010000010000000000000000000000010000110100000100000001000000010000,ensemble
5,0.9992669723049648,0.9987099481278507,0.9999884584088952,0.9861060484112082,0.9928269624245404,,ergodic
6,0.002545779578983609,0.005472893802712098,0.005977844876731031,0.018429307424403518,0.0069239386667776515,,complexity
