,Avg Cell Entropy,Avg Stable Cell Entropy,Last Cell Entropy,Stable diag LR,Stable diag RL,Initial,Kind
0,0.9673534642778969,0.9632826564067836,0.9790514648094594,0.8818336871813509,0.9706215055554255,10000000101000010000000000000000000000000001100000001001010100000000000000101000000000000000000000000001001000100100000000000000000000000000100000000000000000000000100000000010000001010000000001000000,ensemble
1,0.9890211122286532,0.9810597573466532,0.9467554496831931,0.8585359897619929,0.9782502861555021,00000000000000000000000000000000010100010000000100000000000100000000000010001000010000010000000000000000100000001000100000000000000000000000100000000000000000000000001001000100000000000000000000000000,ensemble
2,0.9866200639923411,0.9826892051699642,0.9679505356936394,0.8718665381993678,0.9796492047670303,00000000000000000000000101000000000000000010000000000000101000000000110100010000000010000000001000000000000011001010001000000000000000000000000000010000100000000101010001000010000000000000000000100000,ensemble
3,0.9882601892771327,0.9848781613686555,0.9426831892554922,0.8819662109185831,0.9793352668232287,10000001000000010000010000010000000000000000000000100000100100010000000000000000000000000001000010000000000000000000000000010000000000000000000000000001001100001000100000000000000000000010000000000000,ensemble
4,0.9768112466102141,0.9741994355148814,0.9877746553159469,0.8751632245586015,0.9747047943091897,00000000000000000000000000000010100000010001000000000000000100000000000000000100110000000000000100000000000000100010000010000000010000000000010000000000010000010000000000000000000000010100000000010000,ensemble
5,0.989145681424771,0.9881935687828807,0.9673324338116666,0.9307475260681075,0.9837178905825718,,ergodic
6,0.007615123119856015,0.011102810186274015,0.002573442978967666,0.061106147855574666,0.007324944610115014,,complexity
