,Avg Cell Entropy,Avg Stable Cell Entropy,Last Cell Entropy,Stable diag LR,Stable diag RL,Initial,Kind
0,0.9610894817708586,0.975847594282213,0.9988455359952018,0.9165750581293077,0.9313223729352307,00001001000000000000000000000000000000000000000010000000000000000000000000000000000000000000000000000000000000000000100000000000000001010001000000001000000000000001000000000110000000000100010000001000,ensemble
1,0.9856055908255589,0.9840282025795872,0.9953784388202258,0.937250483321231,0.9281460302316683,00101000000000000100000001100000000000000001001000000000000000100000000000000001000000000000000001010010110000001000000000000000011100010000000000000000000010000000000000100000010000000001001000000000,ensemble
2,0.9855451064742798,0.989452488450506,1.0,0.9604058630965934,0.9575933752715828,00000000000000000000000000001100000010000000000000000101001000001000100000010001000000000000001000000000000000010000010000000000010000000000100000000000100000010000000000001000000100000000000000000000,ensemble
3,0.9794933521507694,0.9863162563008478,0.9974015885677396,0.9512993134441005,0.9427923559422541,01000100010000001000000001010000000000000010000000100001000000000000000000000000100000000000001000000000000000001000000000000000000000000001000101000000000000000000000000010000000101000000011000100000,ensemble
4,0.9815781580933987,0.9843249727409359,0.9895875212220557,0.9483472269562006,0.9490351707031983,01000000010000000000000010000000000000010000000000000000000000000100000000001100000000000010000000010000000000000000000000010000100000000000010100010000000001010000100000000100010010000000000001000000,ensemble
5,0.9842366232746498,0.9921935998361968,0.9990649315776107,0.9620573448905675,0.9657740167338226,,ergodic
6,0.005663562277463896,0.008264210701150021,0.0028249561838883386,0.020042210584935716,0.024846553439270336,,complexity
