,Avg Cell Entropy,Avg Stable Cell Entropy,Last Cell Entropy,Stable diag LR,Stable diag RL,Initial,Kind
0,0.8896444436054659,0.88,0.8414646362081757,0.9819072284981348,0.9784976425546491,01000000000000100010000100000000000000000000000000101000000100000000000000001000000000000000010010010000000000000010000010000000000000100001000000001001000000000000000000000000000001000010000000000000,ensemble
1,0.8636833932958816,0.85,0.8931734583778568,0.9779669989361016,0.9778426915992461,00000000001000100000010000100000010000000010000000000100000000110000000001000001000000000000001000001000010001000000000001010100000000101001000000000000000000001010000101110000001000000000000000000000,ensemble
2,0.9264152429280316,0.92,0.6343095546405662,0.9858312749665806,0.9863261167473635,00000001001001000000000000000000000000000000000000001000100110000101010000000000000000000000000000010000000000001110100000000000000000000000000000000000000000000000100000000001000000000000000000011000,ensemble
3,0.8826111285783926,0.87,0.7950402793845223,0.9818924269142593,0.9816800391086594,00000000000000000000000000000000000000000000101000100000001000001001000111100000000100010000000000000001000100000000000000010000010000001000000000000000000000100000000111000000000000100010000000000000,ensemble
4,0.8994123533600655,0.89,0.6690158350565576,0.9837581455088789,0.9843413790123297,00000010000000000011000000000010000000000000001000000000000000001000000000000100000000000000000101000000000000000100000000000000000100001110100000000000000000001000001011000000000000000000000000000000,ensemble
5,0.9748436204519862,0.9735874508876436,0.7797504591523332,0.9867654261009587,0.9872576154203574,,ergodic
6,0.08461901618658829,0.09407213579441798,0.01686399317172904,0.004554487842086008,0.005591287957356084,,complexity
