,Avg Cell Entropy,Avg Stable Cell Entropy,Last Cell Entropy,Stable diag LR,Stable diag RL,Initial,Kind
0,0.17048143309732403,0.0,0.9997114417528099,0.9916248367421291,0.9916248367421291,00010000000000000000000000000000000000000000000100010000000000000000000010000000000000000000000100000000000001100000000000000001100000000000000000000000000101000000000000000010000000010000000110010000,ensemble
1,0.1866791256388739,0.0,0.9997114417528099,0.9919146817315961,0.9919146817315962,00010000000001000100000000000000000000000000100000000000000000001100000000000000000000000000010101000000000000000010000000000000000000000000000000000000000000000000010000000000010001000001000000000000,ensemble
2,0.13827408606791555,0.0,0.9988455359952018,0.991115449315728,0.991115449315728,00000000000000100000000011000000000100000010100000000010000000100000000000000000010000000000001000010000100010000000000000000000001000000000010000000100010011000000000000000000000000000000000000100000,ensemble
3,0.16476665051807085,0.0,0.9988455359952018,0.9909931041576897,0.9909931041576897,00001100001000100000000000000000000000000001000000100000000000000000000000000100000000100000001000011000000000000010000100100000000010001000000000000000000000001010000000000000000000000000000000000000,ensemble
4,0.13439078716791836,0.0,0.9988455359952018,0.9910976640817625,0.9910976640817623,00000000000010000000000000010000000010001000000010001000000001001010000000000000000000000100000000000001000000010000010000000000000001000000001000000000000000000000010000010000000000000000000000000010,ensemble
5,0.8834362120144337,0.8651278898314547,0.9992612140227841,0.9956430552069846,0.9959529348622387,,ergodic
6,0.820113309442398,1.0,6.936697188519858e-05,0.004312698189122499,0.004622495195613308,,complexity
