,Avg Cell Entropy,Avg Stable Cell Entropy,Last Cell Entropy,Stable diag LR,Stable diag RL,Initial,Kind
0,0.11255477380941004,0.0,0.99819587904281,0.9901721511672846,0.9901721511672846,01100000000001000010000000000000000001100011000000000000011000000000000000000000000000000100000000000000100011010100000100000000000000000001000000000010000000100000000001000100000010000010000000000000,ensemble
1,0.10749881835664196,0.0,0.9993506898146105,0.9915932375229628,0.991593237522963,00000000000000100000000000100000000000000000000100000000000000000000000010001000000000000000100000000001000000000001000000001000110001000000000100000000010001000000000001001000000000001000000010000000,ensemble
2,0.12180249150343761,0.0,0.9988455359952018,0.9863478942991709,0.9863478942991709,10000000000001000000000000000000000001000000000001000000000010100000000000000000000000110000100100000010001000000001000000000000000000000000000000000101000100000000000001011000100100000010000000000000,ensemble
3,0.09861089993086022,0.0,0.9974015885677396,0.9871292862571369,0.9871292862571369,00010000000000000000001000000000000000000100010000000000010110010000000000000000100000000000000000000100000000000000000001100000010010100000000100000100000000001000000000010000001100100000000100100100,ensemble
4,0.12982929303098423,0.0,0.9974015885677396,0.9900016654692666,0.9900016654692666,00000010000000000010000000000000000000000000000000000001000000000000001010000000000000000000000001001001000010000000000001000000000001001000010000000000000001000000000010000000000000000100000000000010,ensemble
5,0.766161904283,0.739143848897602,0.9983373765218819,0.9948470647483423,0.9946847203608814,,ergodic
6,0.8511290437586984,1.0,9.848386584920821e-05,0.005828250402130641,0.005665989737604571,,complexity
