,Avg Cell Entropy,Avg Stable Cell Entropy,Last Cell Entropy,Stable diag LR,Stable diag RL,Initial,Kind
0,0.22756104471882613,0.07509342901064969,0.9997114417528099,0.9829201581007075,0.9798339108017832,00001000101000001000000000110000000000000000000100001001000000000000001000000000000000000000000000000000010000001000100000010010001000000000000000000000000000000000000000000000000000000000000010000001,ensemble
1,0.19063854533188604,0.05,0.99819587904281,0.9790416065088616,0.9790246989147128,00010000110000001101000000000100000000000000000000000000010010000000000000000000010000100010000000010000101000000010000000000000000100000000000010010000100000000000000000000000010000000000000001000100,ensemble
2,0.20410048466724437,0.05839745077752758,0.9927744539878084,0.9855706882289468,0.9855761124852757,10001100000000000000000000000000000100000000000000000000000000000000000000000000000000000000000001000100011000000101000000100000000000000000000000010001000000000100010000000000000010000000000110000000,ensemble
3,0.20530224533401514,0.09349087978817729,0.9964625048848765,0.9886296367159112,0.9888861404850113,00000000000100000000000000000001000000000000100010000001000000000011110000001001000100000001000000000000000000000000000001000010000000000000000000000110000010000000000000010000000001010000000000000000,ensemble
4,0.23325742186367912,0.1316904839218388,0.99819587904281,0.9788031066614703,0.9789278431576032,00000000001000000000000000000001001000000000100000000000000000010000010000000000100000000001000000000000000000100010000100000010100001000000000000000000000000000000010000000000100001100000010000000000,ensemble
5,0.8622379606604015,0.842675240175503,0.9975720245861465,0.9883234397174496,0.9854645788491038,,ergodic
6,0.7539287782915236,0.9030059923409925,0.0005052195044589203,0.00539337656080896,0.003059305981091276,,complexity
