,Avg Cell Entropy,Avg Stable Cell Entropy,Last Cell Entropy,Stable diag LR,Stable diag RL,Initial,Kind
0,0.9452227453044085,0.945,0.14144054254182067,0.9920041718693634,0.9918523108710361,00000000000001100000000001000000000100000000000000000000000000000000000000001010000000000000100000000010000000000000000000000010000001000000000101000000000000010000000000000101110000000100100010000000,ensemble
1,0.9999953111629679,1.0,0.0,0.9921952426870889,0.9921952426870889,10000001000000000000000000000100000000001000000000000000000000000001000000000000010000000010000000000000000000000000000000000000100000001000000000000000000010000000010000000000000010000000000000100000,ensemble
2,0.9549938684438811,0.955,0.11236071009937676,0.9916979542840049,0.9917372123614943,00000010000000000000000101000001100000000000001100000000001000100010010010000000001000000000000010000000000000000010100000000000000000000000000000000010000100000010100000001000100010000000000000000000,ensemble
3,0.9102223846246369,0.91,0.19439185783157623,0.9908381145991411,0.9908935901655572,00000001110000000010000100000000001010000100000000000000000010110000000000000000000000000000001000000011010000010001010000000000000010000000000000001000000010000001000000000100000000000101000000010000,ensemble
4,0.9699949504831963,0.97,0.08079313589591118,0.9920535083014118,0.9920539316171667,00000000000000000000100010000000010000000000000000110000001010000000000000001000010000000000000001000000000000001000000000000000000000000001001010001000000000000000000001000000000100000000000000010000,ensemble
5,0.9944609700346894,0.9944680555534471,0.11236071009937676,0.9964397279144581,0.9964601527302865,,ergodic
6,0.03858886289879493,0.038682042463433874,0.05841419852041496,0.004698658067413208,0.004730440225735544,,complexity
