,Avg Cell Entropy,Avg Stable Cell Entropy,Last Cell Entropy,Stable diag LR,Stable diag RL,Initial,Kind
0,0.004895253669000581,0.0,0.0,0.0,0.0,00110000000000000100000000000010010000000000000000000000000001000001100000000100000001000000100100000001000001000000000000000000010000010010000000000000000000000000000001000010000000000000010000000000,ensemble
1,0.005903910003393234,0.0,0.0,0.0,0.0,00000100010000000000000000001000000101001010000000000010000000001010000100000000001000100000000000000000000100000010000000000000000010100000000010000000000000010001000000000010000100000000000000000000,ensemble
2,0.005930258489628662,0.0,0.0,0.0,0.0,00000000001000000000001000000000000000000000001000000000000000000000000000000000001010000000000000000000000000110100000100000000000100101010000000110001000000000000000000000010001000000000000100000000,ensemble
3,0.006661660118493961,0.0,0.0,0.0,0.0,00000000000000000001010000000000000000010000010101001001000000000000000000000000100010000011000000100001000000000000000010000100000000000000100000110010000000000001000010000100000000000000000010000000,ensemble
4,0.005349400592338523,0.0,0.0,0.0,0.0,00000000000000000000000100100000010010001000000010000000010000000000000000000000000000000010000000101000000000000000011010010000000001000000100010000000000000010000000000000000000000000000000100000100,ensemble
5,0.006980158773633911,0.0,0.0,0.0,0.0,,ergodic
6,0.17650919399094134,0.0,0.0,0.0,0.0,,complexity
