,Avg Cell Entropy,Avg Stable Cell Entropy,Last Cell Entropy,Stable diag LR,Stable diag RL,Initial,Kind
0,0.9864891843402133,0.984411912898381,0.8485481782946158,0.9649083113934175,0.9075342363981902,10000000000000000000000010000000000000000000000001000000000000010000000000000000000000001100000000001000000000000000000000000001000010000000000001000000000000010000000000000001000000000001010000000000,ensemble
1,0.9618254116373035,0.9524632684547228,0.9858150371789198,0.9353653547920688,0.8677808787053075,10100000000010100101001000000000000100000000000000100010010000010000000000000000100000000000000000000001000101000000000000000000000000000000000001000000000000001000001000000000000000000000000100100100,ensemble
2,0.9655967704180328,0.9626109458043139,0.9912540071703689,0.9509414639952033,0.8575374097936075,00001000000000000000001000000000110000000000000000000000000000110010000000000001000000000000000000100000000000000010000000001000100000000010000100000001000000000001001000000000000010100000000000010000,ensemble
3,0.9585531288052717,0.9557133690353021,0.9927744539878084,0.9414424221276027,0.8575906075980022,00000000100000001000000000010000000000100000000100000000001000001001000000000000000000000010000100000000000000001000000000000000101000000000100100000001100000000010000001000010000000100000000000001000,ensemble
4,0.9780942144284827,0.97483685655188,0.9467554496831931,0.968536068848355,0.8847455991202495,00000000001000000100000001000000000000001000000000000000000000000000010000000000000000000000001000000000000000000000000000000100001000100001000000000000000000000110000000000000000011000000000000010000,ensemble
5,0.97258196873178,0.9705468911674399,0.9899325174518772,0.9653186853764845,0.919991860123094,,ergodic
6,0.0025398649011972863,0.004677384122120487,0.03727839174723335,0.013549889112582147,0.0488635995040303,,complexity
