,Avg Cell Entropy,Avg Stable Cell Entropy,Last Cell Entropy,Stable diag LR,Stable diag RL,Initial,Kind
0,0.48464390045435457,0.4786403659066943,0.48464773973144537,0.4459283894401503,0.0,10000000000100000000000000000100000101000100000100010000000100000000000011000100000000000010000000000000000000000000000000000000000000000001000100000000000000000010010000000010000000000100000000011000,ensemble
1,0.46899358909298205,0.46096737908755203,0.4689955935892812,0.45331445315442054,0.0,00001100000000000000001000001010001000000100000000000100010000001000000001001001000000000000000101000000000000000000001000000000000000000001000000000000000100000000000000000000000000000000000100001000,ensemble
2,0.48464582009289997,0.47893589653912216,0.48464773973144537,0.47209700747753686,0.0,00000100000000010001100000000000100010000000000000000000000000000000000000000000100010000001000000000010000000000000000000000000001000000101000000000001000000000000001000100010010010010000000000000010,ensemble
3,0.5574334005262966,0.5527257121397552,0.5574381850279891,0.48709938046284645,0.0,00000000100000100000000100101000101000000000010001000000000100000000000000011010000000010110000001000100000000000000010100000000000000000100000000000100001100001000000000000000000010000000000000000000,ensemble
4,0.45293835133007143,0.4521759109733454,0.4529425481872832,0.4206414694646219,0.0,00000000001100100000000000000000000100000000000100000000100000000011000000000000000000000000000010000000000100000000100000000000100000010100000000000100000000000100000010000010000000010000000000000000,ensemble
5,0.4907995236139613,0.48968758171248183,0.49080020306391225,0.45351790026463523,0.1429529555545667,,ergodic
6,0.0021770830313209144,0.010207587388080475,0.0021716409320322594,-0.0050675832948134936,1.0,,complexity
