,Avg Cell Entropy,Avg Stable Cell Entropy,Last Cell Entropy,Stable diag LR,Stable diag RL,Initial,Kind
0,0.9978371262518817,0.9982269381103055,0.9988455359952018,0.28467809260187926,0.0,00000000100000000000000000000001000110010000000000000000000000000100000100000000000000000000000001000001000000101010000100000101000010000000000000000000100000000010000100101000000101000001000100000000,ensemble
1,0.9983857938217571,0.9982963217703186,0.9988455359952018,0.7019458302672859,0.0,00001010000000010000000000010000010000000101010001000000000000000000000010000010000000000001000010000000000010001000000001000000100100100001000000000110000000001010000000001100000000000100000001000000,ensemble
2,0.9987964663493923,0.9994111863394207,0.9997114417528099,0.21388066904960873,0.06419813898130163,00000000000010000000000000000000100000000000000000000000100000000000000000000000000010000000100000000000000010000000010000000000000010010010001100010000000010000000000000011000000000100000000000000000,ensemble
3,0.9967501196519346,0.9977029202427101,0.9988455359952018,0.32536982258630126,0.06968143281556381,00000001011010000100000000000000000000001001000100000010000000000000000001100000000000000000000000000000000000000000110000100010010001010010000000000000000000000000010000001000000000000000100000000001,ensemble
4,0.997917303405888,0.998735365495483,0.9993506898146105,0.272059524902532,0.08042112325371781,00000000000000000010000001000100000010000000000000000000000000000010000000000100000000000000001000000000000000000011000101000000000000000000000010000000000010000000000000000001000010100000000000000000,ensemble
5,0.9988584217301972,0.9990811373913151,0.9991659615315874,0.6715026064180178,0.3971986736524478,,ergodic
6,0.0009221124976160899,0.0006071488860768248,4.625219709386563e-05,0.464504255910997,0.8920939523387743,,complexity
